STATE,STATENAME,ST_CASE,PEDS,PERNOTMVIT,VE_TOTAL,VE_FORMS,PVH_INVL,PERSONS,PERMVIT,COUNTY,COUNTYNAME,CITY,CITYNAME,MONTH,MONTHNAME,DAY,DAYNAME,DAY_WEEK,DAY_WEEKNAME,YEAR,HOUR,HOURNAME,MINUTE,MINUTENAME,TWAY_ID,TWAY_ID2,ROUTE,ROUTENAME,RUR_URB,RUR_URBNAME,FUNC_SYS,FUNC_SYSNAME,RD_OWNER,RD_OWNERNAME,NHS,NHSNAME,SP_JUR,SP_JURNAME,MILEPT,MILEPTNAME,LATITUDE,LATITUDENAME,LONGITUD,LONGITUDNAME,HARM_EV,HARM_EVNAME,MAN_COLL,MAN_COLLNAME,RELJCT1,RELJCT1NAME,RELJCT2,RELJCT2NAME,TYP_INT,TYP_INTNAME,REL_ROAD,REL_ROADNAME,WRK_ZONE,WRK_ZONENAME,LGT_COND,LGT_CONDNAME,WEATHER,WEATHERNAME,SCH_BUS,SCH_BUSNAME,RAIL,RAILNAME,NOT_HOUR,NOT_HOURNAME,NOT_MIN,NOT_MINNAME,ARR_HOUR,ARR_HOURNAME,ARR_MIN,ARR_MINNAME,HOSP_HR,HOSP_HRNAME,HOSP_MN,HOSP_MNNAME,FATALS
6,California,60763,0,0,1,1,0,3,3,99,STANISLAUS (99),0,NOT APPLICABLE,7,July,20,20,4,Wednesday,2022,23,11:00pm-11:59pm,7,7,FINNEY RD,NA,8,Other,1,Rural,7,Local,2,County Highway Agency,0,This section IS NOT on the NHS,0,No Special Jurisdiction,99998,Not Reported,37.67384167,37.67384167,-121.08600278,-121.08600278,38,Fence,0,The First Harmful Event was Not a Collision with a Motor Vehicle in Transport,0,No,1,Non-Junction,1,Not an Intersection,5,Outside Trafficway,0,None,2,Dark - Not Lighted,1,Clear,0,No,0000000,Not Applicable,99,Unknown,99,Unknown,99,Unknown EMS Scene Arrival Hour,99,Unknown EMS Scene Arrival Minutes,99,Unknown,99,Unknown EMS Hospital Arrival Time,1
6,California,60764,0,0,3,3,0,3,3,31,KINGS (31),0,NOT APPLICABLE,5,May,3,3,3,Tuesday,2022,21,9:00pm-9:59pm,10,10,AVENAL CUTOFF RD,NA,8,Other,1,Rural,4,Minor Arterial,2,County Highway Agency,0,This section IS NOT on the NHS,0,No Special Jurisdiction,99998,Not Reported,36.20626667,36.20626667,-119.92381111,-119.92381111,12,Motor Vehicle In-Transport,6,Angle,0,No,1,Non-Junction,1,Not an Intersection,1,On Roadway,0,None,2,Dark - Not Lighted,1,Clear,0,No,0000000,Not Applicable,99,Unknown,99,Unknown,99,Unknown EMS Scene Arrival Hour,99,Unknown EMS Scene Arrival Minutes,99,Unknown,99,Unknown EMS Hospital Arrival Time,1
6,California,60765,0,0,2,2,0,4,4,39,MADERA (39),0,NOT APPLICABLE,5,May,8,8,1,Sunday,2022,21,9:00pm-9:59pm,15,15,RD 426 CRANE VALLEY RD,NA,9,Unknown,1,Rural,5,Major Collector,98,Not Reported,0,This section IS NOT on the NHS,1,National Park Service,0,None,37.32811389,37.32811389,-119.64820278,-119.64820278,12,Motor Vehicle In-Transport,7,Sideswipe - Same Direction,0,No,1,Non-Junction,1,Not an Intersection,1,On Roadway,0,None,3,Dark - Lighted,1,Clear,0,No,0000000,Not Applicable,21,9:00pm-9:59pm,15,15,21,9:00pm-9:59pm,22,22,99,Unknown,99,Unknown EMS Hospital Arrival Time,2
6,California,60766,0,0,1,1,0,4,4,47,MERCED (47),0,NOT APPLICABLE,6,June,24,24,6,Friday,2022,18,6:00pm-6:59pm,20,20,REYNOLDS AVE,NA,8,Other,2,Urban,7,Local,2,County Highway Agency,0,This section IS NOT on the NHS,0,No Special Jurisdiction,99998,Not Reported,36.99210833,36.99210833,-120.64466111,-120.64466111,1,Rollover/Overturn,0,The First Harmful Event was Not a Collision with a Motor Vehicle in Transport,0,No,1,Non-Junction,1,Not an Intersection,1,On Roadway,0,None,1,Daylight,10,Cloudy,0,No,0000000,Not Applicable,99,Unknown,99,Unknown,99,Unknown EMS Scene Arrival Hour,99,Unknown EMS Scene Arrival Minutes,99,Unknown,99,Unknown EMS Hospital Arrival Time,1
6,California,60767,1,1,1,1,0,1,1,37,LOS ANGELES (37),1980,LOS ANGELES,3,March,8,8,3,Tuesday,2022,23,11:00pm-11:59pm,35,35,I-5 GOLDEN STATE FREEWAY,NA,1,Interstate,2,Urban,1,Interstate,1,State Highway Agency,1,This section IS ON the NHS,0,No Special Jurisdiction,179,179,34.04752222,34.04752222,-118.21482778,-118.21482778,8,Pedestrian,0,The First Harmful Event was Not a Collision with a Motor Vehicle in Transport,1,Yes,20,Entrance/Exit Ramp,1,Not an Intersection,1,On Roadway,0,None,2,Dark - Not Lighted,1,Clear,0,No,0000000,Not Applicable,23,11:00pm-11:59pm,99,Unknown,23,11:00pm-11:59pm,99,Unknown EMS Scene Arrival Minutes,88,Not Applicable (Not Transported),88,Not Applicable (Not Transported),1
6,California,60768,0,0,1,1,0,1,1,47,MERCED (47),0,NOT APPLICABLE,7,July,15,15,6,Friday,2022,21,9:00pm-9:59pm,50,50,CR-J18 RIVER RD,NA,4,County Road,1,Rural,5,Major Collector,2,County Highway Agency,0,This section IS NOT on the NHS,0,No Special Jurisdiction,99998,Not Reported,37.34638333,37.34638333,-120.9477,-120.9477,42,Tree (Standing Only),0,The First Harmful Event was Not a Collision with a Motor Vehicle in Transport,0,No,1,Non-Junction,1,Not an Intersection,4,On Roadside,0,None,2,Dark - Not Lighted,1,Clear,0,No,0000000,Not Applicable,21,9:00pm-9:59pm,99,Unknown,99,Unknown EMS Scene Arrival Hour,99,Unknown EMS Scene Arrival Minutes,88,Not Applicable (Not Transported),88,Not Applicable (Not Transported),1
6,California,60769,0,0,2,2,0,4,4,85,SANTA CLARA (85),3340,SAN JOSE,5,May,1,1,1,Sunday,2022,6,6:00am-6:59am,15,15,US-101,NA,2,US Highway,2,Urban,2,Principal Arterial - Other Freeways and Expressways,1,State Highway Agency,1,This section IS ON the NHS,0,No Special Jurisdiction,318,318,37.30443333,37.30443333,-121.81822222,-121.81822222,12,Motor Vehicle In-Transport,1,Front-to-Rear,0,No,1,Non-Junction,1,Not an Intersection,1,On Roadway,0,None,1,Daylight,1,Clear,0,No,0000000,Not Applicable,99,Unknown,99,Unknown,99,Unknown EMS Scene Arrival Hour,99,Unknown EMS Scene Arrival Minutes,99,Unknown,99,Unknown EMS Hospital Arrival Time,1
6,California,60770,1,1,1,1,0,1,1,37,LOS ANGELES (37),1980,LOS ANGELES,2,February,17,17,5,Thursday,2022,0,0:00am-0:59am,5,5,SR-110 ARROYO SECO PKWY,NA,3,State Highway,2,Urban,2,Principal Arterial - Other Freeways and Expressways,1,State Highway Agency,1,This section IS ON the NHS,0,No Special Jurisdiction,288,288,34.1086,34.1086,-118.1851,-118.1851,9,Pedalcyclist,0,The First Harmful Event was Not a Collision with a Motor Vehicle in Transport,0,No,1,Non-Junction,1,Not an Intersection,1,On Roadway,0,None,3,Dark - Lighted,1,Clear,0,No,0000000,Not Applicable,0,0:00am-0:59am,99,Unknown,0,0:00am-0:59am,99,Unknown EMS Scene Arrival Minutes,88,Not Applicable (Not Transported),88,Not Applicable (Not Transported),1
6,California,60771,0,0,2,2,0,2,2,25,IMPERIAL (25),0,NOT APPLICABLE,8,August,2,2,3,Tuesday,2022,12,12:00pm-12:59pm,57,57,SR-111,NA,3,State Highway,2,Urban,3,Principal Arterial - Other,1,State Highway Agency,1,This section IS ON the NHS,0,No Special Jurisdiction,116,116,32.83189167,32.83189167,-115.50048056,-115.50048056,1,Rollover/Overturn,0,The First Harmful Event was Not a Collision with a Motor Vehicle in Transport,0,No,1,Non-Junction,1,Not an Intersection,3,On Median,0,None,1,Daylight,1,Clear,0,No,0000000,Not Applicable,99,Unknown,99,Unknown,99,Unknown EMS Scene Arrival Hour,99,Unknown EMS Scene Arrival Minutes,99,Unknown,99,Unknown EMS Hospital Arrival Time,1
6,California,60772,0,0,2,2,0,3,3,83,SANTA BARBARA (83),0,NOT APPLICABLE,3,March,4,4,6,Friday,2022,20,8:00pm-8:59pm,59,59,SR-135,NA,3,State Highway,2,Urban,3,Principal Arterial - Other,1,State Highway Agency,1,This section IS ON the NHS,0,No Special Jurisdiction,103,103,34.87515833,34.87515833,-120.43668333,-120.43668333,12,Motor Vehicle In-Transport,2,Front-to-Front,0,No,1,Non-Junction,1,Not an Intersection,1,On Roadway,0,None,2,Dark - Not Lighted,10,Cloudy,0,No,0000000,Not Applicable,99,Unknown,99,Unknown,99,Unknown EMS Scene Arrival Hour,99,Unknown EMS Scene Arrival Minutes,99,Unknown,99,Unknown EMS Hospital Arrival Time,1
6,California,60773,0,0,1,1,0,1,1,83,SANTA BARBARA (83),0,NOT APPLICABLE,3,March,18,18,6,Friday,2022,20,8:00pm-8:59pm,27,27,US-101,NA,2,US Highway,2,Urban,2,Principal Arterial - Other Freeways and Expressways,1,State Highway Agency,1,This section IS ON the NHS,0,No Special Jurisdiction,761,761,34.79446389,34.79446389,-120.3369,-120.3369,35,Embankment,0,The First Harmful Event was Not a Collision with a Motor Vehicle in Transport,0,No,1,Non-Junction,1,Not an Intersection,4,On Roadside,0,None,2,Dark - Not Lighted,1,Clear,0,No,0000000,Not Applicable,99,Unknown,99,Unknown,99,Unknown EMS Scene Arrival Hour,99,Unknown EMS Scene Arrival Minutes,88,Not Applicable (Not Transported),88,Not Applicable (Not Transported),1
6,California,60774,1,1,4,2,2,2,2,71,SAN BERNARDINO (71),0,NOT APPLICABLE,5,May,1,1,1,Sunday,2022,11,11:00am-11:59am,55,55,CENTRAL AVE,NA,8,Other,2,Urban,3,Principal Arterial - Other,4,City or Municipal Highway Agency,0,This section IS NOT on the NHS,0,No Special Jurisdiction,99998,Not Reported,34.05186667,34.05186667,-117.68932222,-117.68932222,12,Motor Vehicle In-Transport,6,Angle,0,No,8,Driveway Access Related,1,Not an Intersection,1,On Roadway,0,None,1,Daylight,1,Clear,0,No,0000000,Not Applicable,99,Unknown,99,Unknown,99,Unknown EMS Scene Arrival Hour,99,Unknown EMS Scene Arrival Minutes,88,Not Applicable (Not Transported),88,Not Applicable (Not Transported),1
6,California,60776,0,0,1,1,0,1,1,9,CALAVERAS (9),0,NOT APPLICABLE,7,July,23,23,7,Saturday,2022,1,1:00am-1:59am,15,15,FRENCH GULF RD,NA,8,Other,1,Rural,6,Minor Collector,2,County Highway Agency,0,This section IS NOT on the NHS,0,No Special Jurisdiction,99998,Not Reported,38.13925278,38.13925278,-120.47640556,-120.47640556,38,Fence,0,The First Harmful Event was Not a Collision with a Motor Vehicle in Transport,0,No,1,Non-Junction,1,Not an Intersection,4,On Roadside,0,None,2,Dark - Not Lighted,1,Clear,0,No,0000000,Not Applicable,99,Unknown,99,Unknown,99,Unknown EMS Scene Arrival Hour,99,Unknown EMS Scene Arrival Minutes,88,Not Applicable (Not Transported),88,Not Applicable (Not Transported),1
6,California,60777,0,0,1,1,0,1,1,87,SANTA CRUZ (87),0,NOT APPLICABLE,2,February,19,19,7,Saturday,2022,0,0:00am-0:59am,58,58,SOQUEL DR,NA,9,Unknown,2,Urban,4,Minor Arterial,2,County Highway Agency,0,This section IS NOT on the NHS,0,No Special Jurisdiction,99998,Not Reported,36.98823889,36.98823889,-121.92424722,-121.92424722,38,Fence,0,The First Harmful Event was Not a Collision with a Motor Vehicle in Transport,0,No,1,Non-Junction,1,Not an Intersection,4,On Roadside,0,None,3,Dark - Lighted,1,Clear,0,No,0000000,Not Applicable,99,Unknown,99,Unknown,99,Unknown EMS Scene Arrival Hour,99,Unknown EMS Scene Arrival Minutes,88,Not Applicable (Not Transported),88,Not Applicable (Not Transported),1
6,California,60778,0,0,2,1,1,1,1,37,LOS ANGELES (37),3455,SANTA FE SPRINGS,1,January,2,2,1,Sunday,2022,19,7:00pm-7:59pm,21,21,EXCELSIOR DR,NA,6,Local Street - Municipality,2,Urban,7,Local,98,Not Reported,0,This section IS NOT on the NHS,0,No Special Jurisdiction,0,None,33.89511111,33.89511111,-118.04281389,-118.04281389,14,Parked Motor Vehicle,0,The First Harmful Event was Not a Collision with a Motor Vehicle in Transport,0,No,1,Non-Junction,1,Not an Intersection,4,On Roadside,0,None,2,Dark - Not Lighted,1,Clear,0,No,0000000,Not Applicable,99,Unknown,99,Unknown,99,Unknown EMS Scene Arrival Hour,99,Unknown EMS Scene Arrival Minutes,88,Not Applicable (Not Transported),88,Not Applicable (Not Transported),1
6,California,60779,1,1,1,1,0,1,1,23,HUMBOLDT (23),0,NOT APPLICABLE,5,May,14,14,7,Saturday,2022,3,3:00am-3:59am,28,28,US-101,NA,2,US Highway,2,Urban,3,Principal Arterial - Other,1,State Highway Agency,1,This section IS ON the NHS,0,No Special Jurisdiction,830,830,40.82334444,40.82334444,-124.0882,-124.0882,8,Pedestrian,0,The First Harmful Event was Not a Collision with a Motor Vehicle in Transport,0,No,1,Non-Junction,1,Not an Intersection,1,On Roadway,0,None,2,Dark - Not Lighted,2,Rain,0,No,0000000,Not Applicable,99,Unknown,99,Unknown,99,Unknown EMS Scene Arrival Hour,99,Unknown EMS Scene Arrival Minutes,88,Not Applicable (Not Transported),88,Not Applicable (Not Transported),1
6,California,60780,0,0,1,1,0,1,1,115,YUBA (115),0,NOT APPLICABLE,5,May,29,29,1,Sunday,2022,16,4:00pm-4:59pm,20,20,MOONSHINE RD,NA,8,Other,2,Urban,7,Local,2,County Highway Agency,0,This section IS NOT on the NHS,0,No Special Jurisdiction,99998,Not Reported,39.38687222,39.38687222,-121.08735278,-121.08735278,38,Fence,0,The First Harmful Event was Not a Collision with a Motor Vehicle in Transport,0,No,1,Non-Junction,1,Not an Intersection,4,On Roadside,0,None,1,Daylight,1,Clear,0,No,0000000,Not Applicable,99,Unknown,99,Unknown,99,Unknown EMS Scene Arrival Hour,99,Unknown EMS Scene Arrival Minutes,88,Not Applicable (Not Transported),88,Not Applicable (Not Transported),1
6,California,60781,1,1,1,1,0,1,1,71,SAN BERNARDINO (71),1305,FONTANA,5,May,22,22,1,Sunday,2022,1,1:00am-1:59am,40,40,I-10 SAN BERNARDINO FWY,NA,1,Interstate,2,Urban,1,Interstate,1,State Highway Agency,1,This section IS ON the NHS,0,No Special Jurisdiction,153,153,34.066725,34.066725,-117.45043056,-117.45043056,8,Pedestrian,0,The First Harmful Event was Not a Collision with a Motor Vehicle in Transport,0,No,1,Non-Junction,1,Not an Intersection,1,On Roadway,0,None,2,Dark - Not Lighted,1,Clear,0,No,0000000,Not Applicable,99,Unknown,99,Unknown,99,Unknown EMS Scene Arrival Hour,99,Unknown EMS Scene Arrival Minutes,88,Not Applicable (Not Transported),88,Not Applicable (Not Transported),1
6,California,60782,0,0,2,2,0,4,4,37,LOS ANGELES (37),1970,LONG BEACH,1,January,1,1,7,Saturday,2022,2,2:00am-2:59am,13,13,BROADWAY,OLIVE AVE,9,Unknown,2,Urban,4,Minor Arterial,99,Unknown,0,This section IS NOT on the NHS,0,No Special Jurisdiction,0,None,33.76921111,33.76921111,-118.18240556,-118.18240556,12,Motor Vehicle In-Transport,1,Front-to-Rear,0,No,2,Intersection,3,T-Intersection,1,On Roadway,0,None,3,Dark - Lighted,1,Clear,0,No,0000000,Not Applicable,2,2:00am-2:59am,99,Unknown,2,2:00am-2:59am,99,Unknown EMS Scene Arrival Minutes,2,2:00am-2:59am,99,Unknown EMS Hospital Arrival Time,1
6,California,60783,1,1,1,1,0,1,1,67,SACRAMENTO (67),3150,SACRAMENTO,1,January,2,2,1,Sunday,2022,1,1:00am-1:59am,20,20,FRUITRIDGE RD,NA,9,Unknown,2,Urban,3,Principal Arterial - Other,99,Unknown,1,This section IS ON the NHS,0,No Special Jurisdiction,0,None,38.52486944,38.52486944,-121.44384444,-121.44384444,33,Curb,0,The First Harmful Event was Not a Collision with a Motor Vehicle in Transport,0,No,1,Non-Junction,1,Not an Intersection,4,On Roadside,0,None,3,Dark - Lighted,1,Clear,0,No,0000000,Not Applicable,1,1:00am-1:59am,99,Unknown,1,1:00am-1:59am,99,Unknown EMS Scene Arrival Minutes,88,Not Applicable (Not Transported),88,Not Applicable (Not Transported),1
6,California,60784,0,0,1,1,0,11,11,113,YOLO (113),0,NOT APPLICABLE,5,May,26,26,5,Thursday,2022,14,2:00pm-2:59pm,55,55,COUNTY RD 14,NA,8,Other,1,Rural,5,Major Collector,2,County Highway Agency,0,This section IS NOT on the NHS,0,No Special Jurisdiction,99998,Not Reported,38.78817222,38.78817222,-121.9188,-121.9188,1,Rollover/Overturn,0,The First Harmful Event was Not a Collision with a Motor Vehicle in Transport,0,No,1,Non-Junction,1,Not an Intersection,4,On Roadside,0,None,1,Daylight,1,Clear,0,No,0000000,Not Applicable,99,Unknown,99,Unknown,99,Unknown EMS Scene Arrival Hour,99,Unknown EMS Scene Arrival Minutes,99,Unknown,99,Unknown EMS Hospital Arrival Time,4
6,California,60785,0,0,1,1,0,1,1,37,LOS ANGELES (37),1980,LOS ANGELES,3,March,4,4,6,Friday,2022,3,3:00am-3:59am,58,58,US-101 RAMP,NA,2,US Highway,2,Urban,2,Principal Arterial - Other Freeways and Expressways,1,State Highway Agency,1,This section IS ON the NHS,0,No Special Jurisdiction,99998,Not Reported,34.08525,34.08525,-118.301775,-118.301775,33,Curb,0,The First Harmful Event was Not a Collision with a Motor Vehicle in Transport,1,Yes,5,Entrance/Exit Ramp Related,1,Not an Intersection,4,On Roadside,0,None,2,Dark - Not Lighted,1,Clear,0,No,0000000,Not Applicable,99,Unknown,99,Unknown,99,Unknown EMS Scene Arrival Hour,99,Unknown EMS Scene Arrival Minutes,99,Unknown,99,Unknown EMS Hospital Arrival Time,1
6,California,60786,0,0,2,2,0,2,2,53,MONTEREY (53),0,NOT APPLICABLE,6,June,1,1,4,Wednesday,2022,0,0:00am-0:59am,49,49,SR-183,NA,3,State Highway,1,Rural,4,Minor Arterial,1,State Highway Agency,0,This section IS NOT on the NHS,0,No Special Jurisdiction,65,65,36.72981944,36.72981944,-121.733,-121.733,12,Motor Vehicle In-Transport,2,Front-to-Front,0,No,1,Non-Junction,1,Not an Intersection,1,On Roadway,0,None,2,Dark - Not Lighted,1,Clear,0,No,0000000,Not Applicable,99,Unknown,99,Unknown,99,Unknown EMS Scene Arrival Hour,99,Unknown EMS Scene Arrival Minutes,88,Not Applicable (Not Transported),88,Not Applicable (Not Transported),1
6,California,60787,0,0,1,1,0,1,1,53,MONTEREY (53),0,NOT APPLICABLE,5,May,18,18,4,Wednesday,2022,13,1:00pm-1:59pm,57,57,CATTLEMEN ROAD,NA,9,Unknown,1,Rural,7,Local,98,Not Reported,0,This section IS NOT on the NHS,0,No Special Jurisdiction,0,None,36.18188889,36.18188889,-121.06158056,-121.06158056,1,Rollover/Overturn,0,The First Harmful Event was Not a Collision with a Motor Vehicle in Transport,0,No,1,Non-Junction,1,Not an Intersection,4,On Roadside,0,None,1,Daylight,1,Clear,0,No,9999999,Unknown,14,2:00pm-2:59pm,0,0,14,2:00pm-2:59pm,9,9,88,Not Applicable (Not Transported),88,Not Applicable (Not Transported),1
6,California,60788,0,0,1,1,0,1,1,83,SANTA BARBARA (83),0,NOT APPLICABLE,6,June,8,8,4,Wednesday,2022,99,Unknown Hours,99,Unknown Minutes,SR-1,NA,3,State Highway,2,Urban,4,Minor Arterial,1,State Highway Agency,0,This section IS NOT on the NHS,0,No Special Jurisdiction,9,9,34.89805556,34.89805556,-120.52365833,-120.52365833,35,Embankment,0,The First Harmful Event was Not a Collision with a Motor Vehicle in Transport,0,No,1,Non-Junction,1,Not an Intersection,4,On Roadside,0,None,2,Dark - Not Lighted,1,Clear,0,No,0000000,Not Applicable,99,Unknown,99,Unknown,99,Unknown EMS Scene Arrival Hour,99,Unknown EMS Scene Arrival Minutes,88,Not Applicable (Not Transported),88,Not Applicable (Not Transported),1
6,California,60789,0,0,3,3,0,3,3,29,KERN (29),0,NOT APPLICABLE,6,June,28,28,3,Tuesday,2022,6,6:00am-6:59am,43,43,TEHACHAPI WILLOW SPRINGS RD,NA,8,Other,1,Rural,4,Minor Arterial,2,County Highway Agency,0,This section IS NOT on the NHS,0,No Special Jurisdiction,99998,Not Reported,34.98536944,34.98536944,-118.31871111,-118.31871111,12,Motor Vehicle In-Transport,2,Front-to-Front,0,No,1,Non-Junction,1,Not an Intersection,1,On Roadway,0,None,1,Daylight,1,Clear,0,No,0000000,Not Applicable,99,Unknown,99,Unknown,99,Unknown EMS Scene Arrival Hour,99,Unknown EMS Scene Arrival Minutes,99,Unknown,99,Unknown EMS Hospital Arrival Time,1
6,California,60790,0,0,3,1,2,2,2,37,LOS ANGELES (37),1970,LONG BEACH,1,January,1,1,7,Saturday,2022,11,11:00am-11:59am,31,31,7TH STREET,NA,9,Unknown,2,Urban,3,Principal Arterial - Other,99,Unknown,1,This section IS ON the NHS,0,No Special Jurisdiction,0,None,33.77525556,33.77525556,-118.12577222,-118.12577222,33,Curb,0,The First Harmful Event was Not a Collision with a Motor Vehicle in Transport,0,No,1,Non-Junction,1,Not an Intersection,4,On Roadside,0,None,1,Daylight,1,Clear,0,No,0000000,Not Applicable,11,11:00am-11:59am,99,Unknown,11,11:00am-11:59am,99,Unknown EMS Scene Arrival Minutes,88,Not Applicable (Not Transported),88,Not Applicable (Not Transported),1
6,California,60791,0,0,1,1,0,1,1,37,LOS ANGELES (37),1980,LOS ANGELES,1,January,7,7,6,Friday,2022,2,2:00am-2:59am,45,45,ROXFORD ST,NA,9,Unknown,2,Urban,3,Principal Arterial - Other,98,Not Reported,1,This section IS ON the NHS,0,No Special Jurisdiction,0,None,34.32258889,34.32258889,-118.46011389,-118.46011389,53,Mail Box,0,The First Harmful Event was Not a Collision with a Motor Vehicle in Transport,0,No,1,Non-Junction,1,Not an Intersection,4,On Roadside,0,None,3,Dark - Lighted,1,Clear,0,No,0000000,Not Applicable,99,Unknown,99,Unknown,99,Unknown EMS Scene Arrival Hour,99,Unknown EMS Scene Arrival Minutes,88,Not Applicable (Not Transported),88,Not Applicable (Not Transported),1
6,California,60792,1,1,1,1,0,1,1,37,LOS ANGELES (37),1980,LOS ANGELES,1,January,4,4,3,Tuesday,2022,5,5:00am-5:59am,0,0,CHATSWORTH ST,NA,9,Unknown,2,Urban,4,Minor Arterial,98,Not Reported,0,This section IS NOT on the NHS,0,No Special Jurisdiction,0,None,34.26473889,34.26473889,-118.49871111,-118.49871111,8,Pedestrian,0,The First Harmful Event was Not a Collision with a Motor Vehicle in Transport,0,No,1,Non-Junction,1,Not an Intersection,1,On Roadway,0,None,3,Dark - Lighted,1,Clear,0,No,0000000,Not Applicable,99,Unknown,99,Unknown,99,Unknown EMS Scene Arrival Hour,99,Unknown EMS Scene Arrival Minutes,88,Not Applicable (Not Transported),88,Not Applicable (Not Transported),1
6,California,60793,0,0,3,1,2,1,1,37,LOS ANGELES (37),1980,LOS ANGELES,1,January,7,7,6,Friday,2022,21,9:00pm-9:59pm,35,35,KERCKHOFF AVE,NA,9,Unknown,2,Urban,7,Local,98,Not Reported,0,This section IS NOT on the NHS,0,No Special Jurisdiction,0,None,33.72042222,33.72042222,-118.28975833,-118.28975833,14,Parked Motor Vehicle,0,The First Harmful Event was Not a Collision with a Motor Vehicle in Transport,0,No,1,Non-Junction,1,Not an Intersection,7,In Parking Lane/Zone,0,None,3,Dark - Lighted,1,Clear,0,No,0000000,Not Applicable,99,Unknown,99,Unknown,99,Unknown EMS Scene Arrival Hour,99,Unknown EMS Scene Arrival Minutes,88,Not Applicable (Not Transported),88,Not Applicable (Not Transported),1
6,California,60794,1,1,1,1,0,1,1,107,TULARE (107),3920,TULARE,1,January,2,2,1,Sunday,2022,17,5:00pm-5:59pm,21,21,BARDSLEY AVE,SPRUCE ST,9,Unknown,2,Urban,4,Minor Arterial,99,Unknown,0,This section IS NOT on the NHS,0,No Special Jurisdiction,0,None,36.19660833,36.19660833,-119.32670556,-119.32670556,8,Pedestrian,0,The First Harmful Event was Not a Collision with a Motor Vehicle in Transport,0,No,3,Intersection-Related,3,T-Intersection,1,On Roadway,0,None,1,Daylight,1,Clear,0,No,0000000,Not Applicable,99,Unknown,99,Unknown,99,Unknown EMS Scene Arrival Hour,99,Unknown EMS Scene Arrival Minutes,99,Unknown,99,Unknown EMS Hospital Arrival Time,1
6,California,60795,0,0,2,2,0,3,3,65,RIVERSIDE (65),250,BANNING,1,January,28,28,6,Friday,2022,9,9:00am-9:59am,50,50,I-10,NA,1,Interstate,2,Urban,1,Interstate,1,State Highway Agency,1,This section IS ON the NHS,0,No Special Jurisdiction,110,110,33.92580278,33.92580278,-116.91808611,-116.91808611,12,Motor Vehicle In-Transport,7,Sideswipe - Same Direction,0,No,1,Non-Junction,1,Not an Intersection,1,On Roadway,1,Construction,1,Daylight,1,Clear,0,No,0000000,Not Applicable,99,Unknown,99,Unknown,99,Unknown EMS Scene Arrival Hour,99,Unknown EMS Scene Arrival Minutes,88,Not Applicable (Not Transported),88,Not Applicable (Not Transported),1
6,California,60796,0,0,2,2,0,3,3,67,SACRAMENTO (67),3150,SACRAMENTO,3,March,1,1,3,Tuesday,2022,16,4:00pm-4:59pm,50,50,US-50,NA,2,US Highway,2,Urban,2,Principal Arterial - Other Freeways and Expressways,1,State Highway Agency,1,This section IS ON the NHS,0,No Special Jurisdiction,21,21,38.5537,38.5537,-121.43756944,-121.43756944,12,Motor Vehicle In-Transport,1,Front-to-Rear,0,No,1,Non-Junction,1,Not an Intersection,1,On Roadway,0,None,1,Daylight,1,Clear,0,No,0000000,Not Applicable,99,Unknown,99,Unknown,99,Unknown EMS Scene Arrival Hour,99,Unknown EMS Scene Arrival Minutes,99,Unknown,99,Unknown EMS Hospital Arrival Time,1
6,California,60797,0,0,2,2,0,4,4,73,SAN DIEGO (73),560,CARLSBAD,3,March,26,26,7,Saturday,2022,14,2:00pm-2:59pm,37,37,CARLSBAD BLVD,NA,8,Other,2,Urban,4,Minor Arterial,4,City or Municipal Highway Agency,0,This section IS NOT on the NHS,0,No Special Jurisdiction,99998,Not Reported,33.12207778,33.12207778,-117.32748333,-117.32748333,12,Motor Vehicle In-Transport,1,Front-to-Rear,0,No,1,Non-Junction,1,Not an Intersection,1,On Roadway,0,None,1,Daylight,1,Clear,0,No,0000000,Not Applicable,99,Unknown,99,Unknown,99,Unknown EMS Scene Arrival Hour,99,Unknown EMS Scene Arrival Minutes,99,Unknown,99,Unknown EMS Hospital Arrival Time,1
6,California,60798,1,1,1,1,0,2,2,65,RIVERSIDE (65),2116,MENIFEE,1,January,11,11,3,Tuesday,2022,21,9:00pm-9:59pm,22,22,US-74,TRUMBLE RD,2,US Highway,2,Urban,3,Principal Arterial - Other,1,State Highway Agency,1,This section IS ON the NHS,0,No Special Jurisdiction,277,277,33.75199167,33.75199167,-117.18546389,-117.18546389,8,Pedestrian,0,The First Harmful Event was Not a Collision with a Motor Vehicle in Transport,0,No,2,Intersection,3,T-Intersection,1,On Roadway,0,None,3,Dark - Lighted,1,Clear,0,No,0000000,Not Applicable,99,Unknown,99,Unknown,99,Unknown EMS Scene Arrival Hour,99,Unknown EMS Scene Arrival Minutes,88,Not Applicable (Not Transported),88,Not Applicable (Not Transported),1
6,California,60799,0,0,1,1,0,1,1,65,RIVERSIDE (65),2116,MENIFEE,2,February,13,13,1,Sunday,2022,11,11:00am-11:59am,38,38,BRIGGS RD,NA,8,Other,1,Rural,5,Major Collector,4,City or Municipal Highway Agency,0,This section IS NOT on the NHS,0,No Special Jurisdiction,99998,Not Reported,33.63580833,33.63580833,-117.13681944,-117.13681944,1,Rollover/Overturn,0,The First Harmful Event was Not a Collision with a Motor Vehicle in Transport,0,No,1,Non-Junction,1,Not an Intersection,4,On Roadside,0,None,1,Daylight,1,Clear,0,No,0000000,Not Applicable,99,Unknown,99,Unknown,99,Unknown EMS Scene Arrival Hour,99,Unknown EMS Scene Arrival Minutes,88,Not Applicable (Not Transported),88,Not Applicable (Not Transported),1