STATE,STATENAME,ST_CASE,PEDS,PERNOTMVIT,VE_TOTAL,VE_FORMS,PVH_INVL,PERSONS,PERMVIT,COUNTY,COUNTYNAME,CITY,CITYNAME,MONTH,MONTHNAME,DAY,DAYNAME,DAY_WEEK,DAY_WEEKNAME,YEAR,HOUR,HOURNAME,MINUTE,MINUTENAME,TWAY_ID,TWAY_ID2,ROUTE,ROUTENAME,RUR_URB,RUR_URBNAME,FUNC_SYS,FUNC_SYSNAME,RD_OWNER,RD_OWNERNAME,NHS,NHSNAME,SP_JUR,SP_JURNAME,MILEPT,MILEPTNAME,LATITUDE,LATITUDENAME,LONGITUD,LONGITUDNAME,HARM_EV,HARM_EVNAME,MAN_COLL,MAN_COLLNAME,RELJCT1,RELJCT1NAME,RELJCT2,RELJCT2NAME,TYP_INT,TYP_INTNAME,REL_ROAD,REL_ROADNAME,WRK_ZONE,WRK_ZONENAME,LGT_COND,LGT_CONDNAME,WEATHER,WEATHERNAME,SCH_BUS,SCH_BUSNAME,RAIL,RAILNAME,NOT_HOUR,NOT_HOURNAME,NOT_MIN,NOT_MINNAME,ARR_HOUR,ARR_HOURNAME,ARR_MIN,ARR_MINNAME,HOSP_HR,HOSP_HRNAME,HOSP_MN,HOSP_MNNAME,FATALS
6,California,60836,1,1,1,1,0,1,1,71,SAN BERNARDINO (71),0,NOT APPLICABLE,3,March,15,15,3,Tuesday,2022,21,9:00pm-9:59pm,45,45,CEDAR AVE,7TH ST,8,Other,2,Urban,4,Minor Arterial,2,County Highway Agency,0,This section IS NOT on the NHS,0,No Special Jurisdiction,99998,Not Reported,34.04031389,34.04031389,-117.39656667,-117.39656667,9,Pedalcyclist,0,The First Harmful Event was Not a Collision with a Motor Vehicle in Transport,0,No,3,Intersection-Related,2,Four-Way Intersection,1,On Roadway,0,None,3,Dark - Lighted,1,Clear,0,No,0000000,Not Applicable,21,9:00pm-9:59pm,99,Unknown,21,9:00pm-9:59pm,99,Unknown EMS Scene Arrival Minutes,88,Not Applicable (Not Transported),88,Not Applicable (Not Transported),1
6,California,60837,0,0,2,2,0,2,2,43,MARIPOSA (43),0,NOT APPLICABLE,4,April,28,28,5,Thursday,2022,14,2:00pm-2:59pm,40,40,SR-49 GOLDEN CHAIN HWY,NA,3,State Highway,1,Rural,4,Minor Arterial,1,State Highway Agency,0,This section IS NOT on the NHS,0,No Special Jurisdiction,99998,Not Reported,37.4633,37.4633,-119.89378889,-119.89378889,12,Motor Vehicle In-Transport,6,Angle,0,No,8,Driveway Access Related,1,Not an Intersection,1,On Roadway,0,None,1,Daylight,1,Clear,0,No,0000000,Not Applicable,14,2:00pm-2:59pm,99,Unknown,99,Unknown EMS Scene Arrival Hour,99,Unknown EMS Scene Arrival Minutes,88,Not Applicable (Not Transported),88,Not Applicable (Not Transported),1
6,California,60838,0,0,2,1,1,1,1,65,RIVERSIDE (65),2650,GARNET,3,March,4,4,6,Friday,2022,23,11:00pm-11:59pm,4,4,I-10,NA,1,Interstate,1,Rural,1,Interstate,1,State Highway Agency,1,This section IS ON the NHS,0,No Special Jurisdiction,325,325,33.90466111,33.90466111,-116.55480833,-116.55480833,14,Parked Motor Vehicle,0,The First Harmful Event was Not a Collision with a Motor Vehicle in Transport,0,No,1,Non-Junction,1,Not an Intersection,2,On Shoulder,0,None,2,Dark - Not Lighted,1,Clear,0,No,0000000,Not Applicable,23,11:00pm-11:59pm,99,Unknown,23,11:00pm-11:59pm,99,Unknown EMS Scene Arrival Minutes,88,Not Applicable (Not Transported),88,Not Applicable (Not Transported),1
6,California,60839,0,0,2,2,0,3,3,65,RIVERSIDE (65),0,NOT APPLICABLE,3,March,28,28,2,Monday,2022,17,5:00pm-5:59pm,45,45,SR-371,NA,3,State Highway,1,Rural,4,Minor Arterial,1,State Highway Agency,0,This section IS NOT on the NHS,0,No Special Jurisdiction,760,760,33.56295,33.56295,-116.60251389,-116.60251389,12,Motor Vehicle In-Transport,6,Angle,0,No,1,Non-Junction,1,Not an Intersection,1,On Roadway,0,None,1,Daylight,10,Cloudy,0,No,0000000,Not Applicable,99,Unknown,99,Unknown,99,Unknown EMS Scene Arrival Hour,99,Unknown EMS Scene Arrival Minutes,99,Unknown,99,Unknown EMS Hospital Arrival Time,1
6,California,60840,0,0,3,3,0,7,7,69,SAN BENITO (69),0,NOT APPLICABLE,3,March,19,19,7,Saturday,2022,22,10:00pm-10:59pm,48,48,SR-156 SAN JUAN HOLLISTER RD,NA,3,State Highway,1,Rural,3,Principal Arterial - Other,1,State Highway Agency,1,This section IS ON the NHS,0,No Special Jurisdiction,68,68,36.84163889,36.84163889,-121.47036667,-121.47036667,12,Motor Vehicle In-Transport,6,Angle,0,No,1,Non-Junction,1,Not an Intersection,1,On Roadway,0,None,2,Dark - Not Lighted,10,Cloudy,0,No,0000000,Not Applicable,22,10:00pm-10:59pm,50,50,23,11:00pm-11:59pm,0,0,88,Not Applicable (Not Transported),88,Not Applicable (Not Transported),2
6,California,60841,0,0,2,2,0,3,3,71,SAN BERNARDINO (71),0,NOT APPLICABLE,6,June,28,28,3,Tuesday,2022,21,9:00pm-9:59pm,40,40,US-95,NA,2,US Highway,1,Rural,4,Minor Arterial,1,State Highway Agency,0,This section IS NOT on the NHS,0,No Special Jurisdiction,223,223,34.33568056,34.33568056,-114.65354167,-114.65354167,12,Motor Vehicle In-Transport,2,Front-to-Front,0,No,1,Non-Junction,1,Not an Intersection,1,On Roadway,0,None,2,Dark - Not Lighted,1,Clear,0,No,0000000,Not Applicable,99,Unknown,99,Unknown,99,Unknown EMS Scene Arrival Hour,99,Unknown EMS Scene Arrival Minutes,99,Unknown,99,Unknown EMS Hospital Arrival Time,1
6,California,60842,0,0,1,1,0,1,1,71,SAN BERNARDINO (71),0,NOT APPLICABLE,4,April,23,23,7,Saturday,2022,6,6:00am-6:59am,28,28,SR-18,NA,3,State Highway,2,Urban,3,Principal Arterial - Other,1,State Highway Agency,1,This section IS ON the NHS,0,No Special Jurisdiction,865,865,34.50065833,34.50065833,-117.15455556,-117.15455556,31,"Post, Pole or Other Supports",0,The First Harmful Event was Not a Collision with a Motor Vehicle in Transport,0,No,1,Non-Junction,1,Not an Intersection,4,On Roadside,0,None,1,Daylight,1,Clear,0,No,0000000,Not Applicable,6,6:00am-6:59am,99,Unknown,99,Unknown EMS Scene Arrival Hour,99,Unknown EMS Scene Arrival Minutes,99,Unknown,99,Unknown EMS Hospital Arrival Time,1
6,California,60843,0,0,1,1,0,1,1,59,ORANGE (59),80,ANAHEIM,1,January,7,7,6,Friday,2022,0,0:00am-0:59am,9,9,SR-91,NA,3,State Highway,2,Urban,2,Principal Arterial - Other Freeways and Expressways,1,State Highway Agency,1,This section IS ON the NHS,0,No Special Jurisdiction,156,156,33.86706389,33.86706389,-117.72513333,-117.72513333,24,Guardrail Face,0,The First Harmful Event was Not a Collision with a Motor Vehicle in Transport,1,Yes,19,Other location within Interchange Area,1,Not an Intersection,4,On Roadside,0,None,3,Dark - Lighted,1,Clear,0,No,0000000,Not Applicable,99,Unknown,99,Unknown,99,Unknown EMS Scene Arrival Hour,99,Unknown EMS Scene Arrival Minutes,88,Not Applicable (Not Transported),88,Not Applicable (Not Transported),1
6,California,60844,0,0,1,1,0,1,1,59,ORANGE (59),80,ANAHEIM,3,March,1,1,3,Tuesday,2022,4,4:00am-4:59am,35,35,SR-91,NA,3,State Highway,2,Urban,2,Principal Arterial - Other Freeways and Expressways,1,State Highway Agency,1,This section IS ON the NHS,0,No Special Jurisdiction,164,164,33.86685,33.86685,-117.711725,-117.711725,25,Concrete Traffic Barrier,0,The First Harmful Event was Not a Collision with a Motor Vehicle in Transport,1,Yes,19,Other location within Interchange Area,1,Not an Intersection,3,On Median,0,None,2,Dark - Not Lighted,1,Clear,0,No,0000000,Not Applicable,99,Unknown,99,Unknown,99,Unknown EMS Scene Arrival Hour,99,Unknown EMS Scene Arrival Minutes,99,Unknown,99,Unknown EMS Hospital Arrival Time,1
6,California,60845,0,0,3,3,0,5,5,71,SAN BERNARDINO (71),0,NOT APPLICABLE,4,April,15,15,6,Friday,2022,13,1:00pm-1:59pm,48,48,I-15,NA,1,Interstate,1,Rural,1,Interstate,1,State Highway Agency,1,This section IS ON the NHS,0,No Special Jurisdiction,240,240,34.34711111,34.34711111,-117.47699722,-117.47699722,24,Guardrail Face,0,The First Harmful Event was Not a Collision with a Motor Vehicle in Transport,0,No,1,Non-Junction,1,Not an Intersection,4,On Roadside,0,None,1,Daylight,1,Clear,0,No,0000000,Not Applicable,99,Unknown,99,Unknown,99,Unknown EMS Scene Arrival Hour,99,Unknown EMS Scene Arrival Minutes,99,Unknown,99,Unknown EMS Hospital Arrival Time,1
6,California,60846,0,0,2,2,0,5,5,73,SAN DIEGO (73),0,NOT APPLICABLE,3,March,25,25,6,Friday,2022,11,11:00am-11:59am,9,9,MONTEZUMA VALLEY RD,NA,8,Other,2,Urban,5,Major Collector,2,County Highway Agency,0,This section IS NOT on the NHS,0,No Special Jurisdiction,99998,Not Reported,33.23733611,33.23733611,-116.40621111,-116.40621111,12,Motor Vehicle In-Transport,6,Angle,0,No,1,Non-Junction,1,Not an Intersection,1,On Roadway,0,None,1,Daylight,1,Clear,0,No,0000000,Not Applicable,99,Unknown,99,Unknown,99,Unknown EMS Scene Arrival Hour,99,Unknown EMS Scene Arrival Minutes,88,Not Applicable (Not Transported),88,Not Applicable (Not Transported),1
6,California,60847,1,1,2,2,0,4,4,71,SAN BERNARDINO (71),0,NOT APPLICABLE,5,May,27,27,6,Friday,2022,21,9:00pm-9:59pm,45,45,I-40,NA,1,Interstate,1,Rural,1,Interstate,1,State Highway Agency,1,This section IS ON the NHS,0,No Special Jurisdiction,951,951,34.7954,34.7954,-115.39975833,-115.39975833,12,Motor Vehicle In-Transport,1,Front-to-Rear,0,No,1,Non-Junction,1,Not an Intersection,1,On Roadway,0,None,2,Dark - Not Lighted,1,Clear,0,No,0000000,Not Applicable,21,9:00pm-9:59pm,51,51,22,10:00pm-10:59pm,45,45,88,Not Applicable (Not Transported),88,Not Applicable (Not Transported),1
6,California,60848,1,1,1,1,0,1,1,67,SACRAMENTO (67),3150,SACRAMENTO,3,March,1,1,3,Tuesday,2022,21,9:00pm-9:59pm,29,29,SR-99,NA,3,State Highway,2,Urban,2,Principal Arterial - Other Freeways and Expressways,1,State Highway Agency,1,This section IS ON the NHS,0,No Special Jurisdiction,176,176,38.47413056,38.47413056,-121.42284167,-121.42284167,8,Pedestrian,0,The First Harmful Event was Not a Collision with a Motor Vehicle in Transport,1,Yes,18,Through Roadway,1,Not an Intersection,1,On Roadway,0,None,2,Dark - Not Lighted,1,Clear,0,No,0000000,Not Applicable,21,9:00pm-9:59pm,99,Unknown,21,9:00pm-9:59pm,99,Unknown EMS Scene Arrival Minutes,88,Not Applicable (Not Transported),88,Not Applicable (Not Transported),1
6,California,60849,0,0,2,2,0,2,2,71,SAN BERNARDINO (71),0,NOT APPLICABLE,6,June,19,19,1,Sunday,2022,6,6:00am-6:59am,30,30,RANCHERO RD,CASCADE AVE,8,Other,2,Urban,5,Major Collector,2,County Highway Agency,0,This section IS NOT on the NHS,0,No Special Jurisdiction,99998,Not Reported,34.38312222,34.38312222,-117.35801667,-117.35801667,12,Motor Vehicle In-Transport,6,Angle,0,No,2,Intersection,3,T-Intersection,1,On Roadway,0,None,1,Daylight,1,Clear,0,No,0000000,Not Applicable,6,6:00am-6:59am,40,40,7,7:00am-7:59am,3,3,99,Unknown,99,Unknown EMS Hospital Arrival Time,1
6,California,60850,0,0,2,2,0,3,3,65,RIVERSIDE (65),290,BEAUMONT,4,April,1,1,6,Friday,2022,12,12:00pm-12:59pm,33,33,I-10,NA,1,Interstate,2,Urban,1,Interstate,1,State Highway Agency,1,This section IS ON the NHS,0,No Special Jurisdiction,78,78,33.92735278,33.92735278,-116.97208889,-116.97208889,12,Motor Vehicle In-Transport,1,Front-to-Rear,0,No,1,Non-Junction,1,Not an Intersection,1,On Roadway,4,"Work Zone, Type Unknown",1,Daylight,1,Clear,0,No,0000000,Not Applicable,99,Unknown,99,Unknown,99,Unknown EMS Scene Arrival Hour,99,Unknown EMS Scene Arrival Minutes,88,Not Applicable (Not Transported),88,Not Applicable (Not Transported),1
6,California,60851,0,0,1,1,0,2,2,71,SAN BERNARDINO (71),0,NOT APPLICABLE,5,May,30,30,2,Monday,2022,0,0:00am-0:59am,30,30,I-40,NA,1,Interstate,1,Rural,1,Interstate,1,State Highway Agency,1,This section IS ON the NHS,0,No Special Jurisdiction,947,947,34.79403333,34.79403333,-115.40659722,-115.40659722,35,Embankment,0,The First Harmful Event was Not a Collision with a Motor Vehicle in Transport,0,No,1,Non-Junction,1,Not an Intersection,4,On Roadside,0,None,2,Dark - Not Lighted,1,Clear,0,No,0000000,Not Applicable,99,Unknown,99,Unknown,99,Unknown EMS Scene Arrival Hour,99,Unknown EMS Scene Arrival Minutes,88,Not Applicable (Not Transported),88,Not Applicable (Not Transported),1
6,California,60852,0,0,2,2,0,2,2,71,SAN BERNARDINO (71),0,NOT APPLICABLE,6,June,21,21,3,Tuesday,2022,15,3:00pm-3:59pm,45,45,DEL GADO RD,MANZANO RD,8,Other,2,Urban,7,Local,2,County Highway Agency,0,This section IS NOT on the NHS,0,No Special Jurisdiction,99998,Not Reported,34.48859722,34.48859722,-117.34253611,-117.34253611,12,Motor Vehicle In-Transport,6,Angle,0,No,2,Intersection,2,Four-Way Intersection,1,On Roadway,0,None,1,Daylight,1,Clear,0,No,0000000,Not Applicable,99,Unknown,99,Unknown,99,Unknown EMS Scene Arrival Hour,99,Unknown EMS Scene Arrival Minutes,99,Unknown,99,Unknown EMS Hospital Arrival Time,1
6,California,60853,0,0,2,2,0,3,3,65,RIVERSIDE (65),2650,GARNET,7,July,3,3,1,Sunday,2022,1,1:00am-1:59am,29,29,SR-111,NA,3,State Highway,2,Urban,3,Principal Arterial - Other,1,State Highway Agency,1,This section IS ON the NHS,0,No Special Jurisdiction,558,558,33.86584444,33.86584444,-116.56983333,-116.56983333,12,Motor Vehicle In-Transport,1,Front-to-Rear,0,No,1,Non-Junction,1,Not an Intersection,1,On Roadway,0,None,2,Dark - Not Lighted,6,Severe Crosswinds,0,No,0000000,Not Applicable,99,Unknown,99,Unknown,99,Unknown EMS Scene Arrival Hour,99,Unknown EMS Scene Arrival Minutes,99,Unknown,99,Unknown EMS Hospital Arrival Time,1
6,California,60854,0,0,3,3,0,3,3,65,RIVERSIDE (65),2278,MORENO VALLEY,7,July,19,19,3,Tuesday,2022,18,6:00pm-6:59pm,42,42,PERRIS BLVD,FILAREE AVE,8,Other,2,Urban,3,Principal Arterial - Other,4,City or Municipal Highway Agency,1,This section IS ON the NHS,0,No Special Jurisdiction,99998,Not Reported,33.898725,33.898725,-117.22638333,-117.22638333,12,Motor Vehicle In-Transport,6,Angle,0,No,2,Intersection,2,Four-Way Intersection,1,On Roadway,0,None,1,Daylight,1,Clear,0,No,0000000,Not Applicable,99,Unknown,99,Unknown,99,Unknown EMS Scene Arrival Hour,99,Unknown EMS Scene Arrival Minutes,88,Not Applicable (Not Transported),88,Not Applicable (Not Transported),1
6,California,60855,0,0,1,1,0,1,1,71,SAN BERNARDINO (71),681,CHINO HILLS,1,January,10,10,2,Monday,2022,0,0:00am-0:59am,5,5,SR-71 CHINO VALLEY FWY,NA,3,State Highway,2,Urban,2,Principal Arterial - Other Freeways and Expressways,1,State Highway Agency,1,This section IS ON the NHS,0,No Special Jurisdiction,19,19,33.99891389,33.99891389,-117.72261111,-117.72261111,59,Traffic Sign Support,0,The First Harmful Event was Not a Collision with a Motor Vehicle in Transport,0,No,1,Non-Junction,1,Not an Intersection,4,On Roadside,0,None,2,Dark - Not Lighted,1,Clear,0,No,0000000,Not Applicable,99,Unknown,99,Unknown,99,Unknown EMS Scene Arrival Hour,99,Unknown EMS Scene Arrival Minutes,88,Not Applicable (Not Transported),88,Not Applicable (Not Transported),1
6,California,60856,0,0,1,1,0,2,2,65,RIVERSIDE (65),0,NOT APPLICABLE,6,June,25,25,7,Saturday,2022,16,4:00pm-4:59pm,5,5,CLINTON KEITH RD,NA,8,Other,1,Rural,7,Local,2,County Highway Agency,0,This section IS NOT on the NHS,0,No Special Jurisdiction,14,14,33.54844444,33.54844444,-117.26938611,-117.26938611,30,Utility Pole/Light Support,0,The First Harmful Event was Not a Collision with a Motor Vehicle in Transport,0,No,1,Non-Junction,1,Not an Intersection,4,On Roadside,0,None,1,Daylight,1,Clear,0,No,0000000,Not Applicable,99,Unknown,99,Unknown,99,Unknown EMS Scene Arrival Hour,99,Unknown EMS Scene Arrival Minutes,99,Unknown,99,Unknown EMS Hospital Arrival Time,1
6,California,60857,1,1,1,1,0,1,1,67,SACRAMENTO (67),0,NOT APPLICABLE,6,June,22,22,4,Wednesday,2022,12,12:00pm-12:59pm,48,48,CR-SHENANDOAH DR,CR-HEMLOCK ST,4,County Road,2,Urban,7,Local,2,County Highway Agency,0,This section IS NOT on the NHS,0,No Special Jurisdiction,99998,Not Reported,38.67261667,38.67261667,-121.33955278,-121.33955278,9,Pedalcyclist,0,The First Harmful Event was Not a Collision with a Motor Vehicle in Transport,0,No,2,Intersection,2,Four-Way Intersection,1,On Roadway,0,None,1,Daylight,1,Clear,0,No,0000000,Not Applicable,99,Unknown,99,Unknown,99,Unknown EMS Scene Arrival Hour,99,Unknown EMS Scene Arrival Minutes,99,Unknown,99,Unknown EMS Hospital Arrival Time,1
6,California,60858,0,0,2,2,0,2,2,65,RIVERSIDE (65),1580,HEMET,6,June,8,8,4,Wednesday,2022,18,6:00pm-6:59pm,43,43,SANDERSON AVE,NA,8,Other,2,Urban,4,Minor Arterial,4,City or Municipal Highway Agency,0,This section IS NOT on the NHS,0,No Special Jurisdiction,99998,Not Reported,33.75193056,33.75193056,-117.00645278,-117.00645278,12,Motor Vehicle In-Transport,6,Angle,0,No,8,Driveway Access Related,1,Not an Intersection,1,On Roadway,0,None,1,Daylight,1,Clear,0,No,0000000,Not Applicable,99,Unknown,99,Unknown,99,Unknown EMS Scene Arrival Hour,99,Unknown EMS Scene Arrival Minutes,99,Unknown,99,Unknown EMS Hospital Arrival Time,1
6,California,60859,1,1,1,1,0,1,1,67,SACRAMENTO (67),0,NOT APPLICABLE,4,April,8,8,6,Friday,2022,22,10:00pm-10:59pm,35,35,SR-99 S SACRAMENTO FWY,NA,3,State Highway,2,Urban,2,Principal Arterial - Other Freeways and Expressways,1,State Highway Agency,1,This section IS ON the NHS,0,No Special Jurisdiction,161,161,38.45507222,38.45507222,-121.40978611,-121.40978611,8,Pedestrian,0,The First Harmful Event was Not a Collision with a Motor Vehicle in Transport,0,No,1,Non-Junction,1,Not an Intersection,1,On Roadway,0,None,3,Dark - Lighted,1,Clear,0,No,0000000,Not Applicable,22,10:00pm-10:59pm,34,34,22,10:00pm-10:59pm,47,47,99,Unknown,99,Unknown EMS Hospital Arrival Time,1
6,California,60860,0,0,2,2,0,2,2,113,YOLO (113),0,NOT APPLICABLE,4,April,20,20,4,Wednesday,2022,21,9:00pm-9:59pm,35,35,OLD RIVER ROAD,NA,9,Unknown,1,Rural,5,Major Collector,98,Not Reported,0,This section IS NOT on the NHS,0,No Special Jurisdiction,0,None,38.65038611,38.65038611,-121.602775,-121.602775,12,Motor Vehicle In-Transport,2,Front-to-Front,0,No,1,Non-Junction,1,Not an Intersection,1,On Roadway,0,None,2,Dark - Not Lighted,2,Rain,0,No,0000000,Not Applicable,21,9:00pm-9:59pm,38,38,21,9:00pm-9:59pm,55,55,99,Unknown,99,Unknown EMS Hospital Arrival Time,1
6,California,60861,0,0,1,1,0,1,1,37,LOS ANGELES (37),930,CULVER CITY,6,June,30,30,5,Thursday,2022,21,9:00pm-9:59pm,13,13,I-405 RAMP,NA,1,Interstate,1,Rural,1,Interstate,1,State Highway Agency,1,This section IS ON the NHS,0,No Special Jurisdiction,27,27,33.98786667,33.98786667,-118.39796667,-118.39796667,24,Guardrail Face,0,The First Harmful Event was Not a Collision with a Motor Vehicle in Transport,1,Yes,5,Entrance/Exit Ramp Related,1,Not an Intersection,4,On Roadside,0,None,2,Dark - Not Lighted,1,Clear,0,No,0000000,Not Applicable,99,Unknown,99,Unknown,99,Unknown EMS Scene Arrival Hour,99,Unknown EMS Scene Arrival Minutes,88,Not Applicable (Not Transported),88,Not Applicable (Not Transported),1
6,California,60862,1,1,1,1,0,1,1,65,RIVERSIDE (65),0,NOT APPLICABLE,6,June,14,14,3,Tuesday,2022,6,6:00am-6:59am,10,10,I-215 ARMED FORCES FWY,NA,1,Interstate,2,Urban,1,Interstate,1,State Highway Agency,1,This section IS ON the NHS,0,No Special Jurisdiction,364,364,33.91656111,33.91656111,-117.28921944,-117.28921944,8,Pedestrian,0,The First Harmful Event was Not a Collision with a Motor Vehicle in Transport,1,Yes,5,Entrance/Exit Ramp Related,1,Not an Intersection,1,On Roadway,0,None,4,Dawn,1,Clear,0,No,0000000,Not Applicable,6,6:00am-6:59am,13,13,99,Unknown EMS Scene Arrival Hour,99,Unknown EMS Scene Arrival Minutes,88,Not Applicable (Not Transported),88,Not Applicable (Not Transported),1
6,California,60863,0,0,2,2,0,3,3,95,SOLANO (95),0,NOT APPLICABLE,2,February,25,25,6,Friday,2022,16,4:00pm-4:59pm,20,20,DIXON AVE W,NA,8,Other,1,Rural,5,Major Collector,2,County Highway Agency,0,This section IS NOT on the NHS,0,No Special Jurisdiction,99998,Not Reported,38.44611389,38.44611389,-121.91310833,-121.91310833,12,Motor Vehicle In-Transport,6,Angle,0,No,1,Non-Junction,1,Not an Intersection,1,On Roadway,0,None,1,Daylight,1,Clear,0,No,0000000,Not Applicable,16,4:00pm-4:59pm,99,Unknown,16,4:00pm-4:59pm,99,Unknown EMS Scene Arrival Minutes,88,Not Applicable (Not Transported),88,Not Applicable (Not Transported),1
6,California,60864,0,0,2,1,1,2,2,55,NAPA (55),0,NOT APPLICABLE,5,May,22,22,1,Sunday,2022,8,8:00am-8:59am,5,5,SR-29,NA,3,State Highway,2,Urban,2,Principal Arterial - Other Freeways and Expressways,1,State Highway Agency,1,This section IS ON the NHS,0,No Special Jurisdiction,67,67,38.243,38.243,-122.27865833,-122.27865833,14,Parked Motor Vehicle,0,The First Harmful Event was Not a Collision with a Motor Vehicle in Transport,0,No,1,Non-Junction,1,Not an Intersection,2,On Shoulder,0,None,1,Daylight,1,Clear,0,No,0000000,Not Applicable,99,Unknown,99,Unknown,99,Unknown EMS Scene Arrival Hour,99,Unknown EMS Scene Arrival Minutes,88,Not Applicable (Not Transported),88,Not Applicable (Not Transported),2
6,California,60865,1,1,1,1,0,1,1,65,RIVERSIDE (65),0,NOT APPLICABLE,2,February,10,10,5,Thursday,2022,19,7:00pm-7:59pm,9,9,CALIFORNIA AVENUE,NA,9,Unknown,1,Rural,7,Local,98,Not Reported,0,This section IS NOT on the NHS,0,No Special Jurisdiction,0,None,33.72659444,33.72659444,-117.05021667,-117.05021667,9,Pedalcyclist,0,The First Harmful Event was Not a Collision with a Motor Vehicle in Transport,0,No,1,Non-Junction,1,Not an Intersection,1,On Roadway,0,None,2,Dark - Not Lighted,1,Clear,0,No,0000000,Not Applicable,19,7:00pm-7:59pm,36,36,19,7:00pm-7:59pm,44,44,88,Not Applicable (Not Transported),88,Not Applicable (Not Transported),1
6,California,60866,0,0,1,1,0,1,1,69,SAN BENITO (69),0,NOT APPLICABLE,7,July,24,24,1,Sunday,2022,2,2:00am-2:59am,15,15,SR-25,NA,3,State Highway,2,Urban,4,Minor Arterial,1,State Highway Agency,0,This section IS NOT on the NHS,0,No Special Jurisdiction,581,581,36.81356667,36.81356667,-121.35146667,-121.35146667,42,Tree (Standing Only),0,The First Harmful Event was Not a Collision with a Motor Vehicle in Transport,0,No,1,Non-Junction,1,Not an Intersection,4,On Roadside,0,None,2,Dark - Not Lighted,1,Clear,0,No,0000000,Not Applicable,2,2:00am-2:59am,99,Unknown,2,2:00am-2:59am,99,Unknown EMS Scene Arrival Minutes,88,Not Applicable (Not Transported),88,Not Applicable (Not Transported),1
6,California,60867,1,1,1,1,0,4,4,41,MARIN (41),0,NOT APPLICABLE,4,April,17,17,1,Sunday,2022,21,9:00pm-9:59pm,50,50,US-101,NA,2,US Highway,2,Urban,2,Principal Arterial - Other Freeways and Expressways,1,State Highway Agency,1,This section IS ON the NHS,0,No Special Jurisdiction,52,52,37.89613056,37.89613056,-122.51633056,-122.51633056,8,Pedestrian,0,The First Harmful Event was Not a Collision with a Motor Vehicle in Transport,0,No,1,Non-Junction,1,Not an Intersection,1,On Roadway,0,None,3,Dark - Lighted,1,Clear,0,No,0000000,Not Applicable,99,Unknown,99,Unknown,99,Unknown EMS Scene Arrival Hour,99,Unknown EMS Scene Arrival Minutes,88,Not Applicable (Not Transported),88,Not Applicable (Not Transported),1
6,California,60868,0,0,2,2,0,4,4,71,SAN BERNARDINO (71),0,NOT APPLICABLE,7,July,1,1,6,Friday,2022,18,6:00pm-6:59pm,40,40,SR-138,NA,3,State Highway,1,Rural,4,Minor Arterial,1,State Highway Agency,0,This section IS NOT on the NHS,0,No Special Jurisdiction,14,14,34.43869167,34.43869167,-117.63992222,-117.63992222,12,Motor Vehicle In-Transport,6,Angle,0,No,1,Non-Junction,1,Not an Intersection,1,On Roadway,0,None,1,Daylight,1,Clear,0,No,0000000,Not Applicable,18,6:00pm-6:59pm,99,Unknown,18,6:00pm-6:59pm,99,Unknown EMS Scene Arrival Minutes,99,Unknown,99,Unknown EMS Hospital Arrival Time,1
6,California,60869,0,0,1,1,0,1,1,81,SAN MATEO (81),2140,MENLO PARK,7,July,29,29,6,Friday,2022,23,11:00pm-11:59pm,24,24,HAVEN AVE,NA,9,Unknown,2,Urban,5,Major Collector,4,City or Municipal Highway Agency,0,This section IS NOT on the NHS,0,No Special Jurisdiction,99998,Not Reported,37.4869,37.4869,-122.18111944,-122.18111944,33,Curb,0,The First Harmful Event was Not a Collision with a Motor Vehicle in Transport,0,No,1,Non-Junction,1,Not an Intersection,4,On Roadside,0,None,3,Dark - Lighted,1,Clear,0,No,0000000,Not Applicable,99,Unknown,99,Unknown,99,Unknown EMS Scene Arrival Hour,99,Unknown EMS Scene Arrival Minutes,99,Unknown,99,Unknown EMS Hospital Arrival Time,1
6,California,60870,0,0,1,1,0,1,1,95,SOLANO (95),1260,FAIRFIELD,8,August,3,3,4,Wednesday,2022,22,10:00pm-10:59pm,0,0,MATTHEW DR,DANIEL ST,9,Unknown,2,Urban,7,Local,4,City or Municipal Highway Agency,0,This section IS NOT on the NHS,0,No Special Jurisdiction,99998,Not Reported,38.26004722,38.26004722,-122.01925,-122.01925,33,Curb,0,The First Harmful Event was Not a Collision with a Motor Vehicle in Transport,0,No,3,Intersection-Related,3,T-Intersection,4,On Roadside,0,None,3,Dark - Lighted,1,Clear,0,No,0000000,Not Applicable,22,10:00pm-10:59pm,99,Unknown,22,10:00pm-10:59pm,99,Unknown EMS Scene Arrival Minutes,22,10:00pm-10:59pm,99,Unknown EMS Hospital Arrival Time,1
6,California,60871,0,0,2,2,0,3,3,65,RIVERSIDE (65),1846,LA QUINTA,7,July,31,31,1,Sunday,2022,9,9:00am-9:59am,42,42,MILES AVE,SEELEY DR,9,Unknown,2,Urban,5,Major Collector,4,City or Municipal Highway Agency,0,This section IS NOT on the NHS,0,No Special Jurisdiction,99998,Not Reported,33.72176944,33.72176944,-116.2917,-116.2917,12,Motor Vehicle In-Transport,6,Angle,0,No,2,Intersection,2,Four-Way Intersection,1,On Roadway,0,None,1,Daylight,1,Clear,0,No,0000000,Not Applicable,99,Unknown,99,Unknown,99,Unknown EMS Scene Arrival Hour,99,Unknown EMS Scene Arrival Minutes,99,Unknown,99,Unknown EMS Hospital Arrival Time,1
6,California,60872,0,0,1,1,0,1,1,95,SOLANO (95),4020,VALLEJO,1,January,7,7,6,Friday,2022,4,4:00am-4:59am,6,6,SR-29 SONOMA BL,NA,3,State Highway,2,Urban,3,Principal Arterial - Other,1,State Highway Agency,1,This section IS ON the NHS,0,No Special Jurisdiction,40,40,38.12643611,38.12643611,-122.25564722,-122.25564722,33,Curb,0,The First Harmful Event was Not a Collision with a Motor Vehicle in Transport,0,No,1,Non-Junction,1,Not an Intersection,4,On Roadside,0,None,3,Dark - Lighted,2,Rain,0,No,0000000,Not Applicable,99,Unknown,99,Unknown,99,Unknown EMS Scene Arrival Hour,99,Unknown EMS Scene Arrival Minutes,88,Not Applicable (Not Transported),88,Not Applicable (Not Transported),1