STATE,STATENAME,ST_CASE,PEDS,PERNOTMVIT,VE_TOTAL,VE_FORMS,PVH_INVL,PERSONS,PERMVIT,COUNTY,COUNTYNAME,CITY,CITYNAME,MONTH,MONTHNAME,DAY,DAYNAME,DAY_WEEK,DAY_WEEKNAME,YEAR,HOUR,HOURNAME,MINUTE,MINUTENAME,TWAY_ID,TWAY_ID2,ROUTE,ROUTENAME,RUR_URB,RUR_URBNAME,FUNC_SYS,FUNC_SYSNAME,RD_OWNER,RD_OWNERNAME,NHS,NHSNAME,SP_JUR,SP_JURNAME,MILEPT,MILEPTNAME,LATITUDE,LATITUDENAME,LONGITUD,LONGITUDNAME,HARM_EV,HARM_EVNAME,MAN_COLL,MAN_COLLNAME,RELJCT1,RELJCT1NAME,RELJCT2,RELJCT2NAME,TYP_INT,TYP_INTNAME,REL_ROAD,REL_ROADNAME,WRK_ZONE,WRK_ZONENAME,LGT_COND,LGT_CONDNAME,WEATHER,WEATHERNAME,SCH_BUS,SCH_BUSNAME,RAIL,RAILNAME,NOT_HOUR,NOT_HOURNAME,NOT_MIN,NOT_MINNAME,ARR_HOUR,ARR_HOURNAME,ARR_MIN,ARR_MINNAME,HOSP_HR,HOSP_HRNAME,HOSP_MN,HOSP_MNNAME,FATALS
6,California,61052,0,0,2,2,0,2,2,37,LOS ANGELES (37),1980,LOS ANGELES,2,February,1,1,3,Tuesday,2022,6,6:00am-6:59am,40,40,RINALDI ST,DULCET AVE,9,Unknown,2,Urban,4,Minor Arterial,98,Not Reported,0,This section IS NOT on the NHS,0,No Special Jurisdiction,99998,Not Reported,34.27535,34.27535,-118.54043889,-118.54043889,12,Motor Vehicle In-Transport,6,Angle,0,No,2,Intersection,2,Four-Way Intersection,1,On Roadway,0,None,4,Dawn,1,Clear,0,No,0000000,Not Applicable,99,Unknown,99,Unknown,99,Unknown EMS Scene Arrival Hour,99,Unknown EMS Scene Arrival Minutes,88,Not Applicable (Not Transported),88,Not Applicable (Not Transported),1
6,California,61053,1,1,1,1,0,1,1,37,LOS ANGELES (37),30,ALHAMBRA,2,February,1,1,3,Tuesday,2022,9,9:00am-9:59am,39,39,VALLEY BLVD,NA,9,Unknown,2,Urban,3,Principal Arterial - Other,98,Not Reported,1,This section IS ON the NHS,0,No Special Jurisdiction,99998,Not Reported,34.07646111,34.07646111,-118.15694722,-118.15694722,30,Utility Pole/Light Support,0,The First Harmful Event was Not a Collision with a Motor Vehicle in Transport,0,No,1,Non-Junction,1,Not an Intersection,4,On Roadside,0,None,1,Daylight,1,Clear,0,No,0000000,Not Applicable,99,Unknown,99,Unknown,99,Unknown EMS Scene Arrival Hour,99,Unknown EMS Scene Arrival Minutes,99,Unknown,99,Unknown EMS Hospital Arrival Time,1
6,California,61054,0,0,2,2,0,10,10,67,SACRAMENTO (67),1390,GALT,2,February,1,1,3,Tuesday,2022,15,3:00pm-3:59pm,16,16,SR-104 TWIN CITIES RD,CHEROKEE LN,3,State Highway,1,Rural,5,Major Collector,1,State Highway Agency,0,This section IS NOT on the NHS,0,No Special Jurisdiction,26,26,38.29172222,38.29172222,-121.26437778,-121.26437778,12,Motor Vehicle In-Transport,6,Angle,0,No,2,Intersection,2,Four-Way Intersection,1,On Roadway,0,None,1,Daylight,1,Clear,0,No,0000000,Not Applicable,99,Unknown,99,Unknown,99,Unknown EMS Scene Arrival Hour,99,Unknown EMS Scene Arrival Minutes,99,Unknown,99,Unknown EMS Hospital Arrival Time,1
6,California,61055,1,1,1,1,0,1,1,73,SAN DIEGO (73),3260,SAN DIEGO,2,February,1,1,3,Tuesday,2022,18,6:00pm-6:59pm,3,3,CORONADO AVE,NA,9,Unknown,2,Urban,4,Minor Arterial,98,Not Reported,0,This section IS NOT on the NHS,0,No Special Jurisdiction,99998,Not Reported,32.57646667,32.57646667,-117.08618056,-117.08618056,8,Pedestrian,0,The First Harmful Event was Not a Collision with a Motor Vehicle in Transport,0,No,1,Non-Junction,1,Not an Intersection,1,On Roadway,0,None,3,Dark - Lighted,1,Clear,0,No,0000000,Not Applicable,99,Unknown,99,Unknown,99,Unknown EMS Scene Arrival Hour,99,Unknown EMS Scene Arrival Minutes,88,Not Applicable (Not Transported),88,Not Applicable (Not Transported),1
6,California,61056,1,1,1,1,0,1,1,37,LOS ANGELES (37),1970,LONG BEACH,2,February,1,1,3,Tuesday,2022,21,9:00pm-9:59pm,2,2,ANAHEIM ST,NA,9,Unknown,2,Urban,5,Major Collector,98,Not Reported,0,This section IS NOT on the NHS,0,No Special Jurisdiction,99998,Not Reported,33.78260833,33.78260833,-118.20545833,-118.20545833,8,Pedestrian,0,The First Harmful Event was Not a Collision with a Motor Vehicle in Transport,0,No,1,Non-Junction,1,Not an Intersection,1,On Roadway,0,None,3,Dark - Lighted,1,Clear,0,No,0000000,Not Applicable,99,Unknown,99,Unknown,99,Unknown EMS Scene Arrival Hour,99,Unknown EMS Scene Arrival Minutes,99,Unknown,99,Unknown EMS Hospital Arrival Time,1
6,California,61057,1,1,2,2,0,3,3,71,SAN BERNARDINO (71),115,APPLE VALLEY,2,February,1,1,3,Tuesday,2022,18,6:00pm-6:59pm,14,14,RANCHERIAS RD,NA,9,Unknown,2,Urban,5,Major Collector,98,Not Reported,0,This section IS NOT on the NHS,0,No Special Jurisdiction,99998,Not Reported,34.53432778,34.53432778,-117.22566389,-117.22566389,8,Pedestrian,0,The First Harmful Event was Not a Collision with a Motor Vehicle in Transport,0,No,1,Non-Junction,1,Not an Intersection,1,On Roadway,0,None,2,Dark - Not Lighted,1,Clear,0,No,0000000,Not Applicable,99,Unknown,99,Unknown,99,Unknown EMS Scene Arrival Hour,99,Unknown EMS Scene Arrival Minutes,99,Unknown,99,Unknown EMS Hospital Arrival Time,1
6,California,61058,1,1,1,1,0,1,1,37,LOS ANGELES (37),1980,LOS ANGELES,2,February,3,3,5,Thursday,2022,20,8:00pm-8:59pm,55,55,FIGUEROA ST,NA,9,Unknown,2,Urban,3,Principal Arterial - Other,98,Not Reported,1,This section IS ON the NHS,0,No Special Jurisdiction,99998,Not Reported,33.91989722,33.91989722,-118.28304722,-118.28304722,8,Pedestrian,0,The First Harmful Event was Not a Collision with a Motor Vehicle in Transport,0,No,1,Non-Junction,1,Not an Intersection,1,On Roadway,0,None,6,Dark - Unknown Lighting,1,Clear,0,No,0000000,Not Applicable,99,Unknown,99,Unknown,99,Unknown EMS Scene Arrival Hour,99,Unknown EMS Scene Arrival Minutes,88,Not Applicable (Not Transported),88,Not Applicable (Not Transported),1
6,California,61059,0,0,2,2,0,2,2,73,SAN DIEGO (73),3260,SAN DIEGO,2,February,3,3,5,Thursday,2022,21,9:00pm-9:59pm,40,40,MISSION BLVD,PACIFIC BEACHDR,9,Unknown,2,Urban,3,Principal Arterial - Other,98,Not Reported,1,This section IS ON the NHS,0,No Special Jurisdiction,99998,Not Reported,32.79098611,32.79098611,-117.25373056,-117.25373056,12,Motor Vehicle In-Transport,6,Angle,0,No,2,Intersection,2,Four-Way Intersection,1,On Roadway,0,None,3,Dark - Lighted,1,Clear,0,No,0000000,Not Applicable,99,Unknown,99,Unknown,99,Unknown EMS Scene Arrival Hour,99,Unknown EMS Scene Arrival Minutes,99,Unknown,99,Unknown EMS Hospital Arrival Time,1
6,California,61060,0,0,1,1,0,1,1,113,YOLO (113),4163,WEST SACRAMENTO,2,February,4,4,6,Friday,2022,19,7:00pm-7:59pm,59,59,RIVERSIDE PKWY,NA,9,Unknown,2,Urban,7,Local,98,Not Reported,0,This section IS NOT on the NHS,0,No Special Jurisdiction,99998,Not Reported,38.585475,38.585475,-121.56426389,-121.56426389,33,Curb,0,The First Harmful Event was Not a Collision with a Motor Vehicle in Transport,0,No,1,Non-Junction,1,Not an Intersection,4,On Roadside,0,None,3,Dark - Lighted,1,Clear,0,No,0000000,Not Applicable,99,Unknown,99,Unknown,99,Unknown EMS Scene Arrival Hour,99,Unknown EMS Scene Arrival Minutes,88,Not Applicable (Not Transported),88,Not Applicable (Not Transported),1
6,California,61061,1,1,1,1,0,1,1,37,LOS ANGELES (37),300,BELL,2,February,5,5,7,Saturday,2022,0,0:00am-0:59am,52,52,FLORENCE AVE,NA,9,Unknown,2,Urban,3,Principal Arterial - Other,98,Not Reported,1,This section IS ON the NHS,0,No Special Jurisdiction,99998,Not Reported,33.97087778,33.97087778,-118.19414167,-118.19414167,8,Pedestrian,0,The First Harmful Event was Not a Collision with a Motor Vehicle in Transport,0,No,1,Non-Junction,1,Not an Intersection,1,On Roadway,0,None,3,Dark - Lighted,1,Clear,0,No,0000000,Not Applicable,99,Unknown,99,Unknown,99,Unknown EMS Scene Arrival Hour,99,Unknown EMS Scene Arrival Minutes,88,Not Applicable (Not Transported),88,Not Applicable (Not Transported),1
6,California,61062,0,0,1,1,0,1,1,37,LOS ANGELES (37),1980,LOS ANGELES,2,February,5,5,7,Saturday,2022,11,11:00am-11:59am,5,5,FOOTHILL BLVD,NA,9,Unknown,2,Urban,3,Principal Arterial - Other,98,Not Reported,1,This section IS ON the NHS,0,No Special Jurisdiction,99998,Not Reported,34.32176111,34.32176111,-118.49613056,-118.49613056,24,Guardrail Face,0,The First Harmful Event was Not a Collision with a Motor Vehicle in Transport,0,No,1,Non-Junction,1,Not an Intersection,4,On Roadside,0,None,1,Daylight,1,Clear,0,No,0000000,Not Applicable,99,Unknown,99,Unknown,99,Unknown EMS Scene Arrival Hour,99,Unknown EMS Scene Arrival Minutes,88,Not Applicable (Not Transported),88,Not Applicable (Not Transported),1
6,California,61063,0,0,2,2,0,2,2,37,LOS ANGELES (37),4190,WHITTIER,2,February,5,5,7,Saturday,2022,18,6:00pm-6:59pm,43,43,LAMBERT RD,GUNN AVE,9,Unknown,2,Urban,4,Minor Arterial,98,Not Reported,0,This section IS NOT on the NHS,0,No Special Jurisdiction,99998,Not Reported,33.94904444,33.94904444,-118.02469722,-118.02469722,12,Motor Vehicle In-Transport,6,Angle,0,No,2,Intersection,2,Four-Way Intersection,1,On Roadway,0,None,3,Dark - Lighted,1,Clear,0,No,0000000,Not Applicable,99,Unknown,99,Unknown,99,Unknown EMS Scene Arrival Hour,99,Unknown EMS Scene Arrival Minutes,99,Unknown,99,Unknown EMS Hospital Arrival Time,1
6,California,61064,0,0,2,2,0,2,2,71,SAN BERNARDINO (71),3210,SAN BERNARDINO,1,January,11,11,3,Tuesday,2022,21,9:00pm-9:59pm,38,38,W 20TH ST,N ARROWHEAD AV,9,Unknown,2,Urban,4,Minor Arterial,98,Not Reported,0,This section IS NOT on the NHS,0,No Special Jurisdiction,99998,Not Reported,34.13364167,34.13364167,-117.28964722,-117.28964722,12,Motor Vehicle In-Transport,6,Angle,0,No,2,Intersection,3,T-Intersection,1,On Roadway,0,None,3,Dark - Lighted,1,Clear,0,No,0000000,Not Applicable,99,Unknown,99,Unknown,99,Unknown EMS Scene Arrival Hour,99,Unknown EMS Scene Arrival Minutes,99,Unknown,99,Unknown EMS Hospital Arrival Time,1
6,California,61065,1,1,2,2,0,2,2,47,MERCED (47),1990,LOS BANOS,1,January,16,16,1,Sunday,2022,18,6:00pm-6:59pm,23,23,SR-165 MERCEY SPRING RD,NA,3,State Highway,2,Urban,3,Principal Arterial - Other,1,State Highway Agency,1,This section IS ON the NHS,0,No Special Jurisdiction,96,96,37.06920278,37.06920278,-120.83509444,-120.83509444,8,Pedestrian,0,The First Harmful Event was Not a Collision with a Motor Vehicle in Transport,0,No,1,Non-Junction,1,Not an Intersection,1,On Roadway,0,None,2,Dark - Not Lighted,10,Cloudy,0,No,0000000,Not Applicable,99,Unknown,99,Unknown,99,Unknown EMS Scene Arrival Hour,99,Unknown EMS Scene Arrival Minutes,88,Not Applicable (Not Transported),88,Not Applicable (Not Transported),1
6,California,61066,1,1,1,1,0,1,1,65,RIVERSIDE (65),1003,DESERT HOT SPRINGS,1,January,29,29,7,Saturday,2022,22,10:00pm-10:59pm,22,22,PALM DR,NA,9,Unknown,2,Urban,4,Minor Arterial,98,Not Reported,0,This section IS NOT on the NHS,0,No Special Jurisdiction,99998,Not Reported,33.95645556,33.95645556,-116.50130278,-116.50130278,8,Pedestrian,0,The First Harmful Event was Not a Collision with a Motor Vehicle in Transport,0,No,1,Non-Junction,1,Not an Intersection,1,On Roadway,0,None,3,Dark - Lighted,1,Clear,0,No,0000000,Not Applicable,99,Unknown,99,Unknown,99,Unknown EMS Scene Arrival Hour,99,Unknown EMS Scene Arrival Minutes,99,Unknown,99,Unknown EMS Hospital Arrival Time,1
6,California,61067,1,1,1,1,0,1,1,67,SACRAMENTO (67),3150,SACRAMENTO,1,January,30,30,1,Sunday,2022,1,1:00am-1:59am,52,52,POWER INN RD,NA,6,Local Street - Municipality,2,Urban,3,Principal Arterial - Other,4,City or Municipal Highway Agency,1,This section IS ON the NHS,0,No Special Jurisdiction,99998,Not Reported,38.53655,38.53655,-121.40919444,-121.40919444,8,Pedestrian,0,The First Harmful Event was Not a Collision with a Motor Vehicle in Transport,0,No,1,Non-Junction,1,Not an Intersection,1,On Roadway,0,None,3,Dark - Lighted,1,Clear,0,No,0000000,Not Applicable,99,Unknown,99,Unknown,99,Unknown EMS Scene Arrival Hour,99,Unknown EMS Scene Arrival Minutes,88,Not Applicable (Not Transported),88,Not Applicable (Not Transported),1
6,California,61068,0,0,1,1,0,1,1,25,IMPERIAL (25),0,NOT APPLICABLE,1,January,23,23,1,Sunday,2022,4,4:00am-4:59am,23,23,DOGWOOD RD,NA,8,Other,1,Rural,3,Principal Arterial - Other,98,Not Reported,1,This section IS ON the NHS,0,No Special Jurisdiction,99998,Not Reported,32.82905833,32.82905833,-115.53569167,-115.53569167,30,Utility Pole/Light Support,0,The First Harmful Event was Not a Collision with a Motor Vehicle in Transport,0,No,1,Non-Junction,1,Not an Intersection,4,On Roadside,0,None,2,Dark - Not Lighted,10,Cloudy,0,No,0000000,Not Applicable,99,Unknown,99,Unknown,99,Unknown EMS Scene Arrival Hour,99,Unknown EMS Scene Arrival Minutes,88,Not Applicable (Not Transported),88,Not Applicable (Not Transported),1
6,California,61070,1,1,1,1,0,1,1,29,KERN (29),240,BAKERSFIELD,8,August,20,20,7,Saturday,2022,21,9:00pm-9:59pm,47,47,SR-204 UNION AVE,NA,3,State Highway,2,Urban,3,Principal Arterial - Other,1,State Highway Agency,1,This section IS ON the NHS,0,No Special Jurisdiction,26,26,35.36194722,35.36194722,-119.00287778,-119.00287778,8,Pedestrian,0,The First Harmful Event was Not a Collision with a Motor Vehicle in Transport,0,No,1,Non-Junction,1,Not an Intersection,1,On Roadway,0,None,3,Dark - Lighted,1,Clear,0,No,0000000,Not Applicable,99,Unknown,99,Unknown,99,Unknown EMS Scene Arrival Hour,99,Unknown EMS Scene Arrival Minutes,88,Not Applicable (Not Transported),88,Not Applicable (Not Transported),1
6,California,61071,0,0,1,1,0,1,1,59,ORANGE (59),80,ANAHEIM,8,August,25,25,5,Thursday,2022,2,2:00am-2:59am,42,42,SR-91,NA,3,State Highway,2,Urban,2,Principal Arterial - Other Freeways and Expressways,1,State Highway Agency,1,This section IS ON the NHS,0,No Special Jurisdiction,127,127,33.86259722,33.86259722,-117.77258333,-117.77258333,1,Rollover/Overturn,0,The First Harmful Event was Not a Collision with a Motor Vehicle in Transport,0,No,1,Non-Junction,1,Not an Intersection,1,On Roadway,0,None,2,Dark - Not Lighted,1,Clear,0,No,0000000,Not Applicable,99,Unknown,99,Unknown,99,Unknown EMS Scene Arrival Hour,99,Unknown EMS Scene Arrival Minutes,99,Unknown,99,Unknown EMS Hospital Arrival Time,1
6,California,61072,1,1,1,1,0,1,1,37,LOS ANGELES (37),3105,ROSEMEAD,9,September,2,2,6,Friday,2022,10,10:00am-10:59am,27,27,I-10 SAN BERNARDINO FWY,NA,1,Interstate,2,Urban,1,Interstate,1,State Highway Agency,1,This section IS ON the NHS,0,No Special Jurisdiction,258,258,34.07211667,34.07211667,-118.09211944,-118.09211944,8,Pedestrian,0,The First Harmful Event was Not a Collision with a Motor Vehicle in Transport,0,No,1,Non-Junction,1,Not an Intersection,1,On Roadway,0,None,1,Daylight,1,Clear,0,No,0000000,Not Applicable,99,Unknown,99,Unknown,99,Unknown EMS Scene Arrival Hour,99,Unknown EMS Scene Arrival Minutes,99,Unknown,99,Unknown EMS Hospital Arrival Time,1
6,California,61073,0,0,1,1,0,2,2,71,SAN BERNARDINO (71),0,NOT APPLICABLE,9,September,7,7,4,Wednesday,2022,10,10:00am-10:59am,0,0,ROUNDUP WAY,NA,8,Other,1,Rural,6,Minor Collector,2,County Highway Agency,0,This section IS NOT on the NHS,0,No Special Jurisdiction,99998,Not Reported,34.42091389,34.42091389,-117.18281111,-117.18281111,35,Embankment,0,The First Harmful Event was Not a Collision with a Motor Vehicle in Transport,0,No,1,Non-Junction,1,Not an Intersection,4,On Roadside,4,"Work Zone, Type Unknown",1,Daylight,1,Clear,0,No,0000000,Not Applicable,99,Unknown,99,Unknown,99,Unknown EMS Scene Arrival Hour,99,Unknown EMS Scene Arrival Minutes,99,Unknown,99,Unknown EMS Hospital Arrival Time,1
6,California,61074,0,0,1,1,0,1,1,37,LOS ANGELES (37),0,NOT APPLICABLE,6,June,18,18,7,Saturday,2022,15,3:00pm-3:59pm,35,35,10TH ST CHALLENGER WY,NA,8,Other,1,Rural,5,Major Collector,98,Not Reported,0,This section IS NOT on the NHS,0,No Special Jurisdiction,99998,Not Reported,34.73248889,34.73248889,-118.11283056,-118.11283056,1,Rollover/Overturn,0,The First Harmful Event was Not a Collision with a Motor Vehicle in Transport,0,No,1,Non-Junction,1,Not an Intersection,4,On Roadside,0,None,1,Daylight,1,Clear,0,No,0000000,Not Applicable,99,Unknown,99,Unknown,99,Unknown EMS Scene Arrival Hour,99,Unknown EMS Scene Arrival Minutes,88,Not Applicable (Not Transported),88,Not Applicable (Not Transported),1
6,California,61075,1,1,2,1,1,1,1,37,LOS ANGELES (37),0,NOT APPLICABLE,6,June,27,27,2,Monday,2022,7,7:00am-7:59am,50,50,HUBBARD ST,WILLIAMSON AVE,8,Other,2,Urban,7,Local,2,County Highway Agency,0,This section IS NOT on the NHS,0,No Special Jurisdiction,99998,Not Reported,34.02079444,34.02079444,-118.14760833,-118.14760833,8,Pedestrian,0,The First Harmful Event was Not a Collision with a Motor Vehicle in Transport,0,No,3,Intersection-Related,2,Four-Way Intersection,1,On Roadway,0,None,1,Daylight,1,Clear,0,No,0000000,Not Applicable,99,Unknown,99,Unknown,99,Unknown EMS Scene Arrival Hour,99,Unknown EMS Scene Arrival Minutes,99,Unknown,99,Unknown EMS Hospital Arrival Time,1
6,California,61076,0,0,1,1,0,4,4,71,SAN BERNARDINO (71),0,NOT APPLICABLE,8,August,5,5,6,Friday,2022,0,0:00am-0:59am,14,14,I-15 BARSTOW FWY,NA,1,Interstate,1,Rural,1,Interstate,1,State Highway Agency,1,This section IS ON the NHS,0,No Special Jurisdiction,1238,1238,35.13025,35.13025,-116.21479167,-116.21479167,43,Other Fixed Object,0,The First Harmful Event was Not a Collision with a Motor Vehicle in Transport,0,No,1,Non-Junction,1,Not an Intersection,4,On Roadside,0,None,2,Dark - Not Lighted,2,Rain,0,No,0000000,Not Applicable,0,0:00am-0:59am,16,16,0,0:00am-0:59am,36,36,99,Unknown,99,Unknown EMS Hospital Arrival Time,1
6,California,61077,1,1,1,1,0,3,3,59,ORANGE (59),80,ANAHEIM,8,August,28,28,1,Sunday,2022,21,9:00pm-9:59pm,24,24,EUCLID ST,MELLS LN,9,Unknown,2,Urban,3,Principal Arterial - Other,4,City or Municipal Highway Agency,1,This section IS ON the NHS,0,No Special Jurisdiction,99998,Not Reported,33.80934167,33.80934167,-117.94151389,-117.94151389,8,Pedestrian,0,The First Harmful Event was Not a Collision with a Motor Vehicle in Transport,0,No,3,Intersection-Related,2,Four-Way Intersection,1,On Roadway,0,None,3,Dark - Lighted,1,Clear,0,No,0000000,Not Applicable,21,9:00pm-9:59pm,99,Unknown,99,Unknown EMS Scene Arrival Hour,99,Unknown EMS Scene Arrival Minutes,99,Unknown,99,Unknown EMS Hospital Arrival Time,1
6,California,61078,1,1,1,1,0,1,1,37,LOS ANGELES (37),1980,LOS ANGELES,4,April,20,20,4,Wednesday,2022,1,1:00am-1:59am,45,45,I-110 HARBOR FWY,NA,1,Interstate,2,Urban,1,Interstate,1,State Highway Agency,1,This section IS ON the NHS,0,No Special Jurisdiction,202,202,34.02112778,34.02112778,-118.27783889,-118.27783889,8,Pedestrian,0,The First Harmful Event was Not a Collision with a Motor Vehicle in Transport,1,Yes,18,Through Roadway,1,Not an Intersection,1,On Roadway,0,None,2,Dark - Not Lighted,10,Cloudy,0,No,0000000,Not Applicable,99,Unknown,99,Unknown,99,Unknown EMS Scene Arrival Hour,99,Unknown EMS Scene Arrival Minutes,88,Not Applicable (Not Transported),88,Not Applicable (Not Transported),1
6,California,61079,1,1,2,1,1,1,1,37,LOS ANGELES (37),1015,DIAMOND BAR,5,May,1,1,1,Sunday,2022,6,6:00am-6:59am,1,1,SR-60,NA,3,State Highway,2,Urban,2,Principal Arterial - Other Freeways and Expressways,1,State Highway Agency,1,This section IS ON the NHS,0,No Special Jurisdiction,235,235,34.00158889,34.00158889,-117.83601389,-117.83601389,8,Pedestrian,0,The First Harmful Event was Not a Collision with a Motor Vehicle in Transport,0,No,1,Non-Junction,1,Not an Intersection,2,On Shoulder,0,None,4,Dawn,1,Clear,0,No,0000000,Not Applicable,6,6:00am-6:59am,99,Unknown,6,6:00am-6:59am,99,Unknown EMS Scene Arrival Minutes,99,Unknown,99,Unknown EMS Hospital Arrival Time,1
6,California,61080,0,0,2,2,0,3,3,71,SAN BERNARDINO (71),0,NOT APPLICABLE,8,August,6,6,7,Saturday,2022,5,5:00am-5:59am,31,31,I-15,NA,1,Interstate,1,Rural,1,Interstate,1,State Highway Agency,1,This section IS ON the NHS,0,No Special Jurisdiction,2527,2527,35.34169722,35.34169722,-115.95461667,-115.95461667,12,Motor Vehicle In-Transport,1,Front-to-Rear,0,No,1,Non-Junction,1,Not an Intersection,1,On Roadway,0,None,4,Dawn,1,Clear,0,No,0000000,Not Applicable,5,5:00am-5:59am,99,Unknown,5,5:00am-5:59am,99,Unknown EMS Scene Arrival Minutes,99,Unknown,99,Unknown EMS Hospital Arrival Time,1
6,California,61081,0,0,1,1,0,1,1,69,SAN BENITO (69),0,NOT APPLICABLE,8,August,14,14,1,Sunday,2022,0,0:00am-0:59am,50,50,SR-156,NA,3,State Highway,1,Rural,3,Principal Arterial - Other,1,State Highway Agency,1,This section IS ON the NHS,0,No Special Jurisdiction,92,92,36.86888889,36.86888889,-121.4424,-121.4424,34,Ditch,0,The First Harmful Event was Not a Collision with a Motor Vehicle in Transport,0,No,1,Non-Junction,1,Not an Intersection,4,On Roadside,0,None,2,Dark - Not Lighted,1,Clear,0,No,0000000,Not Applicable,0,0:00am-0:59am,99,Unknown,99,Unknown EMS Scene Arrival Hour,99,Unknown EMS Scene Arrival Minutes,88,Not Applicable (Not Transported),88,Not Applicable (Not Transported),1
6,California,61082,1,1,1,1,0,2,2,115,YUBA (115),0,NOT APPLICABLE,8,August,22,22,2,Monday,2022,22,10:00pm-10:59pm,59,59,GRIFFITH AVE,NA,8,Other,2,Urban,5,Major Collector,2,County Highway Agency,0,This section IS NOT on the NHS,0,No Special Jurisdiction,99998,Not Reported,39.13080278,39.13080278,-121.52365,-121.52365,8,Pedestrian,0,The First Harmful Event was Not a Collision with a Motor Vehicle in Transport,0,No,1,Non-Junction,1,Not an Intersection,1,On Roadway,0,None,2,Dark - Not Lighted,1,Clear,0,No,0000000,Not Applicable,22,10:00pm-10:59pm,99,Unknown,99,Unknown EMS Scene Arrival Hour,99,Unknown EMS Scene Arrival Minutes,99,Unknown,99,Unknown EMS Hospital Arrival Time,1
6,California,61083,0,0,2,2,0,2,2,77,SAN JOAQUIN (77),3770,STOCKTON,5,May,28,28,7,Saturday,2022,18,6:00pm-6:59pm,34,34,FRENCH CAMP RD,NA,8,Other,2,Urban,5,Major Collector,4,City or Municipal Highway Agency,0,This section IS NOT on the NHS,0,No Special Jurisdiction,99998,Not Reported,37.89710556,37.89710556,-121.28901944,-121.28901944,12,Motor Vehicle In-Transport,6,Angle,0,No,1,Non-Junction,1,Not an Intersection,1,On Roadway,0,None,1,Daylight,1,Clear,0,No,0000000,Not Applicable,99,Unknown,99,Unknown,99,Unknown EMS Scene Arrival Hour,99,Unknown EMS Scene Arrival Minutes,88,Not Applicable (Not Transported),88,Not Applicable (Not Transported),1
6,California,61084,1,1,1,1,0,1,1,95,SOLANO (95),4020,VALLEJO,5,May,24,24,3,Tuesday,2022,23,11:00pm-11:59pm,9,9,FLORIDA ST,ALAMEDA ST,8,Other,2,Urban,4,Minor Arterial,4,City or Municipal Highway Agency,0,This section IS NOT on the NHS,0,No Special Jurisdiction,99998,Not Reported,38.10496111,38.10496111,-122.24823333,-122.24823333,8,Pedestrian,0,The First Harmful Event was Not a Collision with a Motor Vehicle in Transport,0,No,3,Intersection-Related,2,Four-Way Intersection,1,On Roadway,0,None,3,Dark - Lighted,1,Clear,0,No,0000000,Not Applicable,99,Unknown,99,Unknown,99,Unknown EMS Scene Arrival Hour,99,Unknown EMS Scene Arrival Minutes,99,Unknown,99,Unknown EMS Hospital Arrival Time,1
6,California,61085,1,1,1,1,0,1,1,37,LOS ANGELES (37),1840,LANCASTER,2,February,5,5,7,Saturday,2022,21,9:00pm-9:59pm,2,2,AVE H,NA,9,Unknown,2,Urban,4,Minor Arterial,98,Not Reported,0,This section IS NOT on the NHS,0,No Special Jurisdiction,99998,Not Reported,34.71851944,34.71851944,-118.13026111,-118.13026111,9,Pedalcyclist,0,The First Harmful Event was Not a Collision with a Motor Vehicle in Transport,0,No,1,Non-Junction,1,Not an Intersection,1,On Roadway,0,None,2,Dark - Not Lighted,1,Clear,0,No,0000000,Not Applicable,99,Unknown,99,Unknown,99,Unknown EMS Scene Arrival Hour,99,Unknown EMS Scene Arrival Minutes,88,Not Applicable (Not Transported),88,Not Applicable (Not Transported),1
6,California,61086,0,0,2,1,1,1,1,73,SAN DIEGO (73),1080,EL CAJON,2,February,6,6,1,Sunday,2022,2,2:00am-2:59am,39,39,VERNON WY,NA,9,Unknown,2,Urban,5,Major Collector,98,Not Reported,0,This section IS NOT on the NHS,0,No Special Jurisdiction,99998,Not Reported,32.81231667,32.81231667,-116.96665556,-116.96665556,14,Parked Motor Vehicle,0,The First Harmful Event was Not a Collision with a Motor Vehicle in Transport,0,No,1,Non-Junction,1,Not an Intersection,6,Off Roadway-Location Unknown,0,None,3,Dark - Lighted,1,Clear,0,No,0000000,Not Applicable,99,Unknown,99,Unknown,99,Unknown EMS Scene Arrival Hour,99,Unknown EMS Scene Arrival Minutes,88,Not Applicable (Not Transported),88,Not Applicable (Not Transported),1
6,California,61087,0,0,1,1,0,1,1,65,RIVERSIDE (65),3070,RIVERSIDE,2,February,6,6,1,Sunday,2022,4,4:00am-4:59am,58,58,VAN BUREN BL,NA,9,Unknown,2,Urban,3,Principal Arterial - Other,98,Not Reported,1,This section IS ON the NHS,0,No Special Jurisdiction,99998,Not Reported,33.93013056,33.93013056,-117.45397222,-117.45397222,33,Curb,0,The First Harmful Event was Not a Collision with a Motor Vehicle in Transport,0,No,1,Non-Junction,1,Not an Intersection,3,On Median,0,None,3,Dark - Lighted,1,Clear,0,No,0000000,Not Applicable,99,Unknown,99,Unknown,99,Unknown EMS Scene Arrival Hour,99,Unknown EMS Scene Arrival Minutes,88,Not Applicable (Not Transported),88,Not Applicable (Not Transported),1