STATE,STATENAME,ST_CASE,PEDS,PERNOTMVIT,VE_TOTAL,VE_FORMS,PVH_INVL,PERSONS,PERMVIT,COUNTY,COUNTYNAME,CITY,CITYNAME,MONTH,MONTHNAME,DAY,DAYNAME,DAY_WEEK,DAY_WEEKNAME,YEAR,HOUR,HOURNAME,MINUTE,MINUTENAME,TWAY_ID,TWAY_ID2,ROUTE,ROUTENAME,RUR_URB,RUR_URBNAME,FUNC_SYS,FUNC_SYSNAME,RD_OWNER,RD_OWNERNAME,NHS,NHSNAME,SP_JUR,SP_JURNAME,MILEPT,MILEPTNAME,LATITUDE,LATITUDENAME,LONGITUD,LONGITUDNAME,HARM_EV,HARM_EVNAME,MAN_COLL,MAN_COLLNAME,RELJCT1,RELJCT1NAME,RELJCT2,RELJCT2NAME,TYP_INT,TYP_INTNAME,REL_ROAD,REL_ROADNAME,WRK_ZONE,WRK_ZONENAME,LGT_COND,LGT_CONDNAME,WEATHER,WEATHERNAME,SCH_BUS,SCH_BUSNAME,RAIL,RAILNAME,NOT_HOUR,NOT_HOURNAME,NOT_MIN,NOT_MINNAME,ARR_HOUR,ARR_HOURNAME,ARR_MIN,ARR_MINNAME,HOSP_HR,HOSP_HRNAME,HOSP_MN,HOSP_MNNAME,FATALS
6,California,61269,0,0,1,1,0,1,1,111,VENTURA (111),2270,MOORPARK,4,April,24,24,1,Sunday,2022,5,5:00am-5:59am,21,21,POINDEXTER AV,NA,8,Other,2,Urban,4,Minor Arterial,4,City or Municipal Highway Agency,0,This section IS NOT on the NHS,0,No Special Jurisdiction,99998,Not Reported,34.28416944,34.28416944,-118.88410833,-118.88410833,42,Tree (Standing Only),0,The First Harmful Event was Not a Collision with a Motor Vehicle in Transport,0,No,1,Non-Junction,1,Not an Intersection,4,On Roadside,0,None,4,Dawn,1,Clear,0,No,0000000,Not Applicable,99,Unknown,99,Unknown,99,Unknown EMS Scene Arrival Hour,99,Unknown EMS Scene Arrival Minutes,88,Not Applicable (Not Transported),88,Not Applicable (Not Transported),1
6,California,61270,0,0,3,2,1,2,2,65,RIVERSIDE (65),2278,MORENO VALLEY,4,April,24,24,1,Sunday,2022,18,6:00pm-6:59pm,0,0,BARBAZON DR,FIR AV,8,Other,2,Urban,7,Local,4,City or Municipal Highway Agency,0,This section IS NOT on the NHS,0,No Special Jurisdiction,99998,Not Reported,33.93542222,33.93542222,-117.20270556,-117.20270556,12,Motor Vehicle In-Transport,6,Angle,0,No,2,Intersection,2,Four-Way Intersection,1,On Roadway,0,None,1,Daylight,1,Clear,0,No,0000000,Not Applicable,99,Unknown,99,Unknown,99,Unknown EMS Scene Arrival Hour,99,Unknown EMS Scene Arrival Minutes,99,Unknown,99,Unknown EMS Hospital Arrival Time,1
6,California,61271,0,0,1,1,0,2,2,87,SANTA CRUZ (87),0,NOT APPLICABLE,3,March,30,30,4,Wednesday,2022,15,3:00pm-3:59pm,38,38,GRANITE CREEK RD,NA,8,Other,1,Rural,5,Major Collector,2,County Highway Agency,0,This section IS NOT on the NHS,0,No Special Jurisdiction,99998,Not Reported,37.01982778,37.01982778,-121.99715556,-121.99715556,42,Tree (Standing Only),0,The First Harmful Event was Not a Collision with a Motor Vehicle in Transport,0,No,1,Non-Junction,1,Not an Intersection,4,On Roadside,0,None,1,Daylight,1,Clear,0,No,0000000,Not Applicable,99,Unknown,99,Unknown,99,Unknown EMS Scene Arrival Hour,99,Unknown EMS Scene Arrival Minutes,99,Unknown,99,Unknown EMS Hospital Arrival Time,1
6,California,61272,0,0,2,2,0,3,3,71,SAN BERNARDINO (71),0,NOT APPLICABLE,5,May,15,15,1,Sunday,2022,11,11:00am-11:59am,30,30,SR-18,NA,3,State Highway,1,Rural,4,Minor Arterial,1,State Highway Agency,0,This section IS NOT on the NHS,0,No Special Jurisdiction,423,423,34.24758333,34.24758333,-117.00229167,-117.00229167,54,"Motor Vehicle In-Transport Strikes or is Struck by Cargo, Persons or Objects Set-in-Motion from/by Another Motor Vehicle In Transport",11,Other,0,No,1,Non-Junction,1,Not an Intersection,1,On Roadway,0,None,1,Daylight,1,Clear,0,No,0000000,Not Applicable,99,Unknown,99,Unknown,99,Unknown EMS Scene Arrival Hour,99,Unknown EMS Scene Arrival Minutes,99,Unknown,99,Unknown EMS Hospital Arrival Time,1
6,California,61273,1,1,3,3,0,4,4,31,KINGS (31),0,NOT APPLICABLE,6,June,11,11,7,Saturday,2022,23,11:00pm-11:59pm,2,2,SR-198,1 1/2 AVE,3,State Highway,1,Rural,2,Principal Arterial - Other Freeways and Expressways,1,State Highway Agency,1,This section IS ON the NHS,0,No Special Jurisdiction,278,278,36.32832778,36.32832778,-119.4838,-119.4838,8,Pedestrian,0,The First Harmful Event was Not a Collision with a Motor Vehicle in Transport,0,No,3,Intersection-Related,2,Four-Way Intersection,1,On Roadway,0,None,3,Dark - Lighted,1,Clear,0,No,0000000,Not Applicable,99,Unknown,99,Unknown,99,Unknown EMS Scene Arrival Hour,99,Unknown EMS Scene Arrival Minutes,99,Unknown,99,Unknown EMS Hospital Arrival Time,1
6,California,61274,0,0,1,1,0,1,1,105,TRINITY (105),0,NOT APPLICABLE,9,September,5,5,2,Monday,2022,11,11:00am-11:59am,45,45,SR-299,NA,3,State Highway,1,Rural,3,Principal Arterial - Other,1,State Highway Agency,1,This section IS ON the NHS,0,No Special Jurisdiction,83,83,40.84971944,40.84971944,-123.48488889,-123.48488889,24,Guardrail Face,0,The First Harmful Event was Not a Collision with a Motor Vehicle in Transport,0,No,1,Non-Junction,1,Not an Intersection,4,On Roadside,1,Construction,1,Daylight,1,Clear,0,No,0000000,Not Applicable,11,11:00am-11:59am,99,Unknown,11,11:00am-11:59am,99,Unknown EMS Scene Arrival Minutes,88,Not Applicable (Not Transported),88,Not Applicable (Not Transported),1
6,California,61275,0,0,1,1,0,5,5,71,SAN BERNARDINO (71),0,NOT APPLICABLE,8,August,29,29,2,Monday,2022,12,12:00pm-12:59pm,57,57,GOFFS RD,NA,8,Other,1,Rural,5,Major Collector,2,County Highway Agency,0,This section IS NOT on the NHS,0,No Special Jurisdiction,99998,Not Reported,34.91823056,34.91823056,-115.07100833,-115.07100833,1,Rollover/Overturn,0,The First Harmful Event was Not a Collision with a Motor Vehicle in Transport,0,No,1,Non-Junction,1,Not an Intersection,1,On Roadway,0,None,1,Daylight,10,Cloudy,0,No,0000000,Not Applicable,99,Unknown,99,Unknown,99,Unknown EMS Scene Arrival Hour,99,Unknown EMS Scene Arrival Minutes,99,Unknown,99,Unknown EMS Hospital Arrival Time,3
6,California,61276,0,0,2,2,0,3,3,65,RIVERSIDE (65),3070,RIVERSIDE,7,July,7,7,5,Thursday,2022,20,8:00pm-8:59pm,11,11,STREETER AVE,JERRY LOUDER DR,9,Unknown,2,Urban,4,Minor Arterial,4,City or Municipal Highway Agency,0,This section IS NOT on the NHS,0,No Special Jurisdiction,99998,Not Reported,33.95594722,33.95594722,-117.41859722,-117.41859722,12,Motor Vehicle In-Transport,6,Angle,0,No,2,Intersection,3,T-Intersection,1,On Roadway,0,None,5,Dusk,1,Clear,0,No,0000000,Not Applicable,20,8:00pm-8:59pm,99,Unknown,20,8:00pm-8:59pm,99,Unknown EMS Scene Arrival Minutes,88,Not Applicable (Not Transported),88,Not Applicable (Not Transported),1
6,California,61277,1,1,2,2,0,2,2,65,RIVERSIDE (65),1580,HEMET,6,June,1,1,4,Wednesday,2022,21,9:00pm-9:59pm,34,34,SR- 74 FLORIDA AVE,NA,3,State Highway,2,Urban,3,Principal Arterial - Other,1,State Highway Agency,1,This section IS ON the NHS,0,No Special Jurisdiction,413,413,33.74757222,33.74757222,-116.95816389,-116.95816389,8,Pedestrian,0,The First Harmful Event was Not a Collision with a Motor Vehicle in Transport,0,No,1,Non-Junction,1,Not an Intersection,1,On Roadway,0,None,3,Dark - Lighted,1,Clear,0,No,0000000,Not Applicable,99,Unknown,99,Unknown,99,Unknown EMS Scene Arrival Hour,99,Unknown EMS Scene Arrival Minutes,88,Not Applicable (Not Transported),88,Not Applicable (Not Transported),1
6,California,61278,1,1,1,1,0,1,1,65,RIVERSIDE (65),2278,MORENO VALLEY,7,July,12,12,3,Tuesday,2022,20,8:00pm-8:59pm,49,49,INDIAN ST,NA,8,Other,2,Urban,5,Major Collector,4,City or Municipal Highway Agency,0,This section IS NOT on the NHS,0,No Special Jurisdiction,99998,Not Reported,33.94344722,33.94344722,-117.23506944,-117.23506944,8,Pedestrian,0,The First Harmful Event was Not a Collision with a Motor Vehicle in Transport,0,No,1,Non-Junction,1,Not an Intersection,1,On Roadway,0,None,3,Dark - Lighted,1,Clear,0,No,0000000,Not Applicable,20,8:00pm-8:59pm,99,Unknown,20,8:00pm-8:59pm,99,Unknown EMS Scene Arrival Minutes,88,Not Applicable (Not Transported),88,Not Applicable (Not Transported),1
6,California,61279,1,1,1,1,0,1,1,65,RIVERSIDE (65),2278,MORENO VALLEY,8,August,19,19,6,Friday,2022,20,8:00pm-8:59pm,33,33,ALESSANDRO BLVD,NA,8,Other,2,Urban,4,Minor Arterial,4,City or Municipal Highway Agency,0,This section IS NOT on the NHS,0,No Special Jurisdiction,99998,Not Reported,33.91691111,33.91691111,-117.26895,-117.26895,8,Pedestrian,0,The First Harmful Event was Not a Collision with a Motor Vehicle in Transport,0,No,1,Non-Junction,1,Not an Intersection,1,On Roadway,0,None,3,Dark - Lighted,1,Clear,0,No,0000000,Not Applicable,99,Unknown,99,Unknown,99,Unknown EMS Scene Arrival Hour,99,Unknown EMS Scene Arrival Minutes,88,Not Applicable (Not Transported),88,Not Applicable (Not Transported),1
6,California,61280,1,1,1,1,0,1,1,97,SONOMA (97),3089,ROHNERT PARK,7,July,1,1,6,Friday,2022,12,12:00pm-12:59pm,7,7,ROHNERT PARK EXPWY,NA,8,Other,2,Urban,3,Principal Arterial - Other,4,City or Municipal Highway Agency,1,This section IS ON the NHS,0,No Special Jurisdiction,99998,Not Reported,38.3459,38.3459,-122.68856111,-122.68856111,8,Pedestrian,0,The First Harmful Event was Not a Collision with a Motor Vehicle in Transport,0,No,1,Non-Junction,1,Not an Intersection,1,On Roadway,0,None,1,Daylight,1,Clear,0,No,0000000,Not Applicable,99,Unknown,99,Unknown,99,Unknown EMS Scene Arrival Hour,99,Unknown EMS Scene Arrival Minutes,88,Not Applicable (Not Transported),88,Not Applicable (Not Transported),1
6,California,61281,0,0,2,2,0,2,2,65,RIVERSIDE (65),2278,MORENO VALLEY,7,July,1,1,6,Friday,2022,16,4:00pm-4:59pm,8,8,HEACOCK ST,IRONWOOD AVE,8,Other,2,Urban,4,Minor Arterial,4,City or Municipal Highway Agency,0,This section IS NOT on the NHS,0,No Special Jurisdiction,99998,Not Reported,33.94662222,33.94662222,-117.243875,-117.243875,12,Motor Vehicle In-Transport,6,Angle,0,No,2,Intersection,2,Four-Way Intersection,1,On Roadway,0,None,1,Daylight,1,Clear,0,No,0000000,Not Applicable,99,Unknown,99,Unknown,99,Unknown EMS Scene Arrival Hour,99,Unknown EMS Scene Arrival Minutes,88,Not Applicable (Not Transported),88,Not Applicable (Not Transported),1
6,California,61282,0,0,2,2,0,2,2,65,RIVERSIDE (65),2646,PALM DESERT,8,August,15,15,2,Monday,2022,8,8:00am-8:59am,2,2,WASHINGTON ST,TUCSON CIR,9,Unknown,2,Urban,4,Minor Arterial,98,Not Reported,0,This section IS NOT on the NHS,0,No Special Jurisdiction,99998,Not Reported,33.73409722,33.73409722,-116.30394444,-116.30394444,12,Motor Vehicle In-Transport,6,Angle,0,No,2,Intersection,3,T-Intersection,1,On Roadway,0,None,1,Daylight,1,Clear,0,No,0000000,Not Applicable,99,Unknown,99,Unknown,99,Unknown EMS Scene Arrival Hour,99,Unknown EMS Scene Arrival Minutes,99,Unknown,99,Unknown EMS Hospital Arrival Time,1
6,California,61284,1,1,1,1,0,1,1,19,FRESNO (19),1370,FRESNO,7,July,24,24,1,Sunday,2022,20,8:00pm-8:59pm,56,56,TULARE AVE,NINTH ST,8,Other,2,Urban,5,Major Collector,4,City or Municipal Highway Agency,0,This section IS NOT on the NHS,0,No Special Jurisdiction,99998,Not Reported,36.74325278,36.74325278,-119.758975,-119.758975,8,Pedestrian,0,The First Harmful Event was Not a Collision with a Motor Vehicle in Transport,0,No,3,Intersection-Related,98,Not Reported,1,On Roadway,0,None,3,Dark - Lighted,1,Clear,0,No,0000000,Not Applicable,99,Unknown,99,Unknown,99,Unknown EMS Scene Arrival Hour,99,Unknown EMS Scene Arrival Minutes,88,Not Applicable (Not Transported),88,Not Applicable (Not Transported),1
6,California,61285,1,1,1,1,0,2,2,73,SAN DIEGO (73),560,CARLSBAD,8,August,15,15,2,Monday,2022,13,1:00pm-1:59pm,2,2,CARLSBAD BL,NA,8,Other,2,Urban,4,Minor Arterial,4,City or Municipal Highway Agency,0,This section IS NOT on the NHS,0,No Special Jurisdiction,99998,Not Reported,33.119575,33.119575,-117.32622222,-117.32622222,9,Pedalcyclist,0,The First Harmful Event was Not a Collision with a Motor Vehicle in Transport,0,No,1,Non-Junction,1,Not an Intersection,1,On Roadway,0,None,1,Daylight,1,Clear,0,No,0000000,Not Applicable,13,1:00pm-1:59pm,99,Unknown,13,1:00pm-1:59pm,99,Unknown EMS Scene Arrival Minutes,99,Unknown,99,Unknown EMS Hospital Arrival Time,1
6,California,61286,1,1,1,1,0,2,2,65,RIVERSIDE (65),2730,PERRIS,8,August,15,15,2,Monday,2022,18,6:00pm-6:59pm,52,52,REDLANDS AVE,ORANGE AVE,8,Other,2,Urban,5,Major Collector,4,City or Municipal Highway Agency,0,This section IS NOT on the NHS,0,No Special Jurisdiction,99998,Not Reported,33.81580833,33.81580833,-117.21736944,-117.21736944,8,Pedestrian,0,The First Harmful Event was Not a Collision with a Motor Vehicle in Transport,0,No,3,Intersection-Related,2,Four-Way Intersection,1,On Roadway,0,None,1,Daylight,1,Clear,0,No,0000000,Not Applicable,99,Unknown,99,Unknown,99,Unknown EMS Scene Arrival Hour,99,Unknown EMS Scene Arrival Minutes,99,Unknown,99,Unknown EMS Hospital Arrival Time,1
6,California,61287,0,1,2,1,1,2,1,65,RIVERSIDE (65),0,NOT APPLICABLE,4,April,9,9,7,Saturday,2022,1,1:00am-1:59am,52,52,I-5,NA,1,Interstate,2,Urban,1,Interstate,1,State Highway Agency,1,This section IS ON the NHS,0,No Special Jurisdiction,287,287,33.7389,33.7389,-117.42725,-117.42725,14,Parked Motor Vehicle,0,The First Harmful Event was Not a Collision with a Motor Vehicle in Transport,0,No,1,Non-Junction,1,Not an Intersection,2,On Shoulder,0,None,2,Dark - Not Lighted,6,Severe Crosswinds,0,No,0000000,Not Applicable,99,Unknown,99,Unknown,99,Unknown EMS Scene Arrival Hour,99,Unknown EMS Scene Arrival Minutes,88,Not Applicable (Not Transported),88,Not Applicable (Not Transported),1
6,California,61288,0,0,1,1,0,1,1,23,HUMBOLDT (23),0,NOT APPLICABLE,8,August,20,20,7,Saturday,2022,2,2:00am-2:59am,10,10,CR-GRIZZLY BLUFF RD,NA,4,County Road,2,Urban,5,Major Collector,2,County Highway Agency,0,This section IS NOT on the NHS,0,No Special Jurisdiction,51,51,40.57331111,40.57331111,-124.23365,-124.23365,34,Ditch,0,The First Harmful Event was Not a Collision with a Motor Vehicle in Transport,0,No,1,Non-Junction,1,Not an Intersection,4,On Roadside,0,None,2,Dark - Not Lighted,10,Cloudy,0,No,0000000,Not Applicable,99,Unknown,99,Unknown,99,Unknown EMS Scene Arrival Hour,99,Unknown EMS Scene Arrival Minutes,88,Not Applicable (Not Transported),88,Not Applicable (Not Transported),1
6,California,61289,0,0,1,1,0,2,2,17,EL DORADO (17),0,NOT APPLICABLE,9,September,11,11,1,Sunday,2022,18,6:00pm-6:59pm,55,55,PIONEER TRL,NA,8,Other,2,Urban,4,Minor Arterial,2,County Highway Agency,0,This section IS NOT on the NHS,0,No Special Jurisdiction,99998,Not Reported,38.89851944,38.89851944,-119.9704,-119.9704,1,Rollover/Overturn,0,The First Harmful Event was Not a Collision with a Motor Vehicle in Transport,0,No,1,Non-Junction,1,Not an Intersection,4,On Roadside,0,None,5,Dusk,5,"Fog, Smog, Smoke",0,No,0000000,Not Applicable,99,Unknown,99,Unknown,99,Unknown EMS Scene Arrival Hour,99,Unknown EMS Scene Arrival Minutes,99,Unknown,99,Unknown EMS Hospital Arrival Time,1
6,California,61290,0,0,2,2,0,2,2,99,STANISLAUS (99),0,NOT APPLICABLE,7,July,29,29,6,Friday,2022,15,3:00pm-3:59pm,46,46,26 MILE RD,NA,8,Other,1,Rural,5,Major Collector,2,County Highway Agency,0,This section IS NOT on the NHS,0,No Special Jurisdiction,99998,Not Reported,37.87225,37.87225,-120.88130278,-120.88130278,12,Motor Vehicle In-Transport,2,Front-to-Front,0,No,1,Non-Junction,1,Not an Intersection,1,On Roadway,0,None,1,Daylight,1,Clear,0,No,0000000,Not Applicable,99,Unknown,99,Unknown,99,Unknown EMS Scene Arrival Hour,99,Unknown EMS Scene Arrival Minutes,88,Not Applicable (Not Transported),88,Not Applicable (Not Transported),2
6,California,61291,1,1,1,1,0,1,1,81,SAN MATEO (81),2625,PACIFICA,2,February,21,21,2,Monday,2022,21,9:00pm-9:59pm,30,30,RT-35 SKYLINE BLVD,NA,8,Other,2,Urban,3,Principal Arterial - Other,1,State Highway Agency,1,This section IS ON the NHS,0,No Special Jurisdiction,269,269,37.64764722,37.64764722,-122.47212778,-122.47212778,8,Pedestrian,0,The First Harmful Event was Not a Collision with a Motor Vehicle in Transport,0,No,1,Non-Junction,1,Not an Intersection,1,On Roadway,0,None,2,Dark - Not Lighted,2,Rain,0,No,0000000,Not Applicable,21,9:00pm-9:59pm,99,Unknown,21,9:00pm-9:59pm,40,40,88,Not Applicable (Not Transported),88,Not Applicable (Not Transported),1
6,California,61292,0,0,2,2,0,4,4,37,LOS ANGELES (37),1716,IRWINDALE,2,February,21,21,2,Monday,2022,16,4:00pm-4:59pm,29,29,ARROW HWY,GAYHURST AVE,8,Other,2,Urban,3,Principal Arterial - Other,4,City or Municipal Highway Agency,1,This section IS ON the NHS,0,No Special Jurisdiction,99998,Not Reported,34.10699444,34.10699444,-117.94901667,-117.94901667,12,Motor Vehicle In-Transport,6,Angle,0,No,2,Intersection,3,T-Intersection,1,On Roadway,0,None,1,Daylight,10,Cloudy,0,No,0000000,Not Applicable,16,4:00pm-4:59pm,99,Unknown,16,4:00pm-4:59pm,99,Unknown EMS Scene Arrival Minutes,99,Unknown,99,Unknown EMS Hospital Arrival Time,1
6,California,61293,0,0,2,2,0,3,3,113,YOLO (113),0,NOT APPLICABLE,7,July,15,15,6,Friday,2022,6,6:00am-6:59am,48,48,I-5,NA,1,Interstate,1,Rural,1,Interstate,1,State Highway Agency,1,This section IS ON the NHS,0,No Special Jurisdiction,5436,5436,38.74567778,38.74567778,-121.83298056,-121.83298056,12,Motor Vehicle In-Transport,9,Rear-to-Side,0,No,1,Non-Junction,1,Not an Intersection,1,On Roadway,0,None,1,Daylight,1,Clear,0,No,0000000,Not Applicable,99,Unknown,99,Unknown,99,Unknown EMS Scene Arrival Hour,99,Unknown EMS Scene Arrival Minutes,88,Not Applicable (Not Transported),88,Not Applicable (Not Transported),2
6,California,61294,0,0,2,2,0,2,2,77,SAN JOAQUIN (77),0,NOT APPLICABLE,8,August,2,2,3,Tuesday,2022,17,5:00pm-5:59pm,42,42,MARIPOSA RD,NA,8,Other,2,Urban,5,Major Collector,2,County Highway Agency,0,This section IS NOT on the NHS,0,No Special Jurisdiction,104,104,37.886025,37.886025,-121.10188889,-121.10188889,12,Motor Vehicle In-Transport,2,Front-to-Front,0,No,1,Non-Junction,1,Not an Intersection,1,On Roadway,0,None,1,Daylight,1,Clear,0,No,0000000,Not Applicable,99,Unknown,99,Unknown,99,Unknown EMS Scene Arrival Hour,99,Unknown EMS Scene Arrival Minutes,99,Unknown,99,Unknown EMS Hospital Arrival Time,1
6,California,61295,1,1,1,1,0,2,2,19,FRESNO (19),1370,FRESNO,8,August,25,25,5,Thursday,2022,22,10:00pm-10:59pm,25,25,SR-99,NA,3,State Highway,2,Urban,2,Principal Arterial - Other Freeways and Expressways,1,State Highway Agency,1,This section IS ON the NHS,0,No Special Jurisdiction,1348,1348,36.74706667,36.74706667,-119.82249167,-119.82249167,8,Pedestrian,0,The First Harmful Event was Not a Collision with a Motor Vehicle in Transport,0,No,1,Non-Junction,1,Not an Intersection,1,On Roadway,0,None,2,Dark - Not Lighted,1,Clear,0,No,0000000,Not Applicable,22,10:00pm-10:59pm,99,Unknown,22,10:00pm-10:59pm,99,Unknown EMS Scene Arrival Minutes,88,Not Applicable (Not Transported),88,Not Applicable (Not Transported),1
6,California,61296,1,1,1,1,0,1,1,29,KERN (29),240,BAKERSFIELD,9,September,13,13,3,Tuesday,2022,22,10:00pm-10:59pm,58,58,SR-99,NA,3,State Highway,1,Rural,2,Principal Arterial - Other Freeways and Expressways,1,State Highway Agency,1,This section IS ON the NHS,0,No Special Jurisdiction,253,253,35.37781944,35.37781944,-119.04426389,-119.04426389,8,Pedestrian,0,The First Harmful Event was Not a Collision with a Motor Vehicle in Transport,0,No,1,Non-Junction,1,Not an Intersection,1,On Roadway,0,None,2,Dark - Not Lighted,1,Clear,0,No,0000000,Not Applicable,99,Unknown,99,Unknown,99,Unknown EMS Scene Arrival Hour,99,Unknown EMS Scene Arrival Minutes,88,Not Applicable (Not Transported),88,Not Applicable (Not Transported),1
6,California,61297,0,0,2,2,0,3,3,65,RIVERSIDE (65),3851,TEMECULA,4,April,30,30,7,Saturday,2022,18,6:00pm-6:59pm,59,59,JEFFERSON AVE,NA,8,Other,2,Urban,4,Minor Arterial,4,City or Municipal Highway Agency,0,This section IS NOT on the NHS,0,No Special Jurisdiction,99998,Not Reported,33.50711667,33.50711667,-117.15497778,-117.15497778,12,Motor Vehicle In-Transport,1,Front-to-Rear,0,No,8,Driveway Access Related,1,Not an Intersection,1,On Roadway,0,None,5,Dusk,1,Clear,0,No,0000000,Not Applicable,99,Unknown,99,Unknown,99,Unknown EMS Scene Arrival Hour,99,Unknown EMS Scene Arrival Minutes,88,Not Applicable (Not Transported),88,Not Applicable (Not Transported),1
6,California,61298,0,0,2,2,0,5,5,13,CONTRA COSTA (13),2583,ORINDA,7,July,10,10,1,Sunday,2022,17,5:00pm-5:59pm,41,41,SR-24,NA,3,State Highway,2,Urban,2,Principal Arterial - Other Freeways and Expressways,1,State Highway Agency,1,This section IS ON the NHS,0,No Special Jurisdiction,65,65,37.87726389,37.87726389,-122.18710833,-122.18710833,12,Motor Vehicle In-Transport,1,Front-to-Rear,1,Yes,20,Entrance/Exit Ramp,1,Not an Intersection,1,On Roadway,0,None,1,Daylight,1,Clear,0,No,0000000,Not Applicable,99,Unknown,99,Unknown,99,Unknown EMS Scene Arrival Hour,99,Unknown EMS Scene Arrival Minutes,88,Not Applicable (Not Transported),88,Not Applicable (Not Transported),1
6,California,61299,0,0,2,2,0,2,2,71,SAN BERNARDINO (71),680,CHINO,5,May,20,20,6,Friday,2022,23,11:00pm-11:59pm,0,0,SR-60,NA,3,State Highway,2,Urban,2,Principal Arterial - Other Freeways and Expressways,1,State Highway Agency,1,This section IS ON the NHS,0,No Special Jurisdiction,17,17,34.03025,34.03025,-117.69988611,-117.69988611,2,Fire/Explosion,0,The First Harmful Event was Not a Collision with a Motor Vehicle in Transport,0,No,1,Non-Junction,1,Not an Intersection,1,On Roadway,0,None,3,Dark - Lighted,1,Clear,0,No,0000000,Not Applicable,99,Unknown,99,Unknown,99,Unknown EMS Scene Arrival Hour,99,Unknown EMS Scene Arrival Minutes,99,Unknown,99,Unknown EMS Hospital Arrival Time,1
6,California,61300,0,0,1,1,0,1,1,57,NEVADA (57),0,NOT APPLICABLE,6,June,13,13,2,Monday,2022,19,7:00pm-7:59pm,50,50,ALLISON RANCH RD,NA,8,Other,2,Urban,5,Major Collector,2,County Highway Agency,0,This section IS NOT on the NHS,0,No Special Jurisdiction,99998,Not Reported,39.18836667,39.18836667,-121.06560556,-121.06560556,35,Embankment,0,The First Harmful Event was Not a Collision with a Motor Vehicle in Transport,0,No,1,Non-Junction,1,Not an Intersection,4,On Roadside,0,None,1,Daylight,1,Clear,0,No,0000000,Not Applicable,99,Unknown,99,Unknown,99,Unknown EMS Scene Arrival Hour,99,Unknown EMS Scene Arrival Minutes,99,Unknown,99,Unknown EMS Hospital Arrival Time,1
6,California,61301,0,0,1,1,0,1,1,73,SAN DIEGO (73),0,NOT APPLICABLE,7,July,23,23,7,Saturday,2022,15,3:00pm-3:59pm,30,30,SR-76,NA,3,State Highway,1,Rural,4,Minor Arterial,1,State Highway Agency,0,This section IS NOT on the NHS,0,No Special Jurisdiction,194,194,33.34262222,33.34262222,-117.13304444,-117.13304444,35,Embankment,0,The First Harmful Event was Not a Collision with a Motor Vehicle in Transport,0,No,1,Non-Junction,1,Not an Intersection,4,On Roadside,0,None,1,Daylight,1,Clear,0,No,0000000,Not Applicable,99,Unknown,99,Unknown,99,Unknown EMS Scene Arrival Hour,99,Unknown EMS Scene Arrival Minutes,99,Unknown,99,Unknown EMS Hospital Arrival Time,1
6,California,61302,0,0,1,1,0,1,1,71,SAN BERNARDINO (71),2238,MONTCLAIR,2,February,22,22,3,Tuesday,2022,13,1:00pm-1:59pm,5,5,CENTRAL AVE,NA,8,Other,2,Urban,3,Principal Arterial - Other,4,City or Municipal Highway Agency,1,This section IS ON the NHS,0,No Special Jurisdiction,99998,Not Reported,34.07265556,34.07265556,-117.68956389,-117.68956389,33,Curb,0,The First Harmful Event was Not a Collision with a Motor Vehicle in Transport,0,No,1,Non-Junction,1,Not an Intersection,3,On Median,0,None,1,Daylight,10,Cloudy,0,No,0000000,Not Applicable,99,Unknown,99,Unknown,99,Unknown EMS Scene Arrival Hour,99,Unknown EMS Scene Arrival Minutes,99,Unknown,99,Unknown EMS Hospital Arrival Time,1
6,California,61303,1,1,1,1,0,1,1,37,LOS ANGELES (37),1980,LOS ANGELES,2,February,23,23,4,Wednesday,2022,21,9:00pm-9:59pm,35,35,CENTRAL AVE,EAST 108TH ST,8,Other,2,Urban,3,Principal Arterial - Other,4,City or Municipal Highway Agency,1,This section IS ON the NHS,0,No Special Jurisdiction,99998,Not Reported,33.93816111,33.93816111,-118.25425,-118.25425,8,Pedestrian,0,The First Harmful Event was Not a Collision with a Motor Vehicle in Transport,0,No,3,Intersection-Related,3,T-Intersection,1,On Roadway,0,None,3,Dark - Lighted,1,Clear,0,No,0000000,Not Applicable,21,9:00pm-9:59pm,99,Unknown,21,9:00pm-9:59pm,99,Unknown EMS Scene Arrival Minutes,88,Not Applicable (Not Transported),88,Not Applicable (Not Transported),1
6,California,61304,1,1,1,1,0,1,1,71,SAN BERNARDINO (71),2238,MONTCLAIR,2,February,24,24,5,Thursday,2022,13,1:00pm-1:59pm,30,30,MONTE VISTA AVE,RICHTON ST,8,Other,2,Urban,4,Minor Arterial,4,City or Municipal Highway Agency,0,This section IS NOT on the NHS,0,No Special Jurisdiction,99998,Not Reported,34.09535278,34.09535278,-117.69838333,-117.69838333,9,Pedalcyclist,0,The First Harmful Event was Not a Collision with a Motor Vehicle in Transport,0,No,3,Intersection-Related,2,Four-Way Intersection,1,On Roadway,0,None,1,Daylight,1,Clear,0,No,0000000,Not Applicable,99,Unknown,99,Unknown,99,Unknown EMS Scene Arrival Hour,99,Unknown EMS Scene Arrival Minutes,14,2:00pm-2:59pm,5,5,1
6,California,61305,0,0,2,2,0,2,2,37,LOS ANGELES (37),1980,LOS ANGELES,2,February,11,11,6,Friday,2022,23,11:00pm-11:59pm,11,11,SR-1 PACIFIC COAST HWY,NA,3,State Highway,2,Urban,3,Principal Arterial - Other,1,State Highway Agency,1,This section IS ON the NHS,0,No Special Jurisdiction,121,121,33.79097778,33.79097778,-118.29133333,-118.29133333,12,Motor Vehicle In-Transport,6,Angle,0,No,1,Non-Junction,1,Not an Intersection,1,On Roadway,0,None,2,Dark - Not Lighted,1,Clear,0,No,0000000,Not Applicable,99,Unknown,99,Unknown,99,Unknown EMS Scene Arrival Hour,99,Unknown EMS Scene Arrival Minutes,88,Not Applicable (Not Transported),88,Not Applicable (Not Transported),1