STATE,STATENAME,ST_CASE,PEDS,PERNOTMVIT,VE_TOTAL,VE_FORMS,PVH_INVL,PERSONS,PERMVIT,COUNTY,COUNTYNAME,CITY,CITYNAME,MONTH,MONTHNAME,DAY,DAYNAME,DAY_WEEK,DAY_WEEKNAME,YEAR,HOUR,HOURNAME,MINUTE,MINUTENAME,TWAY_ID,TWAY_ID2,ROUTE,ROUTENAME,RUR_URB,RUR_URBNAME,FUNC_SYS,FUNC_SYSNAME,RD_OWNER,RD_OWNERNAME,NHS,NHSNAME,SP_JUR,SP_JURNAME,MILEPT,MILEPTNAME,LATITUDE,LATITUDENAME,LONGITUD,LONGITUDNAME,HARM_EV,HARM_EVNAME,MAN_COLL,MAN_COLLNAME,RELJCT1,RELJCT1NAME,RELJCT2,RELJCT2NAME,TYP_INT,TYP_INTNAME,REL_ROAD,REL_ROADNAME,WRK_ZONE,WRK_ZONENAME,LGT_COND,LGT_CONDNAME,WEATHER,WEATHERNAME,SCH_BUS,SCH_BUSNAME,RAIL,RAILNAME,NOT_HOUR,NOT_HOURNAME,NOT_MIN,NOT_MINNAME,ARR_HOUR,ARR_HOURNAME,ARR_MIN,ARR_MINNAME,HOSP_HR,HOSP_HRNAME,HOSP_MN,HOSP_MNNAME,FATALS
6,California,61412,1,1,1,1,0,1,1,37,LOS ANGELES (37),1980,LOS ANGELES,3,March,4,4,6,Friday,2022,1,1:00am-1:59am,25,25,LA CIENEGA BLVD,OBAMA BLVD,8,Other,2,Urban,3,Principal Arterial - Other,4,City or Municipal Highway Agency,1,This section IS ON the NHS,0,No Special Jurisdiction,99998,Not Reported,34.02182778,34.02182778,-118.37228889,-118.37228889,8,Pedestrian,0,The First Harmful Event was Not a Collision with a Motor Vehicle in Transport,0,No,3,Intersection-Related,2,Four-Way Intersection,1,On Roadway,0,None,3,Dark - Lighted,1,Clear,0,No,0000000,Not Applicable,99,Unknown,99,Unknown,99,Unknown EMS Scene Arrival Hour,99,Unknown EMS Scene Arrival Minutes,88,Not Applicable (Not Transported),88,Not Applicable (Not Transported),1
6,California,61413,1,1,2,1,1,0,0,75,SAN FRANCISCO (75),3290,SAN FRANCISCO,3,March,4,4,6,Friday,2022,20,8:00pm-8:59pm,44,44,FRANCE AVE,NA,8,Other,2,Urban,7,Local,4,City or Municipal Highway Agency,0,This section IS NOT on the NHS,0,No Special Jurisdiction,99998,Not Reported,37.71988611,37.71988611,-122.43796111,-122.43796111,14,Parked Motor Vehicle,0,The First Harmful Event was Not a Collision with a Motor Vehicle in Transport,0,No,1,Non-Junction,1,Not an Intersection,7,In Parking Lane/Zone,0,None,3,Dark - Lighted,10,Cloudy,0,No,0000000,Not Applicable,99,Unknown,99,Unknown,99,Unknown EMS Scene Arrival Hour,99,Unknown EMS Scene Arrival Minutes,88,Not Applicable (Not Transported),88,Not Applicable (Not Transported),1
6,California,61414,0,0,1,1,0,2,2,65,RIVERSIDE (65),526,CALIMESA,9,September,3,3,7,Saturday,2022,3,3:00am-3:59am,27,27,SINGLETON RD,NA,8,Other,2,Urban,7,Local,4,City or Municipal Highway Agency,0,This section IS NOT on the NHS,0,No Special Jurisdiction,99998,Not Reported,33.99575833,33.99575833,-117.0345,-117.0345,33,Curb,0,The First Harmful Event was Not a Collision with a Motor Vehicle in Transport,0,No,1,Non-Junction,1,Not an Intersection,4,On Roadside,0,None,3,Dark - Lighted,1,Clear,0,No,0000000,Not Applicable,99,Unknown,99,Unknown,99,Unknown EMS Scene Arrival Hour,99,Unknown EMS Scene Arrival Minutes,99,Unknown,99,Unknown EMS Hospital Arrival Time,1
6,California,61415,0,0,1,1,0,1,1,111,VENTURA (111),0,NOT APPLICABLE,7,July,12,12,3,Tuesday,2022,18,6:00pm-6:59pm,22,22,SR-23 CHAMBERSBURG RD,NA,3,State Highway,1,Rural,4,Minor Arterial,1,State Highway Agency,0,This section IS NOT on the NHS,0,No Special Jurisdiction,312,312,34.38438056,34.38438056,-118.91566111,-118.91566111,50,Bridge Overhead Structure,0,The First Harmful Event was Not a Collision with a Motor Vehicle in Transport,0,No,1,Non-Junction,1,Not an Intersection,4,On Roadside,0,None,1,Daylight,1,Clear,0,No,0000000,Not Applicable,99,Unknown,99,Unknown,99,Unknown EMS Scene Arrival Hour,99,Unknown EMS Scene Arrival Minutes,88,Not Applicable (Not Transported),88,Not Applicable (Not Transported),1
6,California,61416,0,0,1,1,0,1,1,107,TULARE (107),0,NOT APPLICABLE,8,August,12,12,6,Friday,2022,11,11:00am-11:59am,50,50,W CARTMILL AVE,NA,8,Other,2,Urban,4,Minor Arterial,2,County Highway Agency,0,This section IS NOT on the NHS,0,No Special Jurisdiction,99998,Not Reported,36.24011111,36.24011111,-119.36191667,-119.36191667,30,Utility Pole/Light Support,0,The First Harmful Event was Not a Collision with a Motor Vehicle in Transport,0,No,1,Non-Junction,1,Not an Intersection,4,On Roadside,0,None,1,Daylight,1,Clear,0,No,0000000,Not Applicable,99,Unknown,99,Unknown,99,Unknown EMS Scene Arrival Hour,99,Unknown EMS Scene Arrival Minutes,99,Unknown,99,Unknown EMS Hospital Arrival Time,1
6,California,61417,0,0,2,2,0,2,2,19,FRESNO (19),0,NOT APPLICABLE,8,August,13,13,7,Saturday,2022,23,11:00pm-11:59pm,20,20,SR-33,NA,3,State Highway,1,Rural,4,Minor Arterial,1,State Highway Agency,0,This section IS NOT on the NHS,0,No Special Jurisdiction,634,634,36.7753,36.7753,-120.39693056,-120.39693056,12,Motor Vehicle In-Transport,2,Front-to-Front,0,No,1,Non-Junction,1,Not an Intersection,1,On Roadway,0,None,2,Dark - Not Lighted,1,Clear,0,No,0000000,Not Applicable,23,11:00pm-11:59pm,99,Unknown,23,11:00pm-11:59pm,99,Unknown EMS Scene Arrival Minutes,99,Unknown,99,Unknown EMS Hospital Arrival Time,1
6,California,61418,0,0,1,1,0,2,2,107,TULARE (107),0,NOT APPLICABLE,8,August,20,20,7,Saturday,2022,2,2:00am-2:59am,5,5,CR-AVENUE 424,NA,4,County Road,1,Rural,5,Major Collector,2,County Highway Agency,0,This section IS NOT on the NHS,0,No Special Jurisdiction,21,21,36.56063056,36.56063056,-119.415475,-119.415475,46,Traffic Signal Support,0,The First Harmful Event was Not a Collision with a Motor Vehicle in Transport,0,No,6,Railway Grade Crossing,1,Not an Intersection,1,On Roadway,0,None,2,Dark - Not Lighted,1,Clear,0,No,9999999,Unknown,99,Unknown,99,Unknown,99,Unknown EMS Scene Arrival Hour,99,Unknown EMS Scene Arrival Minutes,99,Unknown,99,Unknown EMS Hospital Arrival Time,1
6,California,61419,1,1,1,1,0,1,1,79,SAN LUIS OBISPO (79),0,NOT APPLICABLE,9,September,10,10,7,Saturday,2022,18,6:00pm-6:59pm,50,50,US-101,NA,2,US Highway,2,Urban,2,Principal Arterial - Other Freeways and Expressways,1,State Highway Agency,1,This section IS ON the NHS,0,No Special Jurisdiction,42,42,35.03009444,35.03009444,-120.47721389,-120.47721389,8,Pedestrian,0,The First Harmful Event was Not a Collision with a Motor Vehicle in Transport,0,No,1,Non-Junction,1,Not an Intersection,1,On Roadway,0,None,1,Daylight,10,Cloudy,0,No,0000000,Not Applicable,18,6:00pm-6:59pm,99,Unknown,18,6:00pm-6:59pm,99,Unknown EMS Scene Arrival Minutes,88,Not Applicable (Not Transported),88,Not Applicable (Not Transported),1
6,California,61420,1,1,1,1,0,1,1,107,TULARE (107),0,NOT APPLICABLE,9,September,10,10,7,Saturday,2022,21,9:00pm-9:59pm,10,10,E SPRINGVILLE AVE,S CONNER ST,8,Other,2,Urban,5,Major Collector,2,County Highway Agency,0,This section IS NOT on the NHS,0,No Special Jurisdiction,99998,Not Reported,36.05495556,36.05495556,-118.98619722,-118.98619722,8,Pedestrian,0,The First Harmful Event was Not a Collision with a Motor Vehicle in Transport,0,No,3,Intersection-Related,3,T-Intersection,1,On Roadway,0,None,3,Dark - Lighted,2,Rain,0,No,0000000,Not Applicable,21,9:00pm-9:59pm,99,Unknown,21,9:00pm-9:59pm,99,Unknown EMS Scene Arrival Minutes,21,9:00pm-9:59pm,99,Unknown EMS Hospital Arrival Time,1
6,California,61421,0,0,1,1,0,1,1,77,SAN JOAQUIN (77),1940,LODI,9,September,11,11,1,Sunday,2022,21,9:00pm-9:59pm,34,34,SR-99,NA,3,State Highway,2,Urban,2,Principal Arterial - Other Freeways and Expressways,1,State Highway Agency,1,This section IS ON the NHS,0,No Special Jurisdiction,298,298,38.12009444,38.12009444,-121.25758889,-121.25758889,42,Tree (Standing Only),0,The First Harmful Event was Not a Collision with a Motor Vehicle in Transport,0,No,1,Non-Junction,1,Not an Intersection,4,On Roadside,0,None,3,Dark - Lighted,1,Clear,0,No,0000000,Not Applicable,99,Unknown,99,Unknown,99,Unknown EMS Scene Arrival Hour,99,Unknown EMS Scene Arrival Minutes,88,Not Applicable (Not Transported),88,Not Applicable (Not Transported),1
6,California,61422,0,0,1,1,0,1,1,67,SACRAMENTO (67),3150,SACRAMENTO,9,September,20,20,3,Tuesday,2022,7,7:00am-7:59am,55,55,I-5 RAMP,NA,1,Interstate,2,Urban,1,Interstate,1,State Highway Agency,1,This section IS ON the NHS,0,No Special Jurisdiction,299,299,38.66666389,38.66666389,-121.54000278,-121.54000278,42,Tree (Standing Only),0,The First Harmful Event was Not a Collision with a Motor Vehicle in Transport,1,Yes,5,Entrance/Exit Ramp Related,1,Not an Intersection,4,On Roadside,0,None,1,Daylight,10,Cloudy,0,No,0000000,Not Applicable,99,Unknown,99,Unknown,99,Unknown EMS Scene Arrival Hour,99,Unknown EMS Scene Arrival Minutes,88,Not Applicable (Not Transported),88,Not Applicable (Not Transported),1
6,California,61423,1,1,1,1,0,1,1,37,LOS ANGELES (37),1980,LOS ANGELES,9,September,23,23,6,Friday,2022,2,2:00am-2:59am,18,18,I-405 SAN DIEGO FWY,NA,1,Interstate,2,Urban,1,Interstate,1,State Highway Agency,1,This section IS ON the NHS,0,No Special Jurisdiction,17,17,34.26039444,34.26039444,-118.47204167,-118.47204167,8,Pedestrian,0,The First Harmful Event was Not a Collision with a Motor Vehicle in Transport,1,Yes,18,Through Roadway,1,Not an Intersection,1,On Roadway,0,None,2,Dark - Not Lighted,1,Clear,0,No,0000000,Not Applicable,2,2:00am-2:59am,99,Unknown,2,2:00am-2:59am,99,Unknown EMS Scene Arrival Minutes,88,Not Applicable (Not Transported),88,Not Applicable (Not Transported),1
6,California,61424,1,1,1,1,0,1,1,37,LOS ANGELES (37),1700,INGLEWOOD,1,January,28,28,6,Friday,2022,20,8:00pm-8:59pm,57,57,PRAIRIE AV,107TH ST,8,Other,2,Urban,4,Minor Arterial,4,City or Municipal Highway Agency,0,This section IS NOT on the NHS,0,No Special Jurisdiction,99998,Not Reported,33.93911667,33.93911667,-118.34393611,-118.34393611,8,Pedestrian,0,The First Harmful Event was Not a Collision with a Motor Vehicle in Transport,0,No,2,Intersection,3,T-Intersection,1,On Roadway,0,None,3,Dark - Lighted,1,Clear,0,No,0000000,Not Applicable,99,Unknown,99,Unknown,99,Unknown EMS Scene Arrival Hour,99,Unknown EMS Scene Arrival Minutes,88,Not Applicable (Not Transported),88,Not Applicable (Not Transported),1
6,California,61425,1,1,1,1,0,1,1,111,VENTURA (111),538,CAMARILLO,4,April,29,29,6,Friday,2022,12,12:00pm-12:59pm,52,52,LAS POSAS RD,TEMPLE AVE,8,Other,2,Urban,3,Principal Arterial - Other,1,State Highway Agency,0,This section IS NOT on the NHS,0,No Special Jurisdiction,99998,Not Reported,34.2377,34.2377,-119.03389444,-119.03389444,8,Pedestrian,0,The First Harmful Event was Not a Collision with a Motor Vehicle in Transport,0,No,3,Intersection-Related,2,Four-Way Intersection,1,On Roadway,0,None,1,Daylight,1,Clear,0,No,0000000,Not Applicable,99,Unknown,99,Unknown,99,Unknown EMS Scene Arrival Hour,99,Unknown EMS Scene Arrival Minutes,99,Unknown,99,Unknown EMS Hospital Arrival Time,1
6,California,61426,1,1,1,1,0,1,1,111,VENTURA (111),538,CAMARILLO,7,July,22,22,6,Friday,2022,23,11:00pm-11:59pm,35,35,SR-34 LEWIS RD,NA,3,State Highway,2,Urban,3,Principal Arterial - Other,1,State Highway Agency,1,This section IS ON the NHS,0,No Special Jurisdiction,99998,Not Reported,34.23955278,34.23955278,-119.01233611,-119.01233611,8,Pedestrian,0,The First Harmful Event was Not a Collision with a Motor Vehicle in Transport,0,No,1,Non-Junction,1,Not an Intersection,1,On Roadway,0,None,2,Dark - Not Lighted,1,Clear,0,No,0000000,Not Applicable,23,11:00pm-11:59pm,99,Unknown,23,11:00pm-11:59pm,99,Unknown EMS Scene Arrival Minutes,88,Not Applicable (Not Transported),88,Not Applicable (Not Transported),1
6,California,61427,0,0,3,3,0,3,3,13,CONTRA COSTA (13),0,NOT APPLICABLE,4,April,7,7,5,Thursday,2022,5,5:00am-5:59am,47,47,SR-4,NA,3,State Highway,2,Urban,2,Principal Arterial - Other Freeways and Expressways,1,State Highway Agency,1,This section IS ON the NHS,0,No Special Jurisdiction,363,363,37.9143,37.9143,-121.73196111,-121.73196111,12,Motor Vehicle In-Transport,2,Front-to-Front,0,No,1,Non-Junction,1,Not an Intersection,1,On Roadway,0,None,2,Dark - Not Lighted,1,Clear,0,No,0000000,Not Applicable,99,Unknown,99,Unknown,99,Unknown EMS Scene Arrival Hour,99,Unknown EMS Scene Arrival Minutes,99,Unknown,99,Unknown EMS Hospital Arrival Time,1
6,California,61428,0,0,2,2,0,6,6,85,SANTA CLARA (85),3340,SAN JOSE,4,April,30,30,7,Saturday,2022,19,7:00pm-7:59pm,48,48,I-280,NA,1,Interstate,2,Urban,1,Interstate,1,State Highway Agency,1,This section IS ON the NHS,0,No Special Jurisdiction,23,23,37.32503889,37.32503889,-121.8896,-121.8896,12,Motor Vehicle In-Transport,1,Front-to-Rear,1,Yes,5,Entrance/Exit Ramp Related,1,Not an Intersection,1,On Roadway,0,None,5,Dusk,1,Clear,0,No,0000000,Not Applicable,99,Unknown,99,Unknown,99,Unknown EMS Scene Arrival Hour,99,Unknown EMS Scene Arrival Minutes,99,Unknown,99,Unknown EMS Hospital Arrival Time,1
6,California,61429,0,0,1,1,0,1,1,13,CONTRA COSTA (13),0,NOT APPLICABLE,7,July,30,30,7,Saturday,2022,1,1:00am-1:59am,47,47,SR-4,CHRISTIE RD,3,State Highway,2,Urban,3,Principal Arterial - Other,1,State Highway Agency,1,This section IS ON the NHS,0,No Special Jurisdiction,34,34,38.00765556,38.00765556,-122.21068333,-122.21068333,1,Rollover/Overturn,0,The First Harmful Event was Not a Collision with a Motor Vehicle in Transport,0,No,2,Intersection,3,T-Intersection,1,On Roadway,0,None,3,Dark - Lighted,10,Cloudy,0,No,0000000,Not Applicable,99,Unknown,99,Unknown,99,Unknown EMS Scene Arrival Hour,99,Unknown EMS Scene Arrival Minutes,88,Not Applicable (Not Transported),88,Not Applicable (Not Transported),1
6,California,61430,0,0,2,2,0,6,6,1,ALAMEDA (1),2480,OAKLAND,5,May,21,21,7,Saturday,2022,1,1:00am-1:59am,58,58,SR-24,NA,3,State Highway,2,Urban,2,Principal Arterial - Other Freeways and Expressways,1,State Highway Agency,1,This section IS ON the NHS,0,No Special Jurisdiction,28,28,37.83860556,37.83860556,-122.26477222,-122.26477222,12,Motor Vehicle In-Transport,2,Front-to-Front,0,No,1,Non-Junction,1,Not an Intersection,1,On Roadway,0,None,2,Dark - Not Lighted,1,Clear,0,No,0000000,Not Applicable,99,Unknown,99,Unknown,99,Unknown EMS Scene Arrival Hour,99,Unknown EMS Scene Arrival Minutes,99,Unknown,99,Unknown EMS Hospital Arrival Time,1
6,California,61431,0,0,2,2,0,4,4,29,KERN (29),240,BAKERSFIELD,8,August,28,28,1,Sunday,2022,21,9:00pm-9:59pm,20,20,UNION AVE,NILES ST,9,Unknown,1,Rural,3,Principal Arterial - Other,4,City or Municipal Highway Agency,1,This section IS ON the NHS,0,No Special Jurisdiction,99998,Not Reported,35.38396944,35.38396944,-119.00287778,-119.00287778,12,Motor Vehicle In-Transport,6,Angle,0,No,2,Intersection,2,Four-Way Intersection,1,On Roadway,0,None,3,Dark - Lighted,1,Clear,0,No,0000000,Not Applicable,99,Unknown,99,Unknown,99,Unknown EMS Scene Arrival Hour,99,Unknown EMS Scene Arrival Minutes,99,Unknown,99,Unknown EMS Hospital Arrival Time,1
6,California,61432,1,1,1,1,0,1,1,29,KERN (29),240,BAKERSFIELD,9,September,17,17,7,Saturday,2022,19,7:00pm-7:59pm,29,29,F ST,20TH ST,9,Unknown,1,Rural,5,Major Collector,4,City or Municipal Highway Agency,0,This section IS NOT on the NHS,0,No Special Jurisdiction,99998,Not Reported,35.37721389,35.37721389,-119.02353889,-119.02353889,8,Pedestrian,0,The First Harmful Event was Not a Collision with a Motor Vehicle in Transport,0,No,3,Intersection-Related,98,Not Reported,1,On Roadway,0,None,3,Dark - Lighted,1,Clear,0,No,0000000,Not Applicable,99,Unknown,99,Unknown,99,Unknown EMS Scene Arrival Hour,99,Unknown EMS Scene Arrival Minutes,99,Unknown,99,Unknown EMS Hospital Arrival Time,1
6,California,61433,0,0,2,2,0,2,2,29,KERN (29),240,BAKERSFIELD,9,September,17,17,7,Saturday,2022,20,8:00pm-8:59pm,50,50,STOCKDALE HWY,GOSFORD RD,9,Unknown,1,Rural,3,Principal Arterial - Other,4,City or Municipal Highway Agency,0,This section IS NOT on the NHS,0,No Special Jurisdiction,99998,Not Reported,35.35438333,35.35438333,-119.092275,-119.092275,12,Motor Vehicle In-Transport,6,Angle,0,No,98,Not Reported,98,Not Reported,1,On Roadway,0,None,3,Dark - Lighted,1,Clear,0,No,0000000,Not Applicable,99,Unknown,99,Unknown,99,Unknown EMS Scene Arrival Hour,99,Unknown EMS Scene Arrival Minutes,88,Not Applicable (Not Transported),88,Not Applicable (Not Transported),1
6,California,61434,0,0,3,3,0,4,4,37,LOS ANGELES (37),1980,LOS ANGELES,2,February,25,25,6,Friday,2022,13,1:00pm-1:59pm,10,10,GAYLEY AVE,NA,9,Unknown,2,Urban,4,Minor Arterial,98,Not Reported,0,This section IS NOT on the NHS,0,No Special Jurisdiction,0,None,34.06464722,34.06464722,-118.448025,-118.448025,12,Motor Vehicle In-Transport,6,Angle,0,No,8,Driveway Access Related,1,Not an Intersection,1,On Roadway,0,None,1,Daylight,1,Clear,0,No,0000000,Not Applicable,13,1:00pm-1:59pm,15,15,13,1:00pm-1:59pm,35,35,99,Unknown,99,Unknown EMS Hospital Arrival Time,1
6,California,61435,1,1,1,1,0,2,2,37,LOS ANGELES (37),1980,LOS ANGELES,2,February,26,26,7,Saturday,2022,18,6:00pm-6:59pm,55,55,W SLAUSON AVE,ALVISO AVE,8,Other,2,Urban,3,Principal Arterial - Other,4,City or Municipal Highway Agency,1,This section IS ON the NHS,0,No Special Jurisdiction,99998,Not Reported,33.98896389,33.98896389,-118.34419722,-118.34419722,8,Pedestrian,0,The First Harmful Event was Not a Collision with a Motor Vehicle in Transport,0,No,3,Intersection-Related,2,Four-Way Intersection,1,On Roadway,0,None,3,Dark - Lighted,1,Clear,0,No,0000000,Not Applicable,19,7:00pm-7:59pm,2,2,19,7:00pm-7:59pm,13,13,88,Not Applicable (Not Transported),88,Not Applicable (Not Transported),1
6,California,61436,1,1,1,1,0,2,2,65,RIVERSIDE (65),3070,RIVERSIDE,2,February,25,25,6,Friday,2022,19,7:00pm-7:59pm,32,32,ARLINGTON AVE,BROCKTON AVE,8,Other,2,Urban,3,Principal Arterial - Other,4,City or Municipal Highway Agency,1,This section IS ON the NHS,0,No Special Jurisdiction,0,None,33.94627222,33.94627222,-117.39662222,-117.39662222,15,Non-Motorist on Personal Conveyance,0,The First Harmful Event was Not a Collision with a Motor Vehicle in Transport,0,No,3,Intersection-Related,2,Four-Way Intersection,1,On Roadway,0,None,3,Dark - Lighted,1,Clear,0,No,0000000,Not Applicable,19,7:00pm-7:59pm,99,Unknown,19,7:00pm-7:59pm,99,Unknown EMS Scene Arrival Minutes,99,Unknown,99,Unknown EMS Hospital Arrival Time,1
6,California,61437,2,2,1,1,0,1,1,107,TULARE (107),3920,TULARE,3,March,13,13,1,Sunday,2022,20,8:00pm-8:59pm,59,59,BLACKSTONE,MARTIN LUTHER KING,8,Other,2,Urban,4,Minor Arterial,4,City or Municipal Highway Agency,0,This section IS NOT on the NHS,0,No Special Jurisdiction,99998,Not Reported,36.20215833,36.20215833,-119.331025,-119.331025,8,Pedestrian,0,The First Harmful Event was Not a Collision with a Motor Vehicle in Transport,0,No,3,Intersection-Related,2,Four-Way Intersection,1,On Roadway,0,None,3,Dark - Lighted,1,Clear,0,No,0000000,Not Applicable,99,Unknown,99,Unknown,21,9:00pm-9:59pm,99,Unknown EMS Scene Arrival Minutes,99,Unknown,99,Unknown EMS Hospital Arrival Time,2
6,California,61438,0,0,3,3,0,4,4,95,SOLANO (95),4020,VALLEJO,5,May,11,11,4,Wednesday,2022,23,11:00pm-11:59pm,13,13,SR-29 SONOMA BL,NA,3,State Highway,2,Urban,3,Principal Arterial - Other,1,State Highway Agency,1,This section IS ON the NHS,0,No Special Jurisdiction,12,12,38.09050556,38.09050556,-122.24594167,-122.24594167,12,Motor Vehicle In-Transport,2,Front-to-Front,0,No,1,Non-Junction,1,Not an Intersection,1,On Roadway,0,None,3,Dark - Lighted,1,Clear,0,No,0000000,Not Applicable,99,Unknown,99,Unknown,99,Unknown EMS Scene Arrival Hour,99,Unknown EMS Scene Arrival Minutes,99,Unknown,99,Unknown EMS Hospital Arrival Time,1
6,California,61439,1,1,1,1,0,1,1,85,SANTA CLARA (85),3790,SUNNYVALE,9,September,8,8,5,Thursday,2022,23,11:00pm-11:59pm,9,9,S WOLFE RD,INVERNESS WAY,9,Unknown,2,Urban,4,Minor Arterial,4,City or Municipal Highway Agency,0,This section IS NOT on the NHS,0,No Special Jurisdiction,99998,Not Reported,37.34141667,37.34141667,-122.01424722,-122.01424722,8,Pedestrian,0,The First Harmful Event was Not a Collision with a Motor Vehicle in Transport,0,No,3,Intersection-Related,2,Four-Way Intersection,1,On Roadway,0,None,3,Dark - Lighted,1,Clear,0,No,0000000,Not Applicable,23,11:00pm-11:59pm,99,Unknown,23,11:00pm-11:59pm,99,Unknown EMS Scene Arrival Minutes,23,11:00pm-11:59pm,99,Unknown EMS Hospital Arrival Time,1
6,California,61440,0,0,1,1,0,2,2,85,SANTA CLARA (85),3340,SAN JOSE,1,January,28,28,6,Friday,2022,1,1:00am-1:59am,12,12,US-101 SB,NA,2,US Highway,2,Urban,2,Principal Arterial - Other Freeways and Expressways,1,State Highway Agency,1,This section IS ON the NHS,0,No Special Jurisdiction,99998,Not Reported,37.37496111,37.37496111,-121.93312222,-121.93312222,25,Concrete Traffic Barrier,0,The First Harmful Event was Not a Collision with a Motor Vehicle in Transport,0,No,1,Non-Junction,1,Not an Intersection,3,On Median,0,None,2,Dark - Not Lighted,1,Clear,0,No,0000000,Not Applicable,1,1:00am-1:59am,99,Unknown,99,Unknown EMS Scene Arrival Hour,99,Unknown EMS Scene Arrival Minutes,99,Unknown,99,Unknown EMS Hospital Arrival Time,1
6,California,61441,0,0,2,2,0,3,3,77,SAN JOAQUIN (77),0,NOT APPLICABLE,8,August,10,10,4,Wednesday,2022,5,5:00am-5:59am,45,45,CLEMENTS RD,BRANDT RD,8,Other,1,Rural,5,Major Collector,2,County Highway Agency,0,This section IS NOT on the NHS,0,No Special Jurisdiction,99998,Not Reported,38.14800833,38.14800833,-121.07782222,-121.07782222,12,Motor Vehicle In-Transport,6,Angle,0,No,2,Intersection,2,Four-Way Intersection,1,On Roadway,0,None,2,Dark - Not Lighted,1,Clear,0,No,0000000,Not Applicable,99,Unknown,99,Unknown,99,Unknown EMS Scene Arrival Hour,99,Unknown EMS Scene Arrival Minutes,99,Unknown,99,Unknown EMS Hospital Arrival Time,1
6,California,61442,0,0,1,1,0,1,1,107,TULARE (107),0,NOT APPLICABLE,8,August,19,19,6,Friday,2022,15,3:00pm-3:59pm,29,29,CR-AVENUE 192,NA,4,County Road,1,Rural,5,Major Collector,2,County Highway Agency,0,This section IS NOT on the NHS,0,No Special Jurisdiction,132,132,36.13830833,36.13830833,-119.19703333,-119.19703333,59,Traffic Sign Support,0,The First Harmful Event was Not a Collision with a Motor Vehicle in Transport,0,No,1,Non-Junction,1,Not an Intersection,4,On Roadside,0,None,1,Daylight,1,Clear,0,No,0000000,Not Applicable,99,Unknown,99,Unknown,99,Unknown EMS Scene Arrival Hour,99,Unknown EMS Scene Arrival Minutes,99,Unknown,99,Unknown EMS Hospital Arrival Time,1
6,California,61443,0,0,1,1,0,2,2,1,ALAMEDA (1),2480,OAKLAND,8,August,24,24,4,Wednesday,2022,3,3:00am-3:59am,29,29,SR-13,NA,3,State Highway,2,Urban,2,Principal Arterial - Other Freeways and Expressways,1,State Highway Agency,1,This section IS ON the NHS,0,No Special Jurisdiction,15,15,37.80225,37.80225,-122.18964444,-122.18964444,24,Guardrail Face,0,The First Harmful Event was Not a Collision with a Motor Vehicle in Transport,0,No,1,Non-Junction,1,Not an Intersection,4,On Roadside,0,None,2,Dark - Not Lighted,10,Cloudy,0,No,0000000,Not Applicable,3,3:00am-3:59am,99,Unknown,99,Unknown EMS Scene Arrival Hour,99,Unknown EMS Scene Arrival Minutes,88,Not Applicable (Not Transported),88,Not Applicable (Not Transported),2
6,California,61444,0,0,2,2,0,2,2,107,TULARE (107),0,NOT APPLICABLE,8,August,25,25,5,Thursday,2022,15,3:00pm-3:59pm,39,39,SR-201,ROAD 24,3,State Highway,1,Rural,4,Minor Arterial,1,State Highway Agency,0,This section IS NOT on the NHS,0,No Special Jurisdiction,22,22,36.51785556,36.51785556,-119.52113056,-119.52113056,12,Motor Vehicle In-Transport,6,Angle,0,No,2,Intersection,2,Four-Way Intersection,1,On Roadway,0,None,1,Daylight,1,Clear,0,No,0000000,Not Applicable,15,3:00pm-3:59pm,99,Unknown,15,3:00pm-3:59pm,99,Unknown EMS Scene Arrival Minutes,88,Not Applicable (Not Transported),88,Not Applicable (Not Transported),1
6,California,61445,0,0,1,1,0,2,2,53,MONTEREY (53),0,NOT APPLICABLE,9,September,6,6,3,Tuesday,2022,20,8:00pm-8:59pm,58,58,CYPRESS AVE,14TH ST,8,Other,1,Rural,7,Local,2,County Highway Agency,0,This section IS NOT on the NHS,0,No Special Jurisdiction,99998,Not Reported,36.323275,36.323275,-121.27828333,-121.27828333,26,Other Traffic Barrier,0,The First Harmful Event was Not a Collision with a Motor Vehicle in Transport,0,No,3,Intersection-Related,10,L-Intersection,5,Outside Trafficway,0,None,2,Dark - Not Lighted,1,Clear,0,No,0000000,Not Applicable,99,Unknown,99,Unknown,99,Unknown EMS Scene Arrival Hour,99,Unknown EMS Scene Arrival Minutes,88,Not Applicable (Not Transported),88,Not Applicable (Not Transported),2
6,California,61446,1,1,1,1,0,1,1,111,VENTURA (111),0,NOT APPLICABLE,9,September,8,8,5,Thursday,2022,19,7:00pm-7:59pm,35,35,SR-1 PACIFIC COAST HWY,NA,3,State Highway,1,Rural,3,Principal Arterial - Other,1,State Highway Agency,0,This section IS NOT on the NHS,0,No Special Jurisdiction,3,3,34.04846111,34.04846111,-118.95003056,-118.95003056,8,Pedestrian,0,The First Harmful Event was Not a Collision with a Motor Vehicle in Transport,0,No,1,Non-Junction,1,Not an Intersection,1,On Roadway,0,None,2,Dark - Not Lighted,10,Cloudy,0,No,0000000,Not Applicable,99,Unknown,99,Unknown,99,Unknown EMS Scene Arrival Hour,99,Unknown EMS Scene Arrival Minutes,88,Not Applicable (Not Transported),88,Not Applicable (Not Transported),1