STATE,STATENAME,ST_CASE,PEDS,PERNOTMVIT,VE_TOTAL,VE_FORMS,PVH_INVL,PERSONS,PERMVIT,COUNTY,COUNTYNAME,CITY,CITYNAME,MONTH,MONTHNAME,DAY,DAYNAME,DAY_WEEK,DAY_WEEKNAME,YEAR,HOUR,HOURNAME,MINUTE,MINUTENAME,TWAY_ID,TWAY_ID2,ROUTE,ROUTENAME,RUR_URB,RUR_URBNAME,FUNC_SYS,FUNC_SYSNAME,RD_OWNER,RD_OWNERNAME,NHS,NHSNAME,SP_JUR,SP_JURNAME,MILEPT,MILEPTNAME,LATITUDE,LATITUDENAME,LONGITUD,LONGITUDNAME,HARM_EV,HARM_EVNAME,MAN_COLL,MAN_COLLNAME,RELJCT1,RELJCT1NAME,RELJCT2,RELJCT2NAME,TYP_INT,TYP_INTNAME,REL_ROAD,REL_ROADNAME,WRK_ZONE,WRK_ZONENAME,LGT_COND,LGT_CONDNAME,WEATHER,WEATHERNAME,SCH_BUS,SCH_BUSNAME,RAIL,RAILNAME,NOT_HOUR,NOT_HOURNAME,NOT_MIN,NOT_MINNAME,ARR_HOUR,ARR_HOURNAME,ARR_MIN,ARR_MINNAME,HOSP_HR,HOSP_HRNAME,HOSP_MN,HOSP_MNNAME,FATALS
6,California,62199,0,0,1,1,0,1,1,19,FRESNO (19),1370,FRESNO,10,October,14,14,6,Friday,2022,7,7:00am-7:59am,46,46,BELMONT AVE,NA,9,Unknown,2,Urban,5,Major Collector,4,City or Municipal Highway Agency,0,This section IS NOT on the NHS,0,No Special Jurisdiction,99998,Not Reported,36.75014722,36.75014722,-119.82700278,-119.82700278,43,Other Fixed Object,0,The First Harmful Event was Not a Collision with a Motor Vehicle in Transport,0,No,1,Non-Junction,1,Not an Intersection,4,On Roadside,0,None,1,Daylight,1,Clear,0,No,0000000,Not Applicable,7,7:00am-7:59am,99,Unknown,7,7:00am-7:59am,99,Unknown EMS Scene Arrival Minutes,88,Not Applicable (Not Transported),88,Not Applicable (Not Transported),1
6,California,62200,0,0,2,2,0,2,2,47,MERCED (47),0,NOT APPLICABLE,10,October,15,15,7,Saturday,2022,23,11:00pm-11:59pm,40,40,HENRY MILLER AVE,NA,8,Other,1,Rural,5,Major Collector,2,County Highway Agency,0,This section IS NOT on the NHS,0,No Special Jurisdiction,99998,Not Reported,37.10037778,37.10037778,-120.96772222,-120.96772222,12,Motor Vehicle In-Transport,6,Angle,0,No,1,Non-Junction,1,Not an Intersection,1,On Roadway,0,None,2,Dark - Not Lighted,1,Clear,0,No,0000000,Not Applicable,99,Unknown,99,Unknown,99,Unknown EMS Scene Arrival Hour,99,Unknown EMS Scene Arrival Minutes,88,Not Applicable (Not Transported),88,Not Applicable (Not Transported),1
6,California,62201,1,1,1,1,0,1,1,47,MERCED (47),0,NOT APPLICABLE,11,November,1,1,3,Tuesday,2022,13,1:00pm-1:59pm,5,5,SR-33,I-5 RAMP,3,State Highway,1,Rural,3,Principal Arterial - Other,1,State Highway Agency,0,This section IS NOT on the NHS,0,No Special Jurisdiction,168,168,37.10813611,37.10813611,-121.01571111,-121.01571111,8,Pedestrian,0,The First Harmful Event was Not a Collision with a Motor Vehicle in Transport,0,No,3,Intersection-Related,2,Four-Way Intersection,1,On Roadway,0,None,1,Daylight,10,Cloudy,0,No,0000000,Not Applicable,13,1:00pm-1:59pm,99,Unknown,13,1:00pm-1:59pm,99,Unknown EMS Scene Arrival Minutes,88,Not Applicable (Not Transported),88,Not Applicable (Not Transported),1
6,California,62202,0,0,2,2,0,2,2,47,MERCED (47),0,NOT APPLICABLE,11,November,12,12,7,Saturday,2022,6,6:00am-6:59am,55,55,SR-152,DELTA RD,3,State Highway,1,Rural,3,Principal Arterial - Other,1,State Highway Agency,1,This section IS ON the NHS,0,No Special Jurisdiction,253,253,37.05561389,37.05561389,-120.762225,-120.762225,12,Motor Vehicle In-Transport,6,Angle,0,No,2,Intersection,2,Four-Way Intersection,1,On Roadway,0,None,4,Dawn,5,"Fog, Smog, Smoke",0,No,0000000,Not Applicable,99,Unknown,99,Unknown,99,Unknown EMS Scene Arrival Hour,99,Unknown EMS Scene Arrival Minutes,88,Not Applicable (Not Transported),88,Not Applicable (Not Transported),1
6,California,62203,1,1,1,1,0,1,1,37,LOS ANGELES (37),1110,EL MONTE,12,December,24,24,7,Saturday,2022,20,8:00pm-8:59pm,10,10,DURFEE AVE,ELLIOTT AVE,9,Unknown,2,Urban,4,Minor Arterial,4,City or Municipal Highway Agency,0,This section IS NOT on the NHS,0,No Special Jurisdiction,99998,Not Reported,34.05348333,34.05348333,-118.02053889,-118.02053889,8,Pedestrian,0,The First Harmful Event was Not a Collision with a Motor Vehicle in Transport,0,No,3,Intersection-Related,2,Four-Way Intersection,1,On Roadway,0,None,3,Dark - Lighted,1,Clear,0,No,0000000,Not Applicable,99,Unknown,99,Unknown,99,Unknown EMS Scene Arrival Hour,99,Unknown EMS Scene Arrival Minutes,99,Unknown,99,Unknown EMS Hospital Arrival Time,1
6,California,62204,0,0,2,2,0,3,3,65,RIVERSIDE (65),850,CORONA,2,February,12,12,7,Saturday,2022,3,3:00am-3:59am,4,4,I-15,NA,1,Interstate,2,Urban,1,Interstate,1,State Highway Agency,1,This section IS ON the NHS,0,No Special Jurisdiction,355,355,33.80524167,33.80524167,-117.50626667,-117.50626667,12,Motor Vehicle In-Transport,1,Front-to-Rear,0,No,1,Non-Junction,1,Not an Intersection,1,On Roadway,0,None,2,Dark - Not Lighted,1,Clear,0,No,0000000,Not Applicable,99,Unknown,99,Unknown,99,Unknown EMS Scene Arrival Hour,99,Unknown EMS Scene Arrival Minutes,88,Not Applicable (Not Transported),88,Not Applicable (Not Transported),1
6,California,62205,1,1,1,1,0,1,1,37,LOS ANGELES (37),0,NOT APPLICABLE,3,March,4,4,6,Friday,2022,0,0:00am-0:59am,9,9,ROSECRANS AVE,NA,8,Other,2,Urban,3,Principal Arterial - Other,2,County Highway Agency,1,This section IS ON the NHS,0,No Special Jurisdiction,99998,Not Reported,33.90268889,33.90268889,-118.25788056,-118.25788056,8,Pedestrian,0,The First Harmful Event was Not a Collision with a Motor Vehicle in Transport,0,No,1,Non-Junction,1,Not an Intersection,1,On Roadway,0,None,3,Dark - Lighted,10,Cloudy,0,No,0000000,Not Applicable,99,Unknown,99,Unknown,99,Unknown EMS Scene Arrival Hour,99,Unknown EMS Scene Arrival Minutes,88,Not Applicable (Not Transported),88,Not Applicable (Not Transported),1
6,California,62206,0,0,1,1,0,2,2,37,LOS ANGELES (37),0,NOT APPLICABLE,3,March,12,12,7,Saturday,2022,21,9:00pm-9:59pm,55,55,SANTA FE AVENUE,NA,9,Unknown,2,Urban,3,Principal Arterial - Other,98,Not Reported,0,This section IS NOT on the NHS,0,No Special Jurisdiction,0,None,33.85914444,33.85914444,-118.21634444,-118.21634444,33,Curb,0,The First Harmful Event was Not a Collision with a Motor Vehicle in Transport,0,No,1,Non-Junction,1,Not an Intersection,4,On Roadside,0,None,3,Dark - Lighted,1,Clear,0,No,0000000,Not Applicable,21,9:00pm-9:59pm,59,59,22,10:00pm-10:59pm,9,9,88,Not Applicable (Not Transported),88,Not Applicable (Not Transported),1
6,California,62207,0,0,1,1,0,1,1,37,LOS ANGELES (37),1980,LOS ANGELES,4,April,19,19,3,Tuesday,2022,99,Unknown Hours,99,Unknown Minutes,I-10 HARBOR FWY RAMP,NA,1,Interstate,2,Urban,1,Interstate,1,State Highway Agency,1,This section IS ON the NHS,0,No Special Jurisdiction,99,99,33.8737,33.8737,-118.28469167,-118.28469167,31,"Post, Pole or Other Supports",0,The First Harmful Event was Not a Collision with a Motor Vehicle in Transport,1,Yes,19,Other location within Interchange Area,1,Not an Intersection,8,Gore,0,None,2,Dark - Not Lighted,1,Clear,0,No,0000000,Not Applicable,8,8:00am-8:59am,99,Unknown,8,8:00am-8:59am,99,Unknown EMS Scene Arrival Minutes,88,Not Applicable (Not Transported),88,Not Applicable (Not Transported),1
6,California,62208,1,1,2,2,0,3,3,81,SAN MATEO (81),0,NOT APPLICABLE,6,June,25,25,7,Saturday,2022,16,4:00pm-4:59pm,19,19,SR-1,NA,3,State Highway,1,Rural,4,Minor Arterial,1,State Highway Agency,0,This section IS NOT on the NHS,0,No Special Jurisdiction,190,190,37.33176944,37.33176944,-122.39172222,-122.39172222,24,Guardrail Face,0,The First Harmful Event was Not a Collision with a Motor Vehicle in Transport,0,No,1,Non-Junction,1,Not an Intersection,4,On Roadside,0,None,1,Daylight,1,Clear,0,No,0000000,Not Applicable,99,Unknown,99,Unknown,99,Unknown EMS Scene Arrival Hour,99,Unknown EMS Scene Arrival Minutes,99,Unknown,99,Unknown EMS Hospital Arrival Time,1
6,California,62209,0,0,5,5,0,5,5,67,SACRAMENTO (67),3150,SACRAMENTO,6,June,21,21,3,Tuesday,2022,13,1:00pm-1:59pm,0,0,I-80,NA,1,Interstate,2,Urban,1,Interstate,1,State Highway Agency,1,This section IS ON the NHS,0,No Special Jurisdiction,14,14,38.61545556,38.61545556,-121.53493889,-121.53493889,12,Motor Vehicle In-Transport,1,Front-to-Rear,1,Yes,18,Through Roadway,1,Not an Intersection,1,On Roadway,0,None,1,Daylight,1,Clear,0,No,0000000,Not Applicable,13,1:00pm-1:59pm,99,Unknown,13,1:00pm-1:59pm,99,Unknown EMS Scene Arrival Minutes,99,Unknown,99,Unknown EMS Hospital Arrival Time,1
6,California,62210,0,0,2,2,0,2,2,37,LOS ANGELES (37),1970,LONG BEACH,7,July,11,11,2,Monday,2022,5,5:00am-5:59am,5,5,I-710,NA,1,Interstate,2,Urban,1,Interstate,1,State Highway Agency,1,This section IS ON the NHS,0,No Special Jurisdiction,73,73,33.79564167,33.79564167,-118.20684722,-118.20684722,12,Motor Vehicle In-Transport,1,Front-to-Rear,0,No,1,Non-Junction,1,Not an Intersection,1,On Roadway,0,None,3,Dark - Lighted,10,Cloudy,0,No,0000000,Not Applicable,5,5:00am-5:59am,99,Unknown,5,5:00am-5:59am,99,Unknown EMS Scene Arrival Minutes,99,Unknown,99,Unknown EMS Hospital Arrival Time,1
6,California,62211,0,0,3,2,1,2,2,71,SAN BERNARDINO (71),0,NOT APPLICABLE,7,July,6,6,4,Wednesday,2022,6,6:00am-6:59am,42,42,KADOTA AVE,9TH ST,8,Other,2,Urban,7,Local,2,County Highway Agency,0,This section IS NOT on the NHS,0,No Special Jurisdiction,99998,Not Reported,34.05216667,34.05216667,-117.71771944,-117.71771944,12,Motor Vehicle In-Transport,6,Angle,0,No,2,Intersection,2,Four-Way Intersection,1,On Roadway,0,None,1,Daylight,1,Clear,0,No,0000000,Not Applicable,99,Unknown,99,Unknown,99,Unknown EMS Scene Arrival Hour,99,Unknown EMS Scene Arrival Minutes,99,Unknown,99,Unknown EMS Hospital Arrival Time,1
6,California,62212,0,0,2,2,0,2,2,73,SAN DIEGO (73),3260,SAN DIEGO,8,August,26,26,6,Friday,2022,2,2:00am-2:59am,40,40,SR-52 RAMP,NA,3,State Highway,2,Urban,2,Principal Arterial - Other Freeways and Expressways,1,State Highway Agency,1,This section IS ON the NHS,0,No Special Jurisdiction,99998,Not Reported,32.84677778,32.84677778,-117.17190556,-117.17190556,12,Motor Vehicle In-Transport,2,Front-to-Front,1,Yes,20,Entrance/Exit Ramp,1,Not an Intersection,1,On Roadway,0,None,2,Dark - Not Lighted,1,Clear,0,No,0000000,Not Applicable,99,Unknown,99,Unknown,99,Unknown EMS Scene Arrival Hour,99,Unknown EMS Scene Arrival Minutes,99,Unknown,99,Unknown EMS Hospital Arrival Time,1
6,California,62213,1,1,1,1,0,1,1,37,LOS ANGELES (37),3470,SANTA MONICA,11,November,24,24,5,Thursday,2022,3,3:00am-3:59am,5,5,SR-1 PACIFIC COAST HWY,BEACH HOUSE WAY,3,State Highway,2,Urban,3,Principal Arterial - Other,1,State Highway Agency,1,This section IS ON the NHS,0,No Special Jurisdiction,365,365,34.02476667,34.02476667,-118.51115278,-118.51115278,9,Pedalcyclist,0,The First Harmful Event was Not a Collision with a Motor Vehicle in Transport,0,No,2,Intersection,3,T-Intersection,1,On Roadway,0,None,3,Dark - Lighted,1,Clear,0,No,0000000,Not Applicable,3,3:00am-3:59am,10,10,3,3:00am-3:59am,10,10,88,Not Applicable (Not Transported),88,Not Applicable (Not Transported),1
6,California,62214,0,0,2,2,0,2,2,29,KERN (29),0,NOT APPLICABLE,11,November,17,17,5,Thursday,2022,4,4:00am-4:59am,55,55,DRIVER RD,9TH AVE,8,Other,1,Rural,5,Major Collector,2,County Highway Agency,0,This section IS NOT on the NHS,0,No Special Jurisdiction,99998,Not Reported,35.76860833,35.76860833,-119.20528611,-119.20528611,12,Motor Vehicle In-Transport,6,Angle,0,No,2,Intersection,2,Four-Way Intersection,1,On Roadway,0,None,2,Dark - Not Lighted,1,Clear,0,No,0000000,Not Applicable,5,5:00am-5:59am,99,Unknown,5,5:00am-5:59am,99,Unknown EMS Scene Arrival Minutes,99,Unknown,99,Unknown EMS Hospital Arrival Time,1
6,California,62215,0,0,2,2,0,4,4,37,LOS ANGELES (37),1970,LONG BEACH,5,May,14,14,7,Saturday,2022,2,2:00am-2:59am,0,0,I-710 LONG BEACH FWY,NA,1,Interstate,2,Urban,1,Interstate,1,State Highway Agency,1,This section IS ON the NHS,0,No Special Jurisdiction,111,111,33.85091111,33.85091111,-118.20528056,-118.20528056,12,Motor Vehicle In-Transport,1,Front-to-Rear,0,No,1,Non-Junction,1,Not an Intersection,1,On Roadway,0,None,3,Dark - Lighted,1,Clear,0,No,0000000,Not Applicable,2,2:00am-2:59am,99,Unknown,2,2:00am-2:59am,99,Unknown EMS Scene Arrival Minutes,99,Unknown,99,Unknown EMS Hospital Arrival Time,1
6,California,62216,0,0,1,1,0,1,1,37,LOS ANGELES (37),2700,PASADENA,8,August,28,28,1,Sunday,2022,19,7:00pm-7:59pm,55,55,I-210,NA,1,Interstate,2,Urban,1,Interstate,1,State Highway Agency,1,This section IS ON the NHS,0,No Special Jurisdiction,251,251,34.151475,34.151475,-118.15394167,-118.15394167,1,Rollover/Overturn,0,The First Harmful Event was Not a Collision with a Motor Vehicle in Transport,1,Yes,20,Entrance/Exit Ramp,1,Not an Intersection,1,On Roadway,0,None,3,Dark - Lighted,1,Clear,0,No,0000000,Not Applicable,20,8:00pm-8:59pm,0,0,20,8:00pm-8:59pm,10,10,88,Not Applicable (Not Transported),88,Not Applicable (Not Transported),1
6,California,62217,0,0,1,1,0,1,1,1,ALAMEDA (1),0,NOT APPLICABLE,11,November,29,29,3,Tuesday,2022,7,7:00am-7:59am,16,16,I-580,NA,1,Interstate,1,Rural,1,Interstate,1,State Highway Agency,1,This section IS ON the NHS,0,No Special Jurisdiction,46,46,37.72593611,37.72593611,-121.63847222,-121.63847222,35,Embankment,0,The First Harmful Event was Not a Collision with a Motor Vehicle in Transport,0,No,1,Non-Junction,1,Not an Intersection,4,On Roadside,0,None,4,Dawn,1,Clear,0,No,0000000,Not Applicable,99,Unknown,99,Unknown,99,Unknown EMS Scene Arrival Hour,99,Unknown EMS Scene Arrival Minutes,88,Not Applicable (Not Transported),88,Not Applicable (Not Transported),1
6,California,62218,0,0,2,2,0,3,3,89,SHASTA (89),0,NOT APPLICABLE,12,December,28,28,4,Wednesday,2022,14,2:00pm-2:59pm,10,10,SR-44,SILVER BRIDGE RD,3,State Highway,1,Rural,3,Principal Arterial - Other,1,State Highway Agency,1,This section IS ON the NHS,0,No Special Jurisdiction,80,80,40.55345278,40.55345278,-122.21973056,-122.21973056,12,Motor Vehicle In-Transport,6,Angle,0,No,2,Intersection,2,Four-Way Intersection,1,On Roadway,0,None,1,Daylight,1,Clear,0,No,0000000,Not Applicable,14,2:00pm-2:59pm,99,Unknown,14,2:00pm-2:59pm,99,Unknown EMS Scene Arrival Minutes,99,Unknown,99,Unknown EMS Hospital Arrival Time,1
6,California,62219,1,1,1,1,0,1,1,65,RIVERSIDE (65),0,NOT APPLICABLE,3,March,16,16,4,Wednesday,2022,1,1:00am-1:59am,11,11,CENTER ST,VERSAILLES PL,9,Unknown,2,Urban,5,Major Collector,98,Not Reported,0,This section IS NOT on the NHS,0,No Special Jurisdiction,99999,Unknown,34.01825278,34.01825278,-117.34814167,-117.34814167,8,Pedestrian,0,The First Harmful Event was Not a Collision with a Motor Vehicle in Transport,0,No,3,Intersection-Related,98,Not Reported,1,On Roadway,1,Construction,3,Dark - Lighted,1,Clear,0,No,0000000,Not Applicable,99,Unknown,99,Unknown,99,Unknown EMS Scene Arrival Hour,99,Unknown EMS Scene Arrival Minutes,88,Not Applicable (Not Transported),88,Not Applicable (Not Transported),1
6,California,62220,0,0,2,2,0,2,2,67,SACRAMENTO (67),3150,SACRAMENTO,3,March,24,24,5,Thursday,2022,4,4:00am-4:59am,15,15,I-50,NA,1,Interstate,2,Urban,1,Interstate,1,State Highway Agency,1,This section IS ON the NHS,0,No Special Jurisdiction,74,74,38.55538056,38.55538056,-121.44146944,-121.44146944,12,Motor Vehicle In-Transport,6,Angle,1,Yes,18,Through Roadway,1,Not an Intersection,1,On Roadway,4,"Work Zone, Type Unknown",3,Dark - Lighted,1,Clear,0,No,0000000,Not Applicable,99,Unknown,99,Unknown,99,Unknown EMS Scene Arrival Hour,99,Unknown EMS Scene Arrival Minutes,99,Unknown,99,Unknown EMS Hospital Arrival Time,1
6,California,62221,1,1,1,1,0,1,1,29,KERN (29),240,BAKERSFIELD,8,August,19,19,6,Friday,2022,5,5:00am-5:59am,16,16,CALIFORNIA AVE,N ST,8,Other,1,Rural,3,Principal Arterial - Other,4,City or Municipal Highway Agency,1,This section IS ON the NHS,0,No Special Jurisdiction,99998,Not Reported,35.36846111,35.36846111,-119.01417778,-119.01417778,8,Pedestrian,0,The First Harmful Event was Not a Collision with a Motor Vehicle in Transport,0,No,3,Intersection-Related,98,Not Reported,1,On Roadway,0,None,3,Dark - Lighted,1,Clear,0,No,0000000,Not Applicable,99,Unknown,99,Unknown,99,Unknown EMS Scene Arrival Hour,99,Unknown EMS Scene Arrival Minutes,88,Not Applicable (Not Transported),88,Not Applicable (Not Transported),1
6,California,62222,0,0,2,2,0,2,2,41,MARIN (41),0,NOT APPLICABLE,12,December,10,10,7,Saturday,2022,13,1:00pm-1:59pm,7,7,POINT REYES-PETALUMA RD,NA,8,Other,1,Rural,5,Major Collector,2,County Highway Agency,0,This section IS NOT on the NHS,0,No Special Jurisdiction,99998,Not Reported,38.15150556,38.15150556,-122.70152778,-122.70152778,12,Motor Vehicle In-Transport,6,Angle,0,No,1,Non-Junction,1,Not an Intersection,1,On Roadway,0,None,1,Daylight,10,Cloudy,0,No,0000000,Not Applicable,99,Unknown,99,Unknown,99,Unknown EMS Scene Arrival Hour,99,Unknown EMS Scene Arrival Minutes,99,Unknown,99,Unknown EMS Hospital Arrival Time,1
6,California,62223,0,0,1,1,0,1,1,37,LOS ANGELES (37),0,NOT APPLICABLE,3,March,1,1,3,Tuesday,2022,2,2:00am-2:59am,30,30,119TH ST,NA,8,Other,2,Urban,4,Minor Arterial,2,County Highway Agency,0,This section IS NOT on the NHS,0,No Special Jurisdiction,99998,Not Reported,33.92468889,33.92468889,-118.23806944,-118.23806944,1,Rollover/Overturn,0,The First Harmful Event was Not a Collision with a Motor Vehicle in Transport,0,No,1,Non-Junction,1,Not an Intersection,1,On Roadway,0,None,3,Dark - Lighted,1,Clear,0,No,0000000,Not Applicable,99,Unknown,99,Unknown,99,Unknown EMS Scene Arrival Hour,99,Unknown EMS Scene Arrival Minutes,2,2:00am-2:59am,54,54,1
6,California,62224,0,0,2,2,0,3,3,37,LOS ANGELES (37),1980,LOS ANGELES,5,May,26,26,5,Thursday,2022,2,2:00am-2:59am,15,15,I-105,NA,1,Interstate,2,Urban,1,Interstate,1,State Highway Agency,1,This section IS ON the NHS,0,No Special Jurisdiction,69,69,33.92893611,33.92893611,-118.28838889,-118.28838889,12,Motor Vehicle In-Transport,1,Front-to-Rear,1,Yes,18,Through Roadway,1,Not an Intersection,1,On Roadway,0,None,2,Dark - Not Lighted,1,Clear,0,No,0000000,Not Applicable,2,2:00am-2:59am,99,Unknown,2,2:00am-2:59am,99,Unknown EMS Scene Arrival Minutes,88,Not Applicable (Not Transported),88,Not Applicable (Not Transported),1
6,California,62225,0,0,1,1,0,2,2,99,STANISLAUS (99),2200,MODESTO,5,May,22,22,1,Sunday,2022,1,1:00am-1:59am,17,17,E BRIGGSMORE AVE,NA,8,Other,2,Urban,3,Principal Arterial - Other,4,City or Municipal Highway Agency,0,This section IS NOT on the NHS,0,No Special Jurisdiction,99998,Not Reported,37.66749722,37.66749722,-120.95225278,-120.95225278,1,Rollover/Overturn,0,The First Harmful Event was Not a Collision with a Motor Vehicle in Transport,0,No,1,Non-Junction,1,Not an Intersection,1,On Roadway,0,None,3,Dark - Lighted,1,Clear,0,No,0000000,Not Applicable,99,Unknown,99,Unknown,99,Unknown EMS Scene Arrival Hour,99,Unknown EMS Scene Arrival Minutes,88,Not Applicable (Not Transported),88,Not Applicable (Not Transported),2
6,California,62226,0,0,2,2,0,2,2,85,SANTA CLARA (85),3340,SAN JOSE,7,July,25,25,2,Monday,2022,10,10:00am-10:59am,34,34,SR-87,NA,3,State Highway,2,Urban,2,Principal Arterial - Other Freeways and Expressways,1,State Highway Agency,1,This section IS ON the NHS,0,No Special Jurisdiction,70,70,37.34753333,37.34753333,-121.90528056,-121.90528056,33,Curb,0,The First Harmful Event was Not a Collision with a Motor Vehicle in Transport,1,Yes,19,Other location within Interchange Area,1,Not an Intersection,4,On Roadside,0,None,1,Daylight,1,Clear,0,No,0000000,Not Applicable,10,10:00am-10:59am,99,Unknown,10,10:00am-10:59am,99,Unknown EMS Scene Arrival Minutes,88,Not Applicable (Not Transported),88,Not Applicable (Not Transported),1
6,California,62227,0,0,1,1,0,2,2,47,MERCED (47),1990,LOS BANOS,4,April,18,18,2,Monday,2022,5,5:00am-5:59am,22,22,E PACHECO BLVD,NA,8,Other,2,Urban,3,Principal Arterial - Other,1,State Highway Agency,1,This section IS ON the NHS,0,No Special Jurisdiction,237,237,37.05570278,37.05570278,-120.79130556,-120.79130556,1,Rollover/Overturn,0,The First Harmful Event was Not a Collision with a Motor Vehicle in Transport,0,No,1,Non-Junction,1,Not an Intersection,3,On Median,0,None,2,Dark - Not Lighted,1,Clear,0,No,0000000,Not Applicable,99,Unknown,99,Unknown,99,Unknown EMS Scene Arrival Hour,99,Unknown EMS Scene Arrival Minutes,99,Unknown,99,Unknown EMS Hospital Arrival Time,1
6,California,62228,1,1,1,1,0,1,1,67,SACRAMENTO (67),1108,ELK GROVE,4,April,4,4,2,Monday,2022,14,2:00pm-2:59pm,47,47,FRYE CREEK DR,NA,8,Other,2,Urban,7,Local,4,City or Municipal Highway Agency,0,This section IS NOT on the NHS,0,No Special Jurisdiction,99998,Not Reported,38.43784167,38.43784167,-121.43853056,-121.43853056,8,Pedestrian,0,The First Harmful Event was Not a Collision with a Motor Vehicle in Transport,0,No,1,Non-Junction,1,Not an Intersection,4,On Roadside,0,None,1,Daylight,1,Clear,0,No,0000000,Not Applicable,99,Unknown,99,Unknown,99,Unknown EMS Scene Arrival Hour,99,Unknown EMS Scene Arrival Minutes,88,Not Applicable (Not Transported),88,Not Applicable (Not Transported),1
6,California,62229,0,0,2,2,0,10,10,95,SOLANO (95),3040,RIO VISTA,7,July,27,27,4,Wednesday,2022,20,8:00pm-8:59pm,12,12,SR-12,NA,3,State Highway,2,Urban,3,Principal Arterial - Other,1,State Highway Agency,1,This section IS ON the NHS,0,No Special Jurisdiction,99998,Not Reported,38.1797,38.1797,-121.72076667,-121.72076667,12,Motor Vehicle In-Transport,2,Front-to-Front,0,No,1,Non-Junction,1,Not an Intersection,1,On Roadway,0,None,1,Daylight,1,Clear,0,No,0000000,Not Applicable,99,Unknown,99,Unknown,99,Unknown EMS Scene Arrival Hour,99,Unknown EMS Scene Arrival Minutes,99,Unknown,99,Unknown EMS Hospital Arrival Time,4
6,California,62230,0,0,1,1,0,1,1,71,SAN BERNARDINO (71),1603,HESPERIA,4,April,20,20,4,Wednesday,2022,22,10:00pm-10:59pm,46,46,WILLOW ST,NA,8,Other,2,Urban,5,Major Collector,4,City or Municipal Highway Agency,0,This section IS NOT on the NHS,0,No Special Jurisdiction,99998,Not Reported,34.43474167,34.43474167,-117.32332778,-117.32332778,38,Fence,0,The First Harmful Event was Not a Collision with a Motor Vehicle in Transport,0,No,1,Non-Junction,1,Not an Intersection,4,On Roadside,0,None,3,Dark - Lighted,1,Clear,0,No,0000000,Not Applicable,99,Unknown,99,Unknown,99,Unknown EMS Scene Arrival Hour,99,Unknown EMS Scene Arrival Minutes,88,Not Applicable (Not Transported),88,Not Applicable (Not Transported),1
6,California,62231,1,1,3,3,0,5,5,65,RIVERSIDE (65),0,NOT APPLICABLE,3,March,27,27,1,Sunday,2022,15,3:00pm-3:59pm,42,42,CAJALCO RD,NA,8,Other,2,Urban,4,Minor Arterial,2,County Highway Agency,0,This section IS NOT on the NHS,0,No Special Jurisdiction,99998,Not Reported,33.83732222,33.83732222,-117.26644167,-117.26644167,8,Pedestrian,0,The First Harmful Event was Not a Collision with a Motor Vehicle in Transport,0,No,1,Non-Junction,1,Not an Intersection,2,On Shoulder,0,None,1,Daylight,1,Clear,0,No,0000000,Not Applicable,15,3:00pm-3:59pm,99,Unknown,15,3:00pm-3:59pm,99,Unknown EMS Scene Arrival Minutes,99,Unknown,99,Unknown EMS Hospital Arrival Time,1
6,California,62232,0,0,2,2,0,2,2,23,HUMBOLDT (23),0,NOT APPLICABLE,8,August,21,21,1,Sunday,2022,13,1:00pm-1:59pm,30,30,KING SALMON AVE,NA,8,Other,2,Urban,5,Major Collector,2,County Highway Agency,0,This section IS NOT on the NHS,0,No Special Jurisdiction,99998,Not Reported,40.73963056,40.73963056,-124.2133,-124.2133,12,Motor Vehicle In-Transport,2,Front-to-Front,0,No,1,Non-Junction,1,Not an Intersection,1,On Roadway,0,None,1,Daylight,10,Cloudy,0,No,0000000,Not Applicable,99,Unknown,99,Unknown,99,Unknown EMS Scene Arrival Hour,99,Unknown EMS Scene Arrival Minutes,99,Unknown,99,Unknown EMS Hospital Arrival Time,1
6,California,62233,0,0,1,1,0,1,1,65,RIVERSIDE (65),0,NOT APPLICABLE,9,September,30,30,6,Friday,2022,99,Unknown Hours,99,Unknown Minutes,ZEIDERS RD,KELLER RD,9,Unknown,2,Urban,7,Local,4,City or Municipal Highway Agency,0,This section IS NOT on the NHS,0,No Special Jurisdiction,99998,Not Reported,33.62689722,33.62689722,-117.17558889,-117.17558889,25,Concrete Traffic Barrier,0,The First Harmful Event was Not a Collision with a Motor Vehicle in Transport,0,No,3,Intersection-Related,3,T-Intersection,4,On Roadside,0,None,9,Reported as Unknown,99,Reported as Unknown,0,No,0000000,Not Applicable,99,Unknown,99,Unknown,99,Unknown EMS Scene Arrival Hour,99,Unknown EMS Scene Arrival Minutes,88,Not Applicable (Not Transported),88,Not Applicable (Not Transported),1
6,California,62235,0,0,1,1,0,5,5,73,SAN DIEGO (73),3260,SAN DIEGO,4,April,25,25,2,Monday,2022,22,10:00pm-10:59pm,58,58,N TORREY PINES RD,NA,8,Other,2,Urban,4,Minor Arterial,4,City or Municipal Highway Agency,0,This section IS NOT on the NHS,0,No Special Jurisdiction,99998,Not Reported,32.93741389,32.93741389,-117.26121389,-117.26121389,33,Curb,0,The First Harmful Event was Not a Collision with a Motor Vehicle in Transport,0,No,1,Non-Junction,1,Not an Intersection,3,On Median,0,None,2,Dark - Not Lighted,1,Clear,0,No,0000000,Not Applicable,99,Unknown,99,Unknown,99,Unknown EMS Scene Arrival Hour,99,Unknown EMS Scene Arrival Minutes,99,Unknown,99,Unknown EMS Hospital Arrival Time,2