STATE,STATENAME,ST_CASE,PEDS,PERNOTMVIT,VE_TOTAL,VE_FORMS,PVH_INVL,PERSONS,PERMVIT,COUNTY,COUNTYNAME,CITY,CITYNAME,MONTH,MONTHNAME,DAY,DAYNAME,DAY_WEEK,DAY_WEEKNAME,YEAR,HOUR,HOURNAME,MINUTE,MINUTENAME,TWAY_ID,TWAY_ID2,ROUTE,ROUTENAME,RUR_URB,RUR_URBNAME,FUNC_SYS,FUNC_SYSNAME,RD_OWNER,RD_OWNERNAME,NHS,NHSNAME,SP_JUR,SP_JURNAME,MILEPT,MILEPTNAME,LATITUDE,LATITUDENAME,LONGITUD,LONGITUDNAME,HARM_EV,HARM_EVNAME,MAN_COLL,MAN_COLLNAME,RELJCT1,RELJCT1NAME,RELJCT2,RELJCT2NAME,TYP_INT,TYP_INTNAME,REL_ROAD,REL_ROADNAME,WRK_ZONE,WRK_ZONENAME,LGT_COND,LGT_CONDNAME,WEATHER,WEATHERNAME,SCH_BUS,SCH_BUSNAME,RAIL,RAILNAME,NOT_HOUR,NOT_HOURNAME,NOT_MIN,NOT_MINNAME,ARR_HOUR,ARR_HOURNAME,ARR_MIN,ARR_MINNAME,HOSP_HR,HOSP_HRNAME,HOSP_MN,HOSP_MNNAME,FATALS
6,California,62630,1,1,1,1,0,1,1,67,SACRAMENTO (67),0,NOT APPLICABLE,12,December,19,19,2,Monday,2022,5,5:00am-5:59am,20,20,SR-16 JACKSON ROAD,NA,3,State Highway,1,Rural,3,Principal Arterial - Other,1,State Highway Agency,1,This section IS ON the NHS,0,No Special Jurisdiction,117,117,38.50470556,38.50470556,-121.23661389,-121.23661389,8,Pedestrian,0,The First Harmful Event was Not a Collision with a Motor Vehicle in Transport,0,No,1,Non-Junction,1,Not an Intersection,1,On Roadway,0,None,2,Dark - Not Lighted,10,Cloudy,0,No,0000000,Not Applicable,5,5:00am-5:59am,26,26,5,5:00am-5:59am,36,36,88,Not Applicable (Not Transported),88,Not Applicable (Not Transported),1
6,California,62631,1,1,1,1,0,1,1,67,SACRAMENTO (67),0,NOT APPLICABLE,12,December,17,17,7,Saturday,2022,5,5:00am-5:59am,2,2,SR-99,NA,3,State Highway,2,Urban,3,Principal Arterial - Other,1,State Highway Agency,1,This section IS ON the NHS,0,No Special Jurisdiction,179,179,38.47728889,38.47728889,-121.42618611,-121.42618611,9,Pedalcyclist,0,The First Harmful Event was Not a Collision with a Motor Vehicle in Transport,0,No,1,Non-Junction,1,Not an Intersection,1,On Roadway,0,None,3,Dark - Lighted,1,Clear,0,No,0000000,Not Applicable,99,Unknown,99,Unknown,99,Unknown EMS Scene Arrival Hour,99,Unknown EMS Scene Arrival Minutes,88,Not Applicable (Not Transported),88,Not Applicable (Not Transported),1
6,California,62632,1,1,1,1,0,1,1,67,SACRAMENTO (67),3150,SACRAMENTO,12,December,15,15,5,Thursday,2022,17,5:00pm-5:59pm,18,18,POWER INN RD,NA,8,Other,2,Urban,3,Principal Arterial - Other,2,County Highway Agency,0,This section IS NOT on the NHS,0,No Special Jurisdiction,99998,Not Reported,38.47099722,38.47099722,-121.40885,-121.40885,9,Pedalcyclist,0,The First Harmful Event was Not a Collision with a Motor Vehicle in Transport,0,No,1,Non-Junction,1,Not an Intersection,1,On Roadway,0,None,2,Dark - Not Lighted,1,Clear,0,No,0000000,Not Applicable,99,Unknown,99,Unknown,99,Unknown EMS Scene Arrival Hour,99,Unknown EMS Scene Arrival Minutes,99,Unknown,99,Unknown EMS Hospital Arrival Time,1
6,California,62633,0,0,1,1,0,3,3,73,SAN DIEGO (73),3260,SAN DIEGO,8,August,19,19,6,Friday,2022,13,1:00pm-1:59pm,45,45,I-5,NA,1,Interstate,2,Urban,1,Interstate,1,State Highway Agency,1,This section IS ON the NHS,0,No Special Jurisdiction,197,197,32.7551,32.7551,-117.2015,-117.2015,1,Rollover/Overturn,0,The First Harmful Event was Not a Collision with a Motor Vehicle in Transport,1,Yes,5,Entrance/Exit Ramp Related,1,Not an Intersection,4,On Roadside,0,None,1,Daylight,1,Clear,0,No,0000000,Not Applicable,99,Unknown,99,Unknown,99,Unknown EMS Scene Arrival Hour,99,Unknown EMS Scene Arrival Minutes,99,Unknown,99,Unknown EMS Hospital Arrival Time,1
6,California,62634,0,0,1,1,0,2,2,107,TULARE (107),0,NOT APPLICABLE,12,December,15,15,5,Thursday,2022,23,11:00pm-11:59pm,5,5,SR-43,NA,3,State Highway,2,Urban,3,Principal Arterial - Other,1,State Highway Agency,1,This section IS ON the NHS,0,No Special Jurisdiction,737,737,35.86189722,35.86189722,-119.38384722,-119.38384722,59,Traffic Sign Support,0,The First Harmful Event was Not a Collision with a Motor Vehicle in Transport,0,No,1,Non-Junction,1,Not an Intersection,4,On Roadside,0,None,2,Dark - Not Lighted,1,Clear,0,No,0000000,Not Applicable,99,Unknown,99,Unknown,99,Unknown EMS Scene Arrival Hour,99,Unknown EMS Scene Arrival Minutes,99,Unknown,99,Unknown EMS Hospital Arrival Time,1
6,California,62635,1,1,1,1,0,1,1,53,MONTEREY (53),0,NOT APPLICABLE,8,August,27,27,7,Saturday,2022,99,Unknown Hours,99,Unknown Minutes,CASTROVILLE BLVD,NA,8,Other,2,Urban,5,Major Collector,2,County Highway Agency,0,This section IS NOT on the NHS,0,No Special Jurisdiction,99998,Not Reported,36.79528611,36.79528611,-121.71856389,-121.71856389,8,Pedestrian,0,The First Harmful Event was Not a Collision with a Motor Vehicle in Transport,0,No,1,Non-Junction,1,Not an Intersection,1,On Roadway,0,None,2,Dark - Not Lighted,10,Cloudy,0,No,0000000,Not Applicable,99,Unknown,99,Unknown,99,Unknown EMS Scene Arrival Hour,99,Unknown EMS Scene Arrival Minutes,88,Not Applicable (Not Transported),88,Not Applicable (Not Transported),1
6,California,62636,0,0,1,1,0,4,4,83,SANTA BARBARA (83),0,NOT APPLICABLE,11,November,1,1,3,Tuesday,2022,19,7:00pm-7:59pm,35,35,US-101,NA,2,US Highway,1,Rural,2,Principal Arterial - Other Freeways and Expressways,1,State Highway Agency,1,This section IS ON the NHS,0,No Special Jurisdiction,1301,1301,34.49252222,34.49252222,-120.226375,-120.226375,33,Curb,0,The First Harmful Event was Not a Collision with a Motor Vehicle in Transport,0,No,1,Non-Junction,1,Not an Intersection,4,On Roadside,0,None,2,Dark - Not Lighted,10,Cloudy,0,No,0000000,Not Applicable,19,7:00pm-7:59pm,99,Unknown,99,Unknown EMS Scene Arrival Hour,99,Unknown EMS Scene Arrival Minutes,99,Unknown,99,Unknown EMS Hospital Arrival Time,1
6,California,62637,0,0,1,1,0,1,1,111,VENTURA (111),0,NOT APPLICABLE,11,November,5,5,7,Saturday,2022,21,9:00pm-9:59pm,55,55,FOOTHILL RD,NA,8,Other,1,Rural,5,Major Collector,2,County Highway Agency,0,This section IS NOT on the NHS,0,No Special Jurisdiction,99998,Not Reported,34.31281111,34.31281111,-119.14644167,-119.14644167,38,Fence,0,The First Harmful Event was Not a Collision with a Motor Vehicle in Transport,0,No,1,Non-Junction,1,Not an Intersection,4,On Roadside,0,None,2,Dark - Not Lighted,1,Clear,0,No,0000000,Not Applicable,99,Unknown,99,Unknown,99,Unknown EMS Scene Arrival Hour,99,Unknown EMS Scene Arrival Minutes,88,Not Applicable (Not Transported),88,Not Applicable (Not Transported),1
6,California,62638,0,0,1,1,0,1,1,19,FRESNO (19),0,NOT APPLICABLE,11,November,17,17,5,Thursday,2022,22,10:00pm-10:59pm,15,15,ASHLAN AVE,NA,8,Other,1,Rural,6,Minor Collector,2,County Highway Agency,0,This section IS NOT on the NHS,0,No Special Jurisdiction,99998,Not Reported,36.79361389,36.79361389,-119.53339167,-119.53339167,23,Bridge Rail (Includes parapet),0,The First Harmful Event was Not a Collision with a Motor Vehicle in Transport,0,No,1,Non-Junction,1,Not an Intersection,4,On Roadside,0,None,2,Dark - Not Lighted,1,Clear,0,No,0000000,Not Applicable,99,Unknown,99,Unknown,99,Unknown EMS Scene Arrival Hour,99,Unknown EMS Scene Arrival Minutes,99,Unknown,99,Unknown EMS Hospital Arrival Time,1
6,California,62639,0,0,2,2,0,2,2,87,SANTA CRUZ (87),0,NOT APPLICABLE,11,November,20,20,1,Sunday,2022,16,4:00pm-4:59pm,27,27,MOUNT HERMAN RD,NA,8,Other,2,Urban,4,Minor Arterial,2,County Highway Agency,0,This section IS NOT on the NHS,0,No Special Jurisdiction,99998,Not Reported,37.05433333,37.05433333,-122.06285833,-122.06285833,12,Motor Vehicle In-Transport,2,Front-to-Front,0,No,1,Non-Junction,1,Not an Intersection,1,On Roadway,0,None,1,Daylight,1,Clear,0,No,0000000,Not Applicable,16,4:00pm-4:59pm,99,Unknown,16,4:00pm-4:59pm,99,Unknown EMS Scene Arrival Minutes,16,4:00pm-4:59pm,99,Unknown EMS Hospital Arrival Time,1
6,California,62640,0,0,1,1,0,1,1,37,LOS ANGELES (37),1970,LONG BEACH,12,December,11,11,1,Sunday,2022,1,1:00am-1:59am,46,46,I-405,NA,1,Interstate,2,Urban,1,Interstate,1,State Highway Agency,1,This section IS ON the NHS,0,No Special Jurisdiction,61,61,33.81544722,33.81544722,-118.18590556,-118.18590556,25,Concrete Traffic Barrier,0,The First Harmful Event was Not a Collision with a Motor Vehicle in Transport,0,No,1,Non-Junction,1,Not an Intersection,8,Gore,0,None,3,Dark - Lighted,2,Rain,0,No,0000000,Not Applicable,99,Unknown,99,Unknown,99,Unknown EMS Scene Arrival Hour,99,Unknown EMS Scene Arrival Minutes,88,Not Applicable (Not Transported),88,Not Applicable (Not Transported),1
6,California,62641,0,0,2,2,0,2,2,23,HUMBOLDT (23),1340,FORTUNA,12,December,31,31,7,Saturday,2022,9,9:00am-9:59am,35,35,US-101,NA,2,US Highway,2,Urban,3,Principal Arterial - Other,1,State Highway Agency,1,This section IS ON the NHS,0,No Special Jurisdiction,594,594,40.57420278,40.57420278,-124.14896667,-124.14896667,12,Motor Vehicle In-Transport,2,Front-to-Front,1,Yes,19,Other location within Interchange Area,1,Not an Intersection,2,On Shoulder,0,None,1,Daylight,10,Cloudy,0,No,0000000,Not Applicable,9,9:00am-9:59am,99,Unknown,9,9:00am-9:59am,99,Unknown EMS Scene Arrival Minutes,9,9:00am-9:59am,99,Unknown EMS Hospital Arrival Time,1
6,California,62642,0,0,2,2,0,6,6,65,RIVERSIDE (65),850,CORONA,6,June,19,19,1,Sunday,2022,0,0:00am-0:59am,40,40,SR-91,NA,3,State Highway,2,Urban,2,Principal Arterial - Other Freeways and Expressways,1,State Highway Agency,1,This section IS ON the NHS,0,No Special Jurisdiction,87,87,33.8842,33.8842,-117.52518611,-117.52518611,12,Motor Vehicle In-Transport,1,Front-to-Rear,0,No,1,Non-Junction,1,Not an Intersection,1,On Roadway,0,None,3,Dark - Lighted,1,Clear,0,No,0000000,Not Applicable,99,Unknown,99,Unknown,99,Unknown EMS Scene Arrival Hour,99,Unknown EMS Scene Arrival Minutes,99,Unknown,99,Unknown EMS Hospital Arrival Time,1
6,California,62643,2,2,1,1,0,1,1,89,SHASTA (89),90,ANDERSON,11,November,24,24,5,Thursday,2022,17,5:00pm-5:59pm,36,36,I-5,NA,1,Interstate,2,Urban,1,Interstate,1,State Highway Agency,1,This section IS ON the NHS,0,No Special Jurisdiction,52,52,40.45156389,40.45156389,-122.29118889,-122.29118889,8,Pedestrian,0,The First Harmful Event was Not a Collision with a Motor Vehicle in Transport,1,Yes,18,Through Roadway,1,Not an Intersection,1,On Roadway,0,None,2,Dark - Not Lighted,1,Clear,0,No,0000000,Not Applicable,17,5:00pm-5:59pm,39,39,17,5:00pm-5:59pm,99,Unknown EMS Scene Arrival Minutes,88,Not Applicable (Not Transported),88,Not Applicable (Not Transported),2
6,California,62644,0,0,2,2,0,2,2,65,RIVERSIDE (65),0,NOT APPLICABLE,3,March,17,17,5,Thursday,2022,5,5:00am-5:59am,39,39,RAMONA EXPY,NA,8,Other,2,Urban,4,Minor Arterial,2,County Highway Agency,0,This section IS NOT on the NHS,0,No Special Jurisdiction,99998,Not Reported,33.83868611,33.83868611,-117.11855278,-117.11855278,33,Curb,0,The First Harmful Event was Not a Collision with a Motor Vehicle in Transport,0,No,1,Non-Junction,1,Not an Intersection,4,On Roadside,0,None,3,Dark - Lighted,5,"Fog, Smog, Smoke",0,No,0000000,Not Applicable,99,Unknown,99,Unknown,99,Unknown EMS Scene Arrival Hour,99,Unknown EMS Scene Arrival Minutes,99,Unknown,99,Unknown EMS Hospital Arrival Time,1
6,California,62645,0,0,1,1,0,2,2,77,SAN JOAQUIN (77),3770,STOCKTON,9,September,5,5,2,Monday,2022,4,4:00am-4:59am,33,33,I-5,NA,1,Interstate,2,Urban,1,Interstate,1,State Highway Agency,1,This section IS ON the NHS,0,No Special Jurisdiction,284,284,37.96353889,37.96353889,-121.33565,-121.33565,1,Rollover/Overturn,0,The First Harmful Event was Not a Collision with a Motor Vehicle in Transport,1,Yes,5,Entrance/Exit Ramp Related,1,Not an Intersection,4,On Roadside,0,None,3,Dark - Lighted,1,Clear,0,No,0000000,Not Applicable,4,4:00am-4:59am,37,37,99,Unknown EMS Scene Arrival Hour,99,Unknown EMS Scene Arrival Minutes,99,Unknown,99,Unknown EMS Hospital Arrival Time,1
6,California,62646,0,0,2,2,0,2,2,65,RIVERSIDE (65),0,NOT APPLICABLE,10,October,11,11,3,Tuesday,2022,12,12:00pm-12:59pm,50,50,I-10,NA,1,Interstate,1,Rural,1,Interstate,1,State Highway Agency,1,This section IS ON the NHS,0,No Special Jurisdiction,181,181,33.91894444,33.91894444,-116.79795,-116.79795,12,Motor Vehicle In-Transport,9,Rear-to-Side,0,No,1,Non-Junction,1,Not an Intersection,1,On Roadway,4,"Work Zone, Type Unknown",1,Daylight,1,Clear,0,No,0000000,Not Applicable,99,Unknown,99,Unknown,99,Unknown EMS Scene Arrival Hour,99,Unknown EMS Scene Arrival Minutes,88,Not Applicable (Not Transported),88,Not Applicable (Not Transported),1
6,California,62647,0,0,2,2,0,3,3,111,VENTURA (111),0,NOT APPLICABLE,11,November,23,23,4,Wednesday,2022,18,6:00pm-6:59pm,22,22,SR-150,NA,3,State Highway,1,Rural,4,Minor Arterial,1,State Highway Agency,0,This section IS NOT on the NHS,0,No Special Jurisdiction,122,122,34.42706667,34.42706667,-119.32344722,-119.32344722,42,Tree (Standing Only),0,The First Harmful Event was Not a Collision with a Motor Vehicle in Transport,0,No,1,Non-Junction,1,Not an Intersection,4,On Roadside,0,None,2,Dark - Not Lighted,1,Clear,0,No,0000000,Not Applicable,99,Unknown,99,Unknown,99,Unknown EMS Scene Arrival Hour,99,Unknown EMS Scene Arrival Minutes,99,Unknown,99,Unknown EMS Hospital Arrival Time,1
6,California,62648,1,1,2,1,1,1,1,37,LOS ANGELES (37),1980,LOS ANGELES,5,May,2,2,2,Monday,2022,6,6:00am-6:59am,50,50,SAN VICENTE BLVD,NA,8,Other,2,Urban,3,Principal Arterial - Other,4,City or Municipal Highway Agency,1,This section IS ON the NHS,0,No Special Jurisdiction,30,30,34.05001389,34.05001389,-118.48433056,-118.48433056,8,Pedestrian,0,The First Harmful Event was Not a Collision with a Motor Vehicle in Transport,0,No,1,Non-Junction,1,Not an Intersection,1,On Roadway,0,None,1,Daylight,1,Clear,0,No,0000000,Not Applicable,6,6:00am-6:59am,99,Unknown,6,6:00am-6:59am,55,55,88,Not Applicable (Not Transported),88,Not Applicable (Not Transported),1
6,California,62649,1,1,1,1,0,1,1,59,ORANGE (59),470,BUENA PARK,5,May,2,2,2,Monday,2022,21,9:00pm-9:59pm,52,52,WESTERN AVE,NA,8,Other,2,Urban,4,Minor Arterial,4,City or Municipal Highway Agency,0,This section IS NOT on the NHS,0,No Special Jurisdiction,99998,Not Reported,33.86151944,33.86151944,-118.00248889,-118.00248889,8,Pedestrian,0,The First Harmful Event was Not a Collision with a Motor Vehicle in Transport,0,No,1,Non-Junction,1,Not an Intersection,1,On Roadway,0,None,3,Dark - Lighted,1,Clear,0,No,0000000,Not Applicable,99,Unknown,99,Unknown,99,Unknown EMS Scene Arrival Hour,99,Unknown EMS Scene Arrival Minutes,88,Not Applicable (Not Transported),88,Not Applicable (Not Transported),1
6,California,62650,1,1,1,1,0,1,1,37,LOS ANGELES (37),1980,LOS ANGELES,5,May,3,3,3,Tuesday,2022,15,3:00pm-3:59pm,30,30,18TH ST,MAPLE AVE,8,Other,2,Urban,4,Minor Arterial,4,City or Municipal Highway Agency,0,This section IS NOT on the NHS,0,No Special Jurisdiction,99998,Not Reported,34.030775,34.030775,-118.26020833,-118.26020833,30,Utility Pole/Light Support,0,The First Harmful Event was Not a Collision with a Motor Vehicle in Transport,0,No,3,Intersection-Related,3,T-Intersection,4,On Roadside,0,None,1,Daylight,1,Clear,0,No,0000000,Not Applicable,15,3:00pm-3:59pm,99,Unknown,15,3:00pm-3:59pm,99,Unknown EMS Scene Arrival Minutes,88,Not Applicable (Not Transported),88,Not Applicable (Not Transported),1
6,California,62651,1,1,1,1,0,2,2,65,RIVERSIDE (65),3070,RIVERSIDE,5,May,6,6,6,Friday,2022,21,9:00pm-9:59pm,1,1,WELLS AVE,NA,8,Other,2,Urban,5,Major Collector,4,City or Municipal Highway Agency,0,This section IS NOT on the NHS,0,No Special Jurisdiction,99998,Not Reported,33.93388889,33.93388889,-117.46557222,-117.46557222,49,Ridden Animal or Animal Drawn Conveyance,0,The First Harmful Event was Not a Collision with a Motor Vehicle in Transport,0,No,1,Non-Junction,1,Not an Intersection,1,On Roadway,0,None,3,Dark - Lighted,98,Not Reported,0,No,0000000,Not Applicable,21,9:00pm-9:59pm,99,Unknown,21,9:00pm-9:59pm,99,Unknown EMS Scene Arrival Minutes,99,Unknown,99,Unknown EMS Hospital Arrival Time,1
6,California,62652,1,1,1,1,0,1,1,31,KINGS (31),0,NOT APPLICABLE,2,February,28,28,2,Monday,2022,1,1:00am-1:59am,21,21,I-5,NA,1,Interstate,1,Rural,1,Interstate,1,State Highway Agency,1,This section IS ON the NHS,0,No Special Jurisdiction,244,244,36.05519722,36.05519722,-120.06595833,-120.06595833,8,Pedestrian,0,The First Harmful Event was Not a Collision with a Motor Vehicle in Transport,0,No,1,Non-Junction,1,Not an Intersection,1,On Roadway,0,None,2,Dark - Not Lighted,1,Clear,0,No,0000000,Not Applicable,99,Unknown,99,Unknown,99,Unknown EMS Scene Arrival Hour,99,Unknown EMS Scene Arrival Minutes,99,Unknown,99,Unknown EMS Hospital Arrival Time,1
6,California,62653,0,0,2,2,0,5,5,75,SAN FRANCISCO (75),3290,SAN FRANCISCO,6,June,19,19,1,Sunday,2022,2,2:00am-2:59am,54,54,I-80,NA,1,Interstate,2,Urban,1,Interstate,1,State Highway Agency,1,This section IS ON the NHS,0,No Special Jurisdiction,68,68,88.8888,88.8888,888.8888,888.8888,12,Motor Vehicle In-Transport,1,Front-to-Rear,0,No,1,Non-Junction,1,Not an Intersection,1,On Roadway,0,None,3,Dark - Lighted,1,Clear,0,No,0000000,Not Applicable,99,Unknown,99,Unknown,99,Unknown EMS Scene Arrival Hour,99,Unknown EMS Scene Arrival Minutes,99,Unknown,99,Unknown EMS Hospital Arrival Time,1
6,California,62654,1,1,2,2,0,9,9,59,ORANGE (59),1410,GARDEN GROVE,7,July,2,2,7,Saturday,2022,20,8:00pm-8:59pm,59,59,SR- 22,NA,3,State Highway,2,Urban,2,Principal Arterial - Other Freeways and Expressways,1,State Highway Agency,1,This section IS ON the NHS,0,No Special Jurisdiction,51,51,33.76561111,33.76561111,-117.96666667,-117.96666667,8,Pedestrian,0,The First Harmful Event was Not a Collision with a Motor Vehicle in Transport,0,No,1,Non-Junction,1,Not an Intersection,1,On Roadway,0,None,3,Dark - Lighted,1,Clear,0,No,0000000,Not Applicable,20,8:00pm-8:59pm,59,59,21,9:00pm-9:59pm,5,5,88,Not Applicable (Not Transported),88,Not Applicable (Not Transported),1
6,California,62655,0,0,1,1,0,2,2,71,SAN BERNARDINO (71),0,NOT APPLICABLE,12,December,11,11,1,Sunday,2022,15,3:00pm-3:59pm,10,10,I-15 BARSTOW FWY,NA,1,Interstate,1,Rural,1,Interstate,1,State Highway Agency,1,This section IS ON the NHS,0,No Special Jurisdiction,1742,1742,35.46441667,35.46441667,-115.48246944,-115.48246944,1,Rollover/Overturn,0,The First Harmful Event was Not a Collision with a Motor Vehicle in Transport,0,No,1,Non-Junction,1,Not an Intersection,1,On Roadway,0,None,1,Daylight,2,Rain,0,No,0000000,Not Applicable,15,3:00pm-3:59pm,12,12,15,3:00pm-3:59pm,14,14,99,Unknown,99,Unknown EMS Hospital Arrival Time,1
6,California,62656,1,1,1,1,0,1,1,67,SACRAMENTO (67),0,NOT APPLICABLE,12,December,29,29,5,Thursday,2022,20,8:00pm-8:59pm,13,13,AUBURN BLVD,NA,8,Other,2,Urban,3,Principal Arterial - Other,2,County Highway Agency,1,This section IS ON the NHS,0,No Special Jurisdiction,99998,Not Reported,38.65388611,38.65388611,-121.35439167,-121.35439167,8,Pedestrian,0,The First Harmful Event was Not a Collision with a Motor Vehicle in Transport,0,No,1,Non-Junction,1,Not an Intersection,1,On Roadway,0,None,3,Dark - Lighted,2,Rain,0,No,0000000,Not Applicable,99,Unknown,99,Unknown,99,Unknown EMS Scene Arrival Hour,99,Unknown EMS Scene Arrival Minutes,88,Not Applicable (Not Transported),88,Not Applicable (Not Transported),1
6,California,62657,0,0,1,1,0,4,4,61,PLACER (61),0,NOT APPLICABLE,12,December,14,14,4,Wednesday,2022,20,8:00pm-8:59pm,57,57,E ROSEVILLE PKWY,NA,8,Other,2,Urban,4,Minor Arterial,2,County Highway Agency,0,This section IS NOT on the NHS,0,No Special Jurisdiction,99998,Not Reported,38.723225,38.723225,-121.20859444,-121.20859444,33,Curb,0,The First Harmful Event was Not a Collision with a Motor Vehicle in Transport,0,No,1,Non-Junction,1,Not an Intersection,4,On Roadside,0,None,3,Dark - Lighted,1,Clear,0,No,0000000,Not Applicable,99,Unknown,99,Unknown,99,Unknown EMS Scene Arrival Hour,99,Unknown EMS Scene Arrival Minutes,88,Not Applicable (Not Transported),88,Not Applicable (Not Transported),4
6,California,62658,1,1,1,1,0,1,1,111,VENTURA (111),0,NOT APPLICABLE,8,August,10,10,4,Wednesday,2022,9,9:00am-9:59am,20,20,SR-1,NA,3,State Highway,2,Urban,3,Principal Arterial - Other,1,State Highway Agency,1,This section IS ON the NHS,0,No Special Jurisdiction,1047,1047,34.30391944,34.30391944,-119.34846111,-119.34846111,8,Pedestrian,0,The First Harmful Event was Not a Collision with a Motor Vehicle in Transport,0,No,1,Non-Junction,1,Not an Intersection,4,On Roadside,0,None,1,Daylight,1,Clear,0,No,0000000,Not Applicable,9,9:00am-9:59am,99,Unknown,9,9:00am-9:59am,99,Unknown EMS Scene Arrival Minutes,88,Not Applicable (Not Transported),88,Not Applicable (Not Transported),1
6,California,62659,0,0,1,1,0,2,2,1,ALAMEDA (1),2840,PLEASANTON,9,September,10,10,7,Saturday,2022,5,5:00am-5:59am,43,43,I-680,NA,1,Interstate,2,Urban,1,Interstate,1,State Highway Agency,1,This section IS ON the NHS,0,No Special Jurisdiction,255,255,37.648875,37.648875,-121.8932,-121.8932,26,Other Traffic Barrier,0,The First Harmful Event was Not a Collision with a Motor Vehicle in Transport,0,No,1,Non-Junction,1,Not an Intersection,4,On Roadside,4,"Work Zone, Type Unknown",2,Dark - Not Lighted,10,Cloudy,0,No,0000000,Not Applicable,99,Unknown,99,Unknown,99,Unknown EMS Scene Arrival Hour,99,Unknown EMS Scene Arrival Minutes,99,Unknown,99,Unknown EMS Hospital Arrival Time,1
6,California,62660,1,1,1,1,0,1,1,81,SAN MATEO (81),0,NOT APPLICABLE,9,September,28,28,4,Wednesday,2022,11,11:00am-11:59am,30,30,SR-1 CABRILLO HWY,NA,3,State Highway,2,Urban,3,Principal Arterial - Other,1,State Highway Agency,1,This section IS ON the NHS,0,No Special Jurisdiction,350,350,37.52521667,37.52521667,-122.51106111,-122.51106111,9,Pedalcyclist,0,The First Harmful Event was Not a Collision with a Motor Vehicle in Transport,0,No,1,Non-Junction,1,Not an Intersection,2,On Shoulder,0,None,1,Daylight,1,Clear,0,No,0000000,Not Applicable,11,11:00am-11:59am,99,Unknown,11,11:00am-11:59am,99,Unknown EMS Scene Arrival Minutes,99,Unknown,99,Unknown EMS Hospital Arrival Time,1
6,California,62661,1,1,1,1,0,2,2,95,SOLANO (95),4020,VALLEJO,10,October,7,7,6,Friday,2022,20,8:00pm-8:59pm,3,3,MARE ISLAND WAY,MAINE ST,9,Unknown,2,Urban,3,Principal Arterial - Other,4,City or Municipal Highway Agency,1,This section IS ON the NHS,0,No Special Jurisdiction,99998,Not Reported,38.09868056,38.09868056,-122.26121389,-122.26121389,8,Pedestrian,0,The First Harmful Event was Not a Collision with a Motor Vehicle in Transport,0,No,3,Intersection-Related,3,T-Intersection,1,On Roadway,0,None,3,Dark - Lighted,1,Clear,0,No,0000000,Not Applicable,99,Unknown,99,Unknown,99,Unknown EMS Scene Arrival Hour,99,Unknown EMS Scene Arrival Minutes,99,Unknown,99,Unknown EMS Hospital Arrival Time,1
6,California,62662,0,0,3,3,0,4,4,71,SAN BERNARDINO (71),0,NOT APPLICABLE,11,November,5,5,7,Saturday,2022,16,4:00pm-4:59pm,15,15,I-15,NA,1,Interstate,1,Rural,1,Interstate,1,State Highway Agency,1,This section IS ON the NHS,0,No Special Jurisdiction,2536,2536,35.34973889,35.34973889,-115.94117778,-115.94117778,12,Motor Vehicle In-Transport,1,Front-to-Rear,0,No,1,Non-Junction,1,Not an Intersection,1,On Roadway,0,None,1,Daylight,10,Cloudy,0,No,0000000,Not Applicable,16,4:00pm-4:59pm,99,Unknown,16,4:00pm-4:59pm,99,Unknown EMS Scene Arrival Minutes,99,Unknown,99,Unknown EMS Hospital Arrival Time,1
6,California,62663,0,0,1,1,0,1,1,71,SAN BERNARDINO (71),0,NOT APPLICABLE,11,November,21,21,2,Monday,2022,18,6:00pm-6:59pm,55,55,I-15,NA,1,Interstate,1,Rural,1,Interstate,1,State Highway Agency,1,This section IS ON the NHS,0,No Special Jurisdiction,960,960,34.96107778,34.96107778,-116.6497,-116.6497,1,Rollover/Overturn,0,The First Harmful Event was Not a Collision with a Motor Vehicle in Transport,1,Yes,19,Other location within Interchange Area,1,Not an Intersection,4,On Roadside,0,None,3,Dark - Lighted,1,Clear,0,No,0000000,Not Applicable,18,6:00pm-6:59pm,59,59,99,Unknown EMS Scene Arrival Hour,99,Unknown EMS Scene Arrival Minutes,88,Not Applicable (Not Transported),88,Not Applicable (Not Transported),1
6,California,62664,1,1,1,1,0,1,1,87,SANTA CRUZ (87),4100,WATSONVILLE,5,May,5,5,5,Thursday,2022,22,10:00pm-10:59pm,34,34,SR-152 MAIN ST,NA,3,State Highway,2,Urban,3,Principal Arterial - Other,1,State Highway Agency,1,This section IS ON the NHS,0,No Special Jurisdiction,12,12,36.91841389,36.91841389,-121.78311667,-121.78311667,8,Pedestrian,0,The First Harmful Event was Not a Collision with a Motor Vehicle in Transport,0,No,1,Non-Junction,1,Not an Intersection,1,On Roadway,0,None,3,Dark - Lighted,1,Clear,0,No,0000000,Not Applicable,99,Unknown,99,Unknown,99,Unknown EMS Scene Arrival Hour,99,Unknown EMS Scene Arrival Minutes,99,Unknown,99,Unknown EMS Hospital Arrival Time,1