STATE,STATENAME,ST_CASE,PEDS,PERNOTMVIT,VE_TOTAL,VE_FORMS,PVH_INVL,PERSONS,PERMVIT,COUNTY,COUNTYNAME,CITY,CITYNAME,MONTH,MONTHNAME,DAY,DAYNAME,DAY_WEEK,DAY_WEEKNAME,YEAR,HOUR,HOURNAME,MINUTE,MINUTENAME,TWAY_ID,TWAY_ID2,ROUTE,ROUTENAME,RUR_URB,RUR_URBNAME,FUNC_SYS,FUNC_SYSNAME,RD_OWNER,RD_OWNERNAME,NHS,NHSNAME,SP_JUR,SP_JURNAME,MILEPT,MILEPTNAME,LATITUDE,LATITUDENAME,LONGITUD,LONGITUDNAME,HARM_EV,HARM_EVNAME,MAN_COLL,MAN_COLLNAME,RELJCT1,RELJCT1NAME,RELJCT2,RELJCT2NAME,TYP_INT,TYP_INTNAME,REL_ROAD,REL_ROADNAME,WRK_ZONE,WRK_ZONENAME,LGT_COND,LGT_CONDNAME,WEATHER,WEATHERNAME,SCH_BUS,SCH_BUSNAME,RAIL,RAILNAME,NOT_HOUR,NOT_HOURNAME,NOT_MIN,NOT_MINNAME,ARR_HOUR,ARR_HOURNAME,ARR_MIN,ARR_MINNAME,HOSP_HR,HOSP_HRNAME,HOSP_MN,HOSP_MNNAME,FATALS
6,California,62773,0,0,2,2,0,3,3,19,FRESNO (19),0,NOT APPLICABLE,12,December,10,10,7,Saturday,2022,13,1:00pm-1:59pm,30,30,DE WOLF AVE,NORTH AVE,8,Other,1,Rural,7,Local,2,County Highway Agency,0,This section IS NOT on the NHS,0,No Special Jurisdiction,99998,Not Reported,36.692575,36.692575,-119.64596111,-119.64596111,12,Motor Vehicle In-Transport,6,Angle,0,No,2,Intersection,2,Four-Way Intersection,1,On Roadway,0,None,1,Daylight,10,Cloudy,0,No,0000000,Not Applicable,13,1:00pm-1:59pm,99,Unknown,13,1:00pm-1:59pm,99,Unknown EMS Scene Arrival Minutes,88,Not Applicable (Not Transported),88,Not Applicable (Not Transported),2
6,California,62774,0,0,2,2,0,3,3,37,LOS ANGELES (37),810,COMPTON,4,April,30,30,7,Saturday,2022,0,0:00am-0:59am,35,35,SR-91,NA,3,State Highway,2,Urban,2,Principal Arterial - Other Freeways and Expressways,1,State Highway Agency,1,This section IS ON the NHS,0,No Special Jurisdiction,95,95,33.87366111,33.87366111,-118.22975278,-118.22975278,12,Motor Vehicle In-Transport,7,Sideswipe - Same Direction,0,No,1,Non-Junction,1,Not an Intersection,1,On Roadway,0,None,3,Dark - Lighted,1,Clear,0,No,0000000,Not Applicable,0,0:00am-0:59am,37,37,0,0:00am-0:59am,45,45,88,Not Applicable (Not Transported),88,Not Applicable (Not Transported),2
6,California,62775,0,0,1,1,0,4,4,19,FRESNO (19),1370,FRESNO,11,November,11,11,6,Friday,2022,0,0:00am-0:59am,10,10,MANNING AVE,NA,8,Other,1,Rural,5,Major Collector,2,County Highway Agency,0,This section IS NOT on the NHS,0,No Special Jurisdiction,99998,Not Reported,36.60359444,36.60359444,-119.36548056,-119.36548056,1,Rollover/Overturn,0,The First Harmful Event was Not a Collision with a Motor Vehicle in Transport,0,No,1,Non-Junction,1,Not an Intersection,4,On Roadside,0,None,2,Dark - Not Lighted,1,Clear,0,No,0000000,Not Applicable,0,0:00am-0:59am,99,Unknown,0,0:00am-0:59am,99,Unknown EMS Scene Arrival Minutes,99,Unknown,99,Unknown EMS Hospital Arrival Time,1
6,California,62777,0,0,6,6,0,7,7,71,SAN BERNARDINO (71),3210,SAN BERNARDINO,2,February,10,10,5,Thursday,2022,12,12:00pm-12:59pm,29,29,CACTUS AVE,RIALTO AVE,8,Other,2,Urban,4,Minor Arterial,4,City or Municipal Highway Agency,0,This section IS NOT on the NHS,0,No Special Jurisdiction,99998,Not Reported,34.09947778,34.09947778,-117.38352222,-117.38352222,12,Motor Vehicle In-Transport,6,Angle,0,No,2,Intersection,2,Four-Way Intersection,1,On Roadway,0,None,1,Daylight,1,Clear,0,No,0000000,Not Applicable,99,Unknown,99,Unknown,99,Unknown EMS Scene Arrival Hour,99,Unknown EMS Scene Arrival Minutes,88,Not Applicable (Not Transported),88,Not Applicable (Not Transported),1
6,California,62778,0,0,2,2,0,2,2,59,ORANGE (59),1713,EAST IRVINE,12,December,2,2,6,Friday,2022,5,5:00am-5:59am,45,45,I-405,NA,1,Interstate,2,Urban,1,Interstate,1,State Highway Agency,1,This section IS ON the NHS,0,No Special Jurisdiction,69,69,33.67686111,33.67686111,-117.844225,-117.844225,12,Motor Vehicle In-Transport,6,Angle,1,Yes,5,Entrance/Exit Ramp Related,1,Not an Intersection,1,On Roadway,0,None,3,Dark - Lighted,10,Cloudy,0,No,0000000,Not Applicable,5,5:00am-5:59am,99,Unknown,99,Unknown EMS Scene Arrival Hour,99,Unknown EMS Scene Arrival Minutes,99,Unknown,99,Unknown EMS Hospital Arrival Time,1
6,California,62779,0,0,4,4,0,5,5,1,ALAMEDA (1),1560,HAYWARD,11,November,21,21,2,Monday,2022,18,6:00pm-6:59pm,30,30,I-880 RAMP,NA,1,Interstate,2,Urban,1,Interstate,1,State Highway Agency,1,This section IS ON the NHS,0,No Special Jurisdiction,278,278,37.65615278,37.65615278,-122.10100833,-122.10100833,12,Motor Vehicle In-Transport,7,Sideswipe - Same Direction,1,Yes,20,Entrance/Exit Ramp,1,Not an Intersection,1,On Roadway,0,None,2,Dark - Not Lighted,1,Clear,0,No,0000000,Not Applicable,18,6:00pm-6:59pm,99,Unknown,18,6:00pm-6:59pm,99,Unknown EMS Scene Arrival Minutes,88,Not Applicable (Not Transported),88,Not Applicable (Not Transported),1
6,California,62780,1,1,1,1,0,1,1,65,RIVERSIDE (65),1580,HEMET,2,February,4,4,6,Friday,2022,3,3:00am-3:59am,41,41,STETSON AVE,NA,8,Other,2,Urban,4,Minor Arterial,4,City or Municipal Highway Agency,0,This section IS NOT on the NHS,0,No Special Jurisdiction,99998,Not Reported,33.729425,33.729425,-117.00693889,-117.00693889,9,Pedalcyclist,0,The First Harmful Event was Not a Collision with a Motor Vehicle in Transport,0,No,1,Non-Junction,1,Not an Intersection,1,On Roadway,0,None,3,Dark - Lighted,1,Clear,0,No,0000000,Not Applicable,99,Unknown,99,Unknown,99,Unknown EMS Scene Arrival Hour,99,Unknown EMS Scene Arrival Minutes,99,Unknown,99,Unknown EMS Hospital Arrival Time,1
6,California,62781,0,0,2,2,0,4,4,99,STANISLAUS (99),2710,PATTERSON,2,February,9,9,4,Wednesday,2022,20,8:00pm-8:59pm,6,6,SR-33 2ND ST,SR-130 SPERRY AVE,3,State Highway,2,Urban,4,Minor Arterial,4,City or Municipal Highway Agency,0,This section IS NOT on the NHS,0,No Special Jurisdiction,125,125,37.46429722,37.46429722,-121.12326111,-121.12326111,12,Motor Vehicle In-Transport,6,Angle,0,No,2,Intersection,2,Four-Way Intersection,1,On Roadway,0,None,3,Dark - Lighted,1,Clear,0,No,0000000,Not Applicable,99,Unknown,99,Unknown,99,Unknown EMS Scene Arrival Hour,99,Unknown EMS Scene Arrival Minutes,88,Not Applicable (Not Transported),88,Not Applicable (Not Transported),1
6,California,62782,0,0,2,2,0,2,2,71,SAN BERNARDINO (71),2922,RANCHO CUCAMONGA,4,April,2,2,7,Saturday,2022,16,4:00pm-4:59pm,11,11,SR-66 FOOTHILL BL,BAKER AV,3,State Highway,2,Urban,3,Principal Arterial - Other,4,City or Municipal Highway Agency,1,This section IS ON the NHS,0,No Special Jurisdiction,43,43,34.10482778,34.10482778,-117.61981389,-117.61981389,12,Motor Vehicle In-Transport,6,Angle,0,No,2,Intersection,2,Four-Way Intersection,1,On Roadway,0,None,1,Daylight,1,Clear,0,No,0000000,Not Applicable,99,Unknown,99,Unknown,99,Unknown EMS Scene Arrival Hour,99,Unknown EMS Scene Arrival Minutes,99,Unknown,99,Unknown EMS Hospital Arrival Time,1
6,California,62783,0,0,2,2,0,2,2,37,LOS ANGELES (37),810,COMPTON,4,April,9,9,7,Saturday,2022,1,1:00am-1:59am,6,6,ROSECRANS AV,ACACIA AV,8,Other,2,Urban,3,Principal Arterial - Other,4,City or Municipal Highway Agency,1,This section IS ON the NHS,0,No Special Jurisdiction,99998,Not Reported,33.90338056,33.90338056,-118.22728056,-118.22728056,12,Motor Vehicle In-Transport,6,Angle,0,No,2,Intersection,3,T-Intersection,1,On Roadway,0,None,3,Dark - Lighted,1,Clear,0,No,0000000,Not Applicable,99,Unknown,99,Unknown,99,Unknown EMS Scene Arrival Hour,99,Unknown EMS Scene Arrival Minutes,99,Unknown,99,Unknown EMS Hospital Arrival Time,1
6,California,62784,1,1,1,1,0,1,1,37,LOS ANGELES (37),0,NOT APPLICABLE,12,December,6,6,3,Tuesday,2022,18,6:00pm-6:59pm,23,23,GRAVES AVE,NA,8,Other,2,Urban,4,Minor Arterial,2,County Highway Agency,0,This section IS NOT on the NHS,0,No Special Jurisdiction,99998,Not Reported,34.05466667,34.05466667,-118.09538333,-118.09538333,8,Pedestrian,0,The First Harmful Event was Not a Collision with a Motor Vehicle in Transport,0,No,1,Non-Junction,1,Not an Intersection,1,On Roadway,0,None,3,Dark - Lighted,1,Clear,0,No,0000000,Not Applicable,99,Unknown,99,Unknown,99,Unknown EMS Scene Arrival Hour,99,Unknown EMS Scene Arrival Minutes,88,Not Applicable (Not Transported),88,Not Applicable (Not Transported),1
6,California,62785,1,1,1,1,0,1,1,89,SHASTA (89),2950,REDDING,2,February,11,11,6,Friday,2022,6,6:00am-6:59am,46,46,S BONNYVIEW RD,NA,8,Other,2,Urban,3,Principal Arterial - Other,4,City or Municipal Highway Agency,0,This section IS NOT on the NHS,0,No Special Jurisdiction,99998,Not Reported,40.53870556,40.53870556,-122.35282222,-122.35282222,8,Pedestrian,0,The First Harmful Event was Not a Collision with a Motor Vehicle in Transport,0,No,1,Non-Junction,1,Not an Intersection,1,On Roadway,0,None,4,Dawn,1,Clear,0,No,0000000,Not Applicable,99,Unknown,99,Unknown,99,Unknown EMS Scene Arrival Hour,99,Unknown EMS Scene Arrival Minutes,99,Unknown,99,Unknown EMS Hospital Arrival Time,1
6,California,62786,1,1,1,1,0,2,2,73,SAN DIEGO (73),710,CHULA VISTA,4,April,14,14,5,Thursday,2022,21,9:00pm-9:59pm,16,16,H ST,ELM AV,8,Other,2,Urban,5,Major Collector,4,City or Municipal Highway Agency,0,This section IS NOT on the NHS,0,No Special Jurisdiction,99998,Not Reported,32.63606111,32.63606111,-117.07131667,-117.07131667,8,Pedestrian,0,The First Harmful Event was Not a Collision with a Motor Vehicle in Transport,0,No,2,Intersection,3,T-Intersection,1,On Roadway,0,None,3,Dark - Lighted,1,Clear,0,No,0000000,Not Applicable,99,Unknown,99,Unknown,99,Unknown EMS Scene Arrival Hour,99,Unknown EMS Scene Arrival Minutes,99,Unknown,99,Unknown EMS Hospital Arrival Time,1
6,California,62787,1,1,5,5,0,5,5,71,SAN BERNARDINO (71),3210,SAN BERNARDINO,2,February,22,22,3,Tuesday,2022,18,6:00pm-6:59pm,18,18,N WATERMAN AVE,NA,9,Unknown,1,Rural,3,Principal Arterial - Other,4,City or Municipal Highway Agency,1,This section IS ON the NHS,0,No Special Jurisdiction,988,988,34.10149444,34.10149444,-117.27882778,-117.27882778,8,Pedestrian,0,The First Harmful Event was Not a Collision with a Motor Vehicle in Transport,0,No,1,Non-Junction,1,Not an Intersection,1,On Roadway,0,None,3,Dark - Lighted,2,Rain,0,No,0000000,Not Applicable,99,Unknown,99,Unknown,99,Unknown EMS Scene Arrival Hour,99,Unknown EMS Scene Arrival Minutes,88,Not Applicable (Not Transported),88,Not Applicable (Not Transported),1
6,California,62788,0,0,2,2,0,2,2,1,ALAMEDA (1),2480,OAKLAND,11,November,9,9,4,Wednesday,2022,16,4:00pm-4:59pm,0,0,I-580,NA,1,Interstate,2,Urban,1,Interstate,1,State Highway Agency,1,This section IS ON the NHS,0,No Special Jurisdiction,518,518,37.75158889,37.75158889,-122.15183056,-122.15183056,25,Concrete Traffic Barrier,0,The First Harmful Event was Not a Collision with a Motor Vehicle in Transport,1,Yes,19,Other location within Interchange Area,1,Not an Intersection,3,On Median,0,None,1,Daylight,1,Clear,0,No,0000000,Not Applicable,16,4:00pm-4:59pm,99,Unknown,16,4:00pm-4:59pm,99,Unknown EMS Scene Arrival Minutes,88,Not Applicable (Not Transported),88,Not Applicable (Not Transported),1
6,California,62789,1,1,1,1,0,1,1,37,LOS ANGELES (37),0,NOT APPLICABLE,12,December,2,2,6,Friday,2022,18,6:00pm-6:59pm,18,18,S BROADWAY,131ST ST,8,Other,2,Urban,3,Principal Arterial - Other,2,County Highway Agency,1,This section IS ON the NHS,0,No Special Jurisdiction,99998,Not Reported,33.91349444,33.91349444,-118.27839444,-118.27839444,8,Pedestrian,0,The First Harmful Event was Not a Collision with a Motor Vehicle in Transport,0,No,3,Intersection-Related,2,Four-Way Intersection,1,On Roadway,0,None,3,Dark - Lighted,2,Rain,0,No,0000000,Not Applicable,99,Unknown,99,Unknown,99,Unknown EMS Scene Arrival Hour,99,Unknown EMS Scene Arrival Minutes,99,Unknown,99,Unknown EMS Hospital Arrival Time,1
6,California,62790,0,0,1,1,0,2,2,77,SAN JOAQUIN (77),0,NOT APPLICABLE,12,December,10,10,7,Saturday,2022,17,5:00pm-5:59pm,25,25,SR-99,NA,3,State Highway,2,Urban,2,Principal Arterial - Other Freeways and Expressways,1,State Highway Agency,1,This section IS ON the NHS,0,No Special Jurisdiction,226,226,38.01727778,38.01727778,-121.25842222,-121.25842222,30,Utility Pole/Light Support,0,The First Harmful Event was Not a Collision with a Motor Vehicle in Transport,1,Yes,5,Entrance/Exit Ramp Related,1,Not an Intersection,4,On Roadside,0,None,3,Dark - Lighted,2,Rain,0,No,0000000,Not Applicable,17,5:00pm-5:59pm,99,Unknown,17,5:00pm-5:59pm,99,Unknown EMS Scene Arrival Minutes,99,Unknown,99,Unknown EMS Hospital Arrival Time,1
6,California,62791,0,0,2,2,0,3,3,39,MADERA (39),0,NOT APPLICABLE,5,May,14,14,7,Saturday,2022,21,9:00pm-9:59pm,59,59,CR-AVENUE 17,CR-MELBA DRIVE,4,County Road,2,Urban,4,Minor Arterial,2,County Highway Agency,0,This section IS NOT on the NHS,0,No Special Jurisdiction,193,193,36.99651111,36.99651111,-120.08704167,-120.08704167,12,Motor Vehicle In-Transport,1,Front-to-Rear,0,No,3,Intersection-Related,3,T-Intersection,1,On Roadway,0,None,2,Dark - Not Lighted,1,Clear,0,No,0000000,Not Applicable,99,Unknown,99,Unknown,99,Unknown EMS Scene Arrival Hour,99,Unknown EMS Scene Arrival Minutes,99,Unknown,99,Unknown EMS Hospital Arrival Time,1
6,California,62792,0,0,2,2,0,3,3,73,SAN DIEGO (73),0,NOT APPLICABLE,9,September,23,23,6,Friday,2022,18,6:00pm-6:59pm,10,10,SR-94,VIA MERCADO,3,State Highway,1,Rural,7,Local,1,State Highway Agency,1,This section IS ON the NHS,0,No Special Jurisdiction,138,138,32.74553611,32.74553611,-116.95789722,-116.95789722,12,Motor Vehicle In-Transport,6,Angle,0,No,2,Intersection,3,T-Intersection,1,On Roadway,0,None,1,Daylight,1,Clear,0,No,0000000,Not Applicable,99,Unknown,99,Unknown,99,Unknown EMS Scene Arrival Hour,99,Unknown EMS Scene Arrival Minutes,99,Unknown,99,Unknown EMS Hospital Arrival Time,1
6,California,62793,0,0,2,2,0,5,5,65,RIVERSIDE (65),3070,RIVERSIDE,11,November,23,23,4,Wednesday,2022,0,0:00am-0:59am,31,31,I-215,NA,1,Interstate,2,Urban,1,Interstate,1,State Highway Agency,1,This section IS ON the NHS,0,No Special Jurisdiction,344,344,33.98642222,33.98642222,-117.34668889,-117.34668889,12,Motor Vehicle In-Transport,1,Front-to-Rear,0,No,1,Non-Junction,1,Not an Intersection,1,On Roadway,0,None,3,Dark - Lighted,1,Clear,0,No,0000000,Not Applicable,0,0:00am-0:59am,99,Unknown,0,0:00am-0:59am,99,Unknown EMS Scene Arrival Minutes,99,Unknown,99,Unknown EMS Hospital Arrival Time,1
6,California,62794,0,0,1,1,0,1,1,65,RIVERSIDE (65),0,NOT APPLICABLE,12,December,31,31,7,Saturday,2022,12,12:00pm-12:59pm,54,54,I-10,NA,1,Interstate,1,Rural,1,Interstate,1,State Highway Agency,1,This section IS ON the NHS,0,No Special Jurisdiction,1408,1408,33.61033333,33.61033333,-114.80066944,-114.80066944,42,Tree (Standing Only),0,The First Harmful Event was Not a Collision with a Motor Vehicle in Transport,0,No,1,Non-Junction,1,Not an Intersection,4,On Roadside,0,None,1,Daylight,10,Cloudy,0,No,0000000,Not Applicable,99,Unknown,99,Unknown,99,Unknown EMS Scene Arrival Hour,99,Unknown EMS Scene Arrival Minutes,99,Unknown,99,Unknown EMS Hospital Arrival Time,1
6,California,62795,1,1,1,1,0,1,1,71,SAN BERNARDINO (71),2238,MONTCLAIR,5,May,15,15,1,Sunday,2022,20,8:00pm-8:59pm,45,45,MORENO ST,NA,8,Other,2,Urban,4,Minor Arterial,4,City or Municipal Highway Agency,0,This section IS NOT on the NHS,0,No Special Jurisdiction,99998,Not Reported,34.088675,34.088675,-117.68497778,-117.68497778,8,Pedestrian,0,The First Harmful Event was Not a Collision with a Motor Vehicle in Transport,0,No,1,Non-Junction,1,Not an Intersection,1,On Roadway,0,None,3,Dark - Lighted,1,Clear,0,No,0000000,Not Applicable,99,Unknown,99,Unknown,99,Unknown EMS Scene Arrival Hour,99,Unknown EMS Scene Arrival Minutes,99,Unknown,99,Unknown EMS Hospital Arrival Time,1
6,California,62796,0,0,3,3,0,4,4,37,LOS ANGELES (37),1045,DOWNEY,4,April,20,20,4,Wednesday,2022,8,8:00am-8:59am,25,25,FLORENCE AVE,WOODRUFF AVE,8,Other,2,Urban,3,Principal Arterial - Other,4,City or Municipal Highway Agency,1,This section IS ON the NHS,0,No Special Jurisdiction,99998,Not Reported,33.944175,33.944175,-118.1108,-118.1108,12,Motor Vehicle In-Transport,1,Front-to-Rear,0,No,3,Intersection-Related,3,T-Intersection,1,On Roadway,0,None,1,Daylight,1,Clear,0,No,0000000,Not Applicable,99,Unknown,99,Unknown,99,Unknown EMS Scene Arrival Hour,99,Unknown EMS Scene Arrival Minutes,88,Not Applicable (Not Transported),88,Not Applicable (Not Transported),1
6,California,62797,1,1,1,1,0,1,1,71,SAN BERNARDINO (71),3210,SAN BERNARDINO,5,May,10,10,3,Tuesday,2022,20,8:00pm-8:59pm,56,56,E HIGHLAND AVE,NA,8,Other,2,Urban,4,Minor Arterial,4,City or Municipal Highway Agency,0,This section IS NOT on the NHS,0,No Special Jurisdiction,99998,Not Reported,34.135875,34.135875,-117.27295833,-117.27295833,8,Pedestrian,0,The First Harmful Event was Not a Collision with a Motor Vehicle in Transport,0,No,1,Non-Junction,1,Not an Intersection,1,On Roadway,0,None,3,Dark - Lighted,1,Clear,0,No,0000000,Not Applicable,99,Unknown,99,Unknown,99,Unknown EMS Scene Arrival Hour,99,Unknown EMS Scene Arrival Minutes,99,Unknown,99,Unknown EMS Hospital Arrival Time,1
6,California,62798,0,0,2,2,0,2,2,67,SACRAMENTO (67),2934,RANCHO CORDOVA,5,May,20,20,6,Friday,2022,5,5:00am-5:59am,0,0,SUNRISE BL,NA,8,Other,2,Urban,3,Principal Arterial - Other,4,City or Municipal Highway Agency,1,This section IS ON the NHS,0,No Special Jurisdiction,99998,Not Reported,38.57453889,38.57453889,-121.25798889,-121.25798889,12,Motor Vehicle In-Transport,1,Front-to-Rear,0,No,1,Non-Junction,1,Not an Intersection,1,On Roadway,0,None,4,Dawn,1,Clear,0,No,0000000,Not Applicable,99,Unknown,99,Unknown,99,Unknown EMS Scene Arrival Hour,99,Unknown EMS Scene Arrival Minutes,99,Unknown,99,Unknown EMS Hospital Arrival Time,1
6,California,62799,0,0,1,1,0,2,2,67,SACRAMENTO (67),2934,RANCHO CORDOVA,6,June,18,18,7,Saturday,2022,1,1:00am-1:59am,50,50,SUNRISE BL,GOLD COUNTRY BL,8,Other,2,Urban,3,Principal Arterial - Other,2,County Highway Agency,0,This section IS NOT on the NHS,0,No Special Jurisdiction,99998,Not Reported,38.62782222,38.62782222,-121.26598889,-121.26598889,42,Tree (Standing Only),0,The First Harmful Event was Not a Collision with a Motor Vehicle in Transport,0,No,3,Intersection-Related,3,T-Intersection,4,On Roadside,0,None,3,Dark - Lighted,1,Clear,0,No,0000000,Not Applicable,99,Unknown,99,Unknown,99,Unknown EMS Scene Arrival Hour,99,Unknown EMS Scene Arrival Minutes,99,Unknown,99,Unknown EMS Hospital Arrival Time,1
6,California,62800,1,1,1,1,0,1,1,67,SACRAMENTO (67),2934,RANCHO CORDOVA,9,September,8,8,5,Thursday,2022,4,4:00am-4:59am,51,51,COLMA RD,NA,8,Other,2,Urban,4,Minor Arterial,98,Not Reported,0,This section IS NOT on the NHS,0,No Special Jurisdiction,99998,Not Reported,38.612125,38.612125,-121.29013611,-121.29013611,8,Pedestrian,0,The First Harmful Event was Not a Collision with a Motor Vehicle in Transport,0,No,1,Non-Junction,1,Not an Intersection,1,On Roadway,0,None,3,Dark - Lighted,1,Clear,0,No,0000000,Not Applicable,99,Unknown,99,Unknown,99,Unknown EMS Scene Arrival Hour,99,Unknown EMS Scene Arrival Minutes,88,Not Applicable (Not Transported),88,Not Applicable (Not Transported),1
6,California,62801,1,1,1,1,0,1,1,67,SACRAMENTO (67),3150,SACRAMENTO,12,December,23,23,6,Friday,2022,18,6:00pm-6:59pm,53,53,US-50 RAMP,NA,2,US Highway,2,Urban,2,Principal Arterial - Other Freeways and Expressways,1,State Highway Agency,1,This section IS ON the NHS,0,No Special Jurisdiction,125,125,38.61165278,38.61165278,-121.27051667,-121.27051667,9,Pedalcyclist,0,The First Harmful Event was Not a Collision with a Motor Vehicle in Transport,1,Yes,20,Entrance/Exit Ramp,1,Not an Intersection,1,On Roadway,0,None,6,Dark - Unknown Lighting,1,Clear,0,No,0000000,Not Applicable,99,Unknown,99,Unknown,99,Unknown EMS Scene Arrival Hour,99,Unknown EMS Scene Arrival Minutes,88,Not Applicable (Not Transported),88,Not Applicable (Not Transported),1
6,California,62802,1,1,1,1,0,1,1,111,VENTURA (111),3860,THOUSAND OAKS,6,June,7,7,3,Tuesday,2022,20,8:00pm-8:59pm,40,40,THOUSAND OAKS BLVD,NA,8,Other,2,Urban,3,Principal Arterial - Other,4,City or Municipal Highway Agency,0,This section IS NOT on the NHS,0,No Special Jurisdiction,99998,Not Reported,34.17926389,34.17926389,-118.86497778,-118.86497778,8,Pedestrian,0,The First Harmful Event was Not a Collision with a Motor Vehicle in Transport,0,No,1,Non-Junction,1,Not an Intersection,1,On Roadway,0,None,3,Dark - Lighted,1,Clear,0,No,0000000,Not Applicable,99,Unknown,99,Unknown,99,Unknown EMS Scene Arrival Hour,99,Unknown EMS Scene Arrival Minutes,99,Unknown,99,Unknown EMS Hospital Arrival Time,1
6,California,62803,0,0,1,1,0,1,1,97,SONOMA (97),2740,PETALUMA,6,June,19,19,1,Sunday,2022,20,8:00pm-8:59pm,2,2,W PAYRAN ST,NA,8,Other,2,Urban,3,Principal Arterial - Other,4,City or Municipal Highway Agency,0,This section IS NOT on the NHS,0,No Special Jurisdiction,99998,Not Reported,38.24496667,38.24496667,-122.64278611,-122.64278611,33,Curb,0,The First Harmful Event was Not a Collision with a Motor Vehicle in Transport,0,No,1,Non-Junction,1,Not an Intersection,3,On Median,0,None,5,Dusk,1,Clear,0,No,0000000,Not Applicable,20,8:00pm-8:59pm,99,Unknown,20,8:00pm-8:59pm,7,7,88,Not Applicable (Not Transported),88,Not Applicable (Not Transported),1
6,California,62804,0,0,2,2,0,3,3,71,SAN BERNARDINO (71),4000,UPLAND,12,December,11,11,1,Sunday,2022,5,5:00am-5:59am,21,21,SR-210 FOOTHILL FWY,NA,3,State Highway,2,Urban,2,Principal Arterial - Other Freeways and Expressways,1,State Highway Agency,1,This section IS ON the NHS,0,No Special Jurisdiction,13,13,34.13473611,34.13473611,-117.67238889,-117.67238889,12,Motor Vehicle In-Transport,6,Angle,1,Yes,18,Through Roadway,1,Not an Intersection,1,On Roadway,0,None,3,Dark - Lighted,2,Rain,0,No,0000000,Not Applicable,5,5:00am-5:59am,99,Unknown,5,5:00am-5:59am,99,Unknown EMS Scene Arrival Minutes,99,Unknown,99,Unknown EMS Hospital Arrival Time,1
6,California,62805,0,0,2,2,0,2,2,33,LAKE (33),0,NOT APPLICABLE,4,April,8,8,6,Friday,2022,17,5:00pm-5:59pm,18,18,SR-29,NA,3,State Highway,1,Rural,4,Minor Arterial,1,State Highway Agency,0,This section IS NOT on the NHS,0,No Special Jurisdiction,82,82,38.774175,38.774175,-122.58328333,-122.58328333,12,Motor Vehicle In-Transport,6,Angle,0,No,1,Non-Junction,1,Not an Intersection,1,On Roadway,0,None,1,Daylight,1,Clear,0,No,0000000,Not Applicable,17,5:00pm-5:59pm,21,21,99,Unknown EMS Scene Arrival Hour,99,Unknown EMS Scene Arrival Minutes,99,Unknown,99,Unknown EMS Hospital Arrival Time,1
6,California,62806,1,1,1,1,0,1,1,33,LAKE (33),0,NOT APPLICABLE,6,June,19,19,1,Sunday,2022,0,0:00am-0:59am,10,10,SR-20,NA,3,State Highway,2,Urban,3,Principal Arterial - Other,1,State Highway Agency,1,This section IS ON the NHS,0,No Special Jurisdiction,133,133,39.12279167,39.12279167,-122.85226389,-122.85226389,8,Pedestrian,0,The First Harmful Event was Not a Collision with a Motor Vehicle in Transport,0,No,1,Non-Junction,1,Not an Intersection,2,On Shoulder,0,None,2,Dark - Not Lighted,1,Clear,0,No,0000000,Not Applicable,99,Unknown,99,Unknown,99,Unknown EMS Scene Arrival Hour,99,Unknown EMS Scene Arrival Minutes,88,Not Applicable (Not Transported),88,Not Applicable (Not Transported),1
6,California,62807,0,0,1,1,0,1,1,67,SACRAMENTO (67),0,NOT APPLICABLE,10,October,9,9,1,Sunday,2022,14,2:00pm-2:59pm,13,13,SR-104,NA,3,State Highway,1,Rural,5,Major Collector,1,State Highway Agency,0,This section IS NOT on the NHS,0,No Special Jurisdiction,124,124,38.35082222,38.35082222,-121.10881667,-121.10881667,38,Fence,0,The First Harmful Event was Not a Collision with a Motor Vehicle in Transport,0,No,1,Non-Junction,1,Not an Intersection,4,On Roadside,0,None,1,Daylight,1,Clear,0,No,0000000,Not Applicable,99,Unknown,99,Unknown,99,Unknown EMS Scene Arrival Hour,99,Unknown EMS Scene Arrival Minutes,88,Not Applicable (Not Transported),88,Not Applicable (Not Transported),1
6,California,62808,1,1,1,1,0,1,1,67,SACRAMENTO (67),3150,SACRAMENTO,11,November,23,23,4,Wednesday,2022,0,0:00am-0:59am,10,10,I-5,NA,1,Interstate,2,Urban,1,Interstate,1,State Highway Agency,1,This section IS ON the NHS,0,No Special Jurisdiction,5192,5192,38.58727778,38.58727778,-121.50326944,-121.50326944,8,Pedestrian,0,The First Harmful Event was Not a Collision with a Motor Vehicle in Transport,1,Yes,18,Through Roadway,1,Not an Intersection,1,On Roadway,0,None,3,Dark - Lighted,1,Clear,0,No,0000000,Not Applicable,0,0:00am-0:59am,99,Unknown,0,0:00am-0:59am,99,Unknown EMS Scene Arrival Minutes,88,Not Applicable (Not Transported),88,Not Applicable (Not Transported),1
6,California,62809,0,0,2,2,0,4,4,67,SACRAMENTO (67),3150,SACRAMENTO,5,May,15,15,1,Sunday,2022,6,6:00am-6:59am,39,39,ELDER CREEK RD,FLORIN PERKINS RD,8,Other,2,Urban,3,Principal Arterial - Other,4,City or Municipal Highway Agency,0,This section IS NOT on the NHS,0,No Special Jurisdiction,99998,Not Reported,38.51064444,38.51064444,-121.39052778,-121.39052778,12,Motor Vehicle In-Transport,6,Angle,0,No,2,Intersection,2,Four-Way Intersection,1,On Roadway,0,None,1,Daylight,1,Clear,0,No,0000000,Not Applicable,99,Unknown,99,Unknown,99,Unknown EMS Scene Arrival Hour,99,Unknown EMS Scene Arrival Minutes,99,Unknown,99,Unknown EMS Hospital Arrival Time,1