STATE,STATENAME,ST_CASE,PEDS,PERNOTMVIT,VE_TOTAL,VE_FORMS,PVH_INVL,PERSONS,PERMVIT,COUNTY,COUNTYNAME,CITY,CITYNAME,MONTH,MONTHNAME,DAY,DAYNAME,DAY_WEEK,DAY_WEEKNAME,YEAR,HOUR,HOURNAME,MINUTE,MINUTENAME,TWAY_ID,TWAY_ID2,ROUTE,ROUTENAME,RUR_URB,RUR_URBNAME,FUNC_SYS,FUNC_SYSNAME,RD_OWNER,RD_OWNERNAME,NHS,NHSNAME,SP_JUR,SP_JURNAME,MILEPT,MILEPTNAME,LATITUDE,LATITUDENAME,LONGITUD,LONGITUDNAME,HARM_EV,HARM_EVNAME,MAN_COLL,MAN_COLLNAME,RELJCT1,RELJCT1NAME,RELJCT2,RELJCT2NAME,TYP_INT,TYP_INTNAME,REL_ROAD,REL_ROADNAME,WRK_ZONE,WRK_ZONENAME,LGT_COND,LGT_CONDNAME,WEATHER,WEATHERNAME,SCH_BUS,SCH_BUSNAME,RAIL,RAILNAME,NOT_HOUR,NOT_HOURNAME,NOT_MIN,NOT_MINNAME,ARR_HOUR,ARR_HOURNAME,ARR_MIN,ARR_MINNAME,HOSP_HR,HOSP_HRNAME,HOSP_MN,HOSP_MNNAME,FATALS
6,California,62880,0,0,1,1,0,2,2,93,SISKIYOU (93),0,NOT APPLICABLE,9,September,16,16,6,Friday,2022,21,9:00pm-9:59pm,35,35,AGER RD,NA,8,Other,1,Rural,5,Major Collector,2,County Highway Agency,0,This section IS NOT on the NHS,0,No Special Jurisdiction,99998,Not Reported,41.77809444,41.77809444,-122.52254722,-122.52254722,1,Rollover/Overturn,0,The First Harmful Event was Not a Collision with a Motor Vehicle in Transport,0,No,1,Non-Junction,1,Not an Intersection,4,On Roadside,0,None,2,Dark - Not Lighted,1,Clear,0,No,0000000,Not Applicable,21,9:00pm-9:59pm,99,Unknown,21,9:00pm-9:59pm,99,Unknown EMS Scene Arrival Minutes,99,Unknown,99,Unknown EMS Hospital Arrival Time,1
6,California,62881,0,1,2,1,1,2,1,71,SAN BERNARDINO (71),2550,ONTARIO,10,October,15,15,7,Saturday,2022,3,3:00am-3:59am,22,22,SR-60 POMONA FWY,NA,3,State Highway,2,Urban,2,Principal Arterial - Other Freeways and Expressways,1,State Highway Agency,1,This section IS ON the NHS,0,No Special Jurisdiction,99998,Not Reported,34.03027222,34.03027222,-117.63174167,-117.63174167,14,Parked Motor Vehicle,0,The First Harmful Event was Not a Collision with a Motor Vehicle in Transport,1,Yes,19,Other location within Interchange Area,1,Not an Intersection,2,On Shoulder,0,None,3,Dark - Lighted,2,Rain,0,No,0000000,Not Applicable,3,3:00am-3:59am,99,Unknown,3,3:00am-3:59am,99,Unknown EMS Scene Arrival Minutes,88,Not Applicable (Not Transported),88,Not Applicable (Not Transported),1
6,California,62882,0,0,2,2,0,3,3,59,ORANGE (59),1410,GARDEN GROVE,2,February,1,1,3,Tuesday,2022,19,7:00pm-7:59pm,19,19,CHAPMAN AVE,NA,8,Other,2,Urban,3,Principal Arterial - Other,4,City or Municipal Highway Agency,1,This section IS ON the NHS,0,No Special Jurisdiction,99998,Not Reported,33.78848611,33.78848611,-117.97074167,-117.97074167,1,Rollover/Overturn,0,The First Harmful Event was Not a Collision with a Motor Vehicle in Transport,0,No,1,Non-Junction,1,Not an Intersection,1,On Roadway,0,None,3,Dark - Lighted,1,Clear,0,No,0000000,Not Applicable,99,Unknown,99,Unknown,99,Unknown EMS Scene Arrival Hour,99,Unknown EMS Scene Arrival Minutes,99,Unknown,99,Unknown EMS Hospital Arrival Time,1
6,California,62883,0,0,2,2,0,2,2,73,SAN DIEGO (73),710,CHULA VISTA,2,February,6,6,1,Sunday,2022,7,7:00am-7:59am,18,18,TELEGRAPH CANYON RD,MEDICAL CENTER DR,8,Other,2,Urban,4,Minor Arterial,4,City or Municipal Highway Agency,0,This section IS NOT on the NHS,0,No Special Jurisdiction,99998,Not Reported,32.62475,32.62475,-117.02563889,-117.02563889,12,Motor Vehicle In-Transport,6,Angle,0,No,2,Intersection,3,T-Intersection,1,On Roadway,0,None,1,Daylight,1,Clear,0,No,0000000,Not Applicable,99,Unknown,99,Unknown,99,Unknown EMS Scene Arrival Hour,99,Unknown EMS Scene Arrival Minutes,99,Unknown,99,Unknown EMS Hospital Arrival Time,1
6,California,62884,0,0,1,1,0,1,1,59,ORANGE (59),972,DANA POINT,3,March,26,26,7,Saturday,2022,0,0:00am-0:59am,56,56,SR-1 PACIFIC COAST HWY,SELVA RD,3,State Highway,2,Urban,3,Principal Arterial - Other,1,State Highway Agency,1,This section IS ON the NHS,0,No Special Jurisdiction,48,48,33.47049167,33.47049167,-117.7131,-117.7131,33,Curb,0,The First Harmful Event was Not a Collision with a Motor Vehicle in Transport,0,No,3,Intersection-Related,2,Four-Way Intersection,3,On Median,0,None,3,Dark - Lighted,1,Clear,0,No,0000000,Not Applicable,99,Unknown,99,Unknown,99,Unknown EMS Scene Arrival Hour,99,Unknown EMS Scene Arrival Minutes,88,Not Applicable (Not Transported),88,Not Applicable (Not Transported),1
6,California,62885,1,1,2,1,1,2,2,83,SANTA BARBARA (83),1950,LOMPOC,5,May,23,23,2,Monday,2022,22,10:00pm-10:59pm,2,2,J ST WEST ALLEY,NA,8,Other,2,Urban,7,Local,4,City or Municipal Highway Agency,0,This section IS NOT on the NHS,0,No Special Jurisdiction,99998,Not Reported,34.64427778,34.64427778,-120.46099444,-120.46099444,58,Ground,0,The First Harmful Event was Not a Collision with a Motor Vehicle in Transport,0,No,1,Non-Junction,1,Not an Intersection,1,On Roadway,0,None,3,Dark - Lighted,1,Clear,0,No,0000000,Not Applicable,99,Unknown,99,Unknown,99,Unknown EMS Scene Arrival Hour,99,Unknown EMS Scene Arrival Minutes,99,Unknown,99,Unknown EMS Hospital Arrival Time,1
6,California,62886,1,1,2,1,1,2,2,37,LOS ANGELES (37),1980,LOS ANGELES,5,May,24,24,3,Tuesday,2022,12,12:00pm-12:59pm,39,39,FIGUEROA ST,76TH ST,8,Other,2,Urban,3,Principal Arterial - Other,4,City or Municipal Highway Agency,1,This section IS ON the NHS,0,No Special Jurisdiction,99998,Not Reported,33.97079167,33.97079167,-118.28263611,-118.28263611,15,Non-Motorist on Personal Conveyance,0,The First Harmful Event was Not a Collision with a Motor Vehicle in Transport,0,No,2,Intersection,2,Four-Way Intersection,1,On Roadway,0,None,1,Daylight,1,Clear,0,No,0000000,Not Applicable,99,Unknown,99,Unknown,99,Unknown EMS Scene Arrival Hour,99,Unknown EMS Scene Arrival Minutes,99,Unknown,99,Unknown EMS Hospital Arrival Time,1
6,California,62887,0,0,1,1,0,1,1,73,SAN DIEGO (73),3260,SAN DIEGO,5,May,24,24,3,Tuesday,2022,15,3:00pm-3:59pm,2,2,CARMEL CANYON RD,NA,8,Other,2,Urban,4,Minor Arterial,4,City or Municipal Highway Agency,0,This section IS NOT on the NHS,0,No Special Jurisdiction,99998,Not Reported,32.95035278,32.95035278,-117.21285278,-117.21285278,33,Curb,0,The First Harmful Event was Not a Collision with a Motor Vehicle in Transport,0,No,1,Non-Junction,1,Not an Intersection,4,On Roadside,0,None,1,Daylight,1,Clear,0,No,0000000,Not Applicable,99,Unknown,99,Unknown,99,Unknown EMS Scene Arrival Hour,99,Unknown EMS Scene Arrival Minutes,88,Not Applicable (Not Transported),88,Not Applicable (Not Transported),1
6,California,62888,0,0,2,2,0,3,3,59,ORANGE (59),2922,RANCHO SANTA MARGARITA,5,May,24,24,3,Tuesday,2022,22,10:00pm-10:59pm,10,10,ANTONIO PKWY,NA,8,Other,2,Urban,3,Principal Arterial - Other,4,City or Municipal Highway Agency,1,This section IS ON the NHS,0,No Special Jurisdiction,99998,Not Reported,33.60974722,33.60974722,-117.61721944,-117.61721944,33,Curb,0,The First Harmful Event was Not a Collision with a Motor Vehicle in Transport,0,No,1,Non-Junction,1,Not an Intersection,3,On Median,0,None,3,Dark - Lighted,1,Clear,0,No,0000000,Not Applicable,99,Unknown,99,Unknown,99,Unknown EMS Scene Arrival Hour,99,Unknown EMS Scene Arrival Minutes,99,Unknown,99,Unknown EMS Hospital Arrival Time,1
6,California,62889,1,1,1,1,0,1,1,1,ALAMEDA (1),2480,OAKLAND,3,March,19,19,7,Saturday,2022,0,0:00am-0:59am,40,40,SR-185 INTERNATIONAL BLVD,NA,3,State Highway,2,Urban,3,Principal Arterial - Other,1,State Highway Agency,1,This section IS ON the NHS,0,No Special Jurisdiction,45,45,37.75027222,37.75027222,-122.17479167,-122.17479167,8,Pedestrian,0,The First Harmful Event was Not a Collision with a Motor Vehicle in Transport,0,No,1,Non-Junction,1,Not an Intersection,1,On Roadway,0,None,3,Dark - Lighted,1,Clear,0,No,0000000,Not Applicable,99,Unknown,99,Unknown,3,3:00am-3:59am,6,6,99,Unknown,99,Unknown EMS Hospital Arrival Time,1
6,California,62890,0,0,1,1,0,1,1,39,MADERA (39),0,NOT APPLICABLE,5,May,10,10,3,Tuesday,2022,11,11:00am-11:59am,32,32,SR-99 RAMP,AVENUE 9,3,State Highway,1,Rural,2,Principal Arterial - Other Freeways and Expressways,1,State Highway Agency,1,This section IS ON the NHS,0,No Special Jurisdiction,99998,Not Reported,36.88019444,36.88019444,-119.97878889,-119.97878889,1,Rollover/Overturn,0,The First Harmful Event was Not a Collision with a Motor Vehicle in Transport,1,Yes,2,Intersection,2,Four-Way Intersection,1,On Roadway,0,None,1,Daylight,1,Clear,0,No,0000000,Not Applicable,11,11:00am-11:59am,99,Unknown,11,11:00am-11:59am,99,Unknown EMS Scene Arrival Minutes,99,Unknown,99,Unknown EMS Hospital Arrival Time,1
6,California,62891,0,0,2,2,0,2,2,49,MODOC (49),0,NOT APPLICABLE,8,August,5,5,6,Friday,2022,19,7:00pm-7:59pm,30,30,CR-54 CENTERVILLE RD,CR-268 GRANDE RD,4,County Road,1,Rural,5,Major Collector,2,County Highway Agency,0,This section IS NOT on the NHS,0,No Special Jurisdiction,99998,Not Reported,41.42495833,41.42495833,-120.64634167,-120.64634167,12,Motor Vehicle In-Transport,6,Angle,0,No,2,Intersection,3,T-Intersection,1,On Roadway,0,None,1,Daylight,10,Cloudy,0,No,0000000,Not Applicable,99,Unknown,99,Unknown,99,Unknown EMS Scene Arrival Hour,99,Unknown EMS Scene Arrival Minutes,88,Not Applicable (Not Transported),88,Not Applicable (Not Transported),1
6,California,62892,0,0,1,1,0,1,1,1,ALAMEDA (1),2480,OAKLAND,10,October,16,16,1,Sunday,2022,17,5:00pm-5:59pm,18,18,I-880,NA,1,Interstate,2,Urban,1,Interstate,1,State Highway Agency,1,This section IS ON the NHS,0,No Special Jurisdiction,259,259,37.7457,37.7457,-122.2012,-122.2012,52,Guardrail End,0,The First Harmful Event was Not a Collision with a Motor Vehicle in Transport,0,No,1,Non-Junction,1,Not an Intersection,4,On Roadside,0,None,1,Daylight,1,Clear,0,No,0000000,Not Applicable,17,5:00pm-5:59pm,99,Unknown,17,5:00pm-5:59pm,99,Unknown EMS Scene Arrival Minutes,88,Not Applicable (Not Transported),88,Not Applicable (Not Transported),1
6,California,62893,1,1,1,1,0,1,1,37,LOS ANGELES (37),0,NOT APPLICABLE,9,September,27,27,3,Tuesday,2022,7,7:00am-7:59am,0,0,SLAUSON AVE,RIMPAU BLVD,8,Other,2,Urban,3,Principal Arterial - Other,2,County Highway Agency,1,This section IS ON the NHS,0,No Special Jurisdiction,99998,Not Reported,33.98893889,33.98893889,-118.33978889,-118.33978889,8,Pedestrian,0,The First Harmful Event was Not a Collision with a Motor Vehicle in Transport,0,No,3,Intersection-Related,2,Four-Way Intersection,1,On Roadway,0,None,1,Daylight,1,Clear,0,No,0000000,Not Applicable,7,7:00am-7:59am,99,Unknown,7,7:00am-7:59am,99,Unknown EMS Scene Arrival Minutes,7,7:00am-7:59am,99,Unknown EMS Hospital Arrival Time,1
6,California,62894,1,1,1,1,0,1,1,37,LOS ANGELES (37),1980,LOS ANGELES,5,May,30,30,2,Monday,2022,2,2:00am-2:59am,45,45,SR- 2 SANTA MONICA BLVD,EL CENTRO AVENUE,3,State Highway,2,Urban,3,Principal Arterial - Other,1,State Highway Agency,1,This section IS ON the NHS,0,No Special Jurisdiction,117,117,34.09067222,34.09067222,-118.32444722,-118.32444722,8,Pedestrian,0,The First Harmful Event was Not a Collision with a Motor Vehicle in Transport,0,No,3,Intersection-Related,2,Four-Way Intersection,1,On Roadway,0,None,3,Dark - Lighted,1,Clear,0,No,0000000,Not Applicable,99,Unknown,99,Unknown,99,Unknown EMS Scene Arrival Hour,99,Unknown EMS Scene Arrival Minutes,99,Unknown,99,Unknown EMS Hospital Arrival Time,1
6,California,62895,1,1,1,1,0,1,1,1,ALAMEDA (1),2480,OAKLAND,5,May,27,27,6,Friday,2022,22,10:00pm-10:59pm,38,38,SHUTTUCK AVE,55TH ST,9,Unknown,2,Urban,4,Minor Arterial,99,Unknown,0,This section IS NOT on the NHS,0,No Special Jurisdiction,0,None,37.84044444,37.84044444,-122.26452222,-122.26452222,9,Pedalcyclist,0,The First Harmful Event was Not a Collision with a Motor Vehicle in Transport,0,No,2,Intersection,2,Four-Way Intersection,1,On Roadway,0,None,3,Dark - Lighted,1,Clear,0,No,0000000,Not Applicable,23,11:00pm-11:59pm,30,30,23,11:00pm-11:59pm,50,50,99,Unknown,99,Unknown EMS Hospital Arrival Time,1
6,California,62896,0,0,1,1,0,2,2,73,SAN DIEGO (73),2904,POWAY,5,May,25,25,4,Wednesday,2022,3,3:00am-3:59am,22,22,TWIN PEAKS RD,COMMUNITY RD,8,Other,2,Urban,3,Principal Arterial - Other,4,City or Municipal Highway Agency,1,This section IS ON the NHS,0,No Special Jurisdiction,99998,Not Reported,32.97463889,32.97463889,-117.04106389,-117.04106389,33,Curb,0,The First Harmful Event was Not a Collision with a Motor Vehicle in Transport,0,No,3,Intersection-Related,2,Four-Way Intersection,4,On Roadside,0,None,3,Dark - Lighted,1,Clear,0,No,0000000,Not Applicable,99,Unknown,99,Unknown,99,Unknown EMS Scene Arrival Hour,99,Unknown EMS Scene Arrival Minutes,99,Unknown,99,Unknown EMS Hospital Arrival Time,1
6,California,62897,1,1,1,1,0,1,1,113,YOLO (113),4163,WEST SACRAMENTO,5,May,28,28,7,Saturday,2022,9,9:00am-9:59am,54,54,JEFFERSON BLVD,NA,8,Other,2,Urban,3,Principal Arterial - Other,4,City or Municipal Highway Agency,1,This section IS ON the NHS,0,No Special Jurisdiction,99998,Not Reported,38.57854444,38.57854444,-121.52566667,-121.52566667,8,Pedestrian,0,The First Harmful Event was Not a Collision with a Motor Vehicle in Transport,0,No,1,Non-Junction,1,Not an Intersection,1,On Roadway,0,None,1,Daylight,1,Clear,0,No,0000000,Not Applicable,10,10:00am-10:59am,45,45,11,11:00am-11:59am,37,37,99,Unknown,99,Unknown EMS Hospital Arrival Time,1
6,California,62898,1,1,1,1,0,1,1,71,SAN BERNARDINO (71),1603,HESPERIA,5,May,28,28,7,Saturday,2022,12,12:00pm-12:59pm,35,35,CHOICEANNA,HERCULES SDT,9,Unknown,2,Urban,5,Major Collector,99,Unknown,0,This section IS NOT on the NHS,0,No Special Jurisdiction,99998,Not Reported,34.43741389,34.43741389,-117.25076944,-117.25076944,15,Non-Motorist on Personal Conveyance,0,The First Harmful Event was Not a Collision with a Motor Vehicle in Transport,0,No,3,Intersection-Related,3,T-Intersection,1,On Roadway,0,None,1,Daylight,1,Clear,0,No,0000000,Not Applicable,12,12:00pm-12:59pm,36,36,12,12:00pm-12:59pm,46,46,99,Unknown,99,Unknown EMS Hospital Arrival Time,1
6,California,62899,1,1,1,1,0,1,1,71,SAN BERNARDINO (71),3210,SAN BERNARDINO,4,April,20,20,4,Wednesday,2022,21,9:00pm-9:59pm,59,59,N MERIDIAN AV,W COURT ST,8,Other,2,Urban,5,Major Collector,4,City or Municipal Highway Agency,0,This section IS NOT on the NHS,0,No Special Jurisdiction,99998,Not Reported,34.10538333,34.10538333,-117.34852778,-117.34852778,8,Pedestrian,0,The First Harmful Event was Not a Collision with a Motor Vehicle in Transport,0,No,2,Intersection,3,T-Intersection,1,On Roadway,0,None,3,Dark - Lighted,1,Clear,0,No,0000000,Not Applicable,99,Unknown,99,Unknown,99,Unknown EMS Scene Arrival Hour,99,Unknown EMS Scene Arrival Minutes,99,Unknown,99,Unknown EMS Hospital Arrival Time,1
6,California,62900,1,1,1,1,0,2,2,37,LOS ANGELES (37),1980,LOS ANGELES,5,May,25,25,4,Wednesday,2022,22,10:00pm-10:59pm,50,50,ARLINGTON AVE,NA,8,Other,2,Urban,4,Minor Arterial,4,City or Municipal Highway Agency,0,This section IS NOT on the NHS,0,No Special Jurisdiction,99998,Not Reported,33.99645833,33.99645833,-118.31816389,-118.31816389,8,Pedestrian,0,The First Harmful Event was Not a Collision with a Motor Vehicle in Transport,0,No,1,Non-Junction,1,Not an Intersection,1,On Roadway,0,None,3,Dark - Lighted,1,Clear,0,No,0000000,Not Applicable,99,Unknown,99,Unknown,99,Unknown EMS Scene Arrival Hour,99,Unknown EMS Scene Arrival Minutes,88,Not Applicable (Not Transported),88,Not Applicable (Not Transported),1
6,California,62901,1,1,1,1,0,1,1,59,ORANGE (59),4130,WESTMINSTER,10,October,6,6,5,Thursday,2022,19,7:00pm-7:59pm,38,38,HAZARD AVE,MAGNOLIA ST,9,Unknown,2,Urban,4,Minor Arterial,4,City or Municipal Highway Agency,0,This section IS NOT on the NHS,0,No Special Jurisdiction,99998,Not Reported,33.75209444,33.75209444,-117.97215278,-117.97215278,9,Pedalcyclist,0,The First Harmful Event was Not a Collision with a Motor Vehicle in Transport,0,No,2,Intersection,2,Four-Way Intersection,1,On Roadway,0,None,3,Dark - Lighted,1,Clear,0,No,0000000,Not Applicable,99,Unknown,99,Unknown,99,Unknown EMS Scene Arrival Hour,99,Unknown EMS Scene Arrival Minutes,99,Unknown,99,Unknown EMS Hospital Arrival Time,1
6,California,62902,1,1,1,1,0,1,1,37,LOS ANGELES (37),1980,LOS ANGELES,2,February,28,28,2,Monday,2022,16,4:00pm-4:59pm,7,7,I-405 SAN DIEGO FWY,NA,1,Interstate,2,Urban,1,Interstate,1,State Highway Agency,1,This section IS ON the NHS,0,No Special Jurisdiction,254,254,33.98156111,33.98156111,-118.39418889,-118.39418889,8,Pedestrian,0,The First Harmful Event was Not a Collision with a Motor Vehicle in Transport,0,No,1,Non-Junction,1,Not an Intersection,1,On Roadway,0,None,1,Daylight,1,Clear,0,No,0000000,Not Applicable,16,4:00pm-4:59pm,8,8,99,Unknown EMS Scene Arrival Hour,99,Unknown EMS Scene Arrival Minutes,99,Unknown,99,Unknown EMS Hospital Arrival Time,1
6,California,62903,0,0,5,5,0,7,7,83,SANTA BARBARA (83),0,NOT APPLICABLE,7,July,28,28,5,Thursday,2022,7,7:00am-7:59am,41,41,SR-1,NA,3,State Highway,2,Urban,3,Principal Arterial - Other,1,State Highway Agency,1,This section IS ON the NHS,0,No Special Jurisdiction,315,315,34.77211389,34.77211389,-120.51114167,-120.51114167,12,Motor Vehicle In-Transport,2,Front-to-Front,0,No,1,Non-Junction,1,Not an Intersection,1,On Roadway,0,None,1,Daylight,10,Cloudy,0,No,0000000,Not Applicable,7,7:00am-7:59am,99,Unknown,7,7:00am-7:59am,99,Unknown EMS Scene Arrival Minutes,99,Unknown,99,Unknown EMS Hospital Arrival Time,1
6,California,62904,1,1,2,2,0,2,2,71,SAN BERNARDINO (71),2922,RANCHO CUCAMONGA,5,May,30,30,2,Monday,2022,22,10:00pm-10:59pm,23,23,W FOOTHILL BLVD,BAKER AVE,9,Unknown,2,Urban,5,Major Collector,99,Unknown,0,This section IS NOT on the NHS,0,No Special Jurisdiction,99998,Not Reported,34.10452778,34.10452778,-117.61984167,-117.61984167,9,Pedalcyclist,0,The First Harmful Event was Not a Collision with a Motor Vehicle in Transport,0,No,3,Intersection-Related,3,T-Intersection,1,On Roadway,0,None,3,Dark - Lighted,1,Clear,0,No,0000000,Not Applicable,22,10:00pm-10:59pm,45,45,23,11:00pm-11:59pm,31,31,99,Unknown,99,Unknown EMS Hospital Arrival Time,1
6,California,62905,1,1,2,2,0,1,1,59,ORANGE (59),1713,EAST IRVINE,8,August,13,13,7,Saturday,2022,5,5:00am-5:59am,26,26,I-405,NA,1,Interstate,2,Urban,1,Interstate,1,State Highway Agency,1,This section IS ON the NHS,0,No Special Jurisdiction,146,146,33.66248889,33.66248889,-117.78736389,-117.78736389,12,Motor Vehicle In-Transport,6,Angle,0,No,1,Non-Junction,1,Not an Intersection,1,On Roadway,0,None,2,Dark - Not Lighted,1,Clear,0,No,0000000,Not Applicable,5,5:00am-5:59am,99,Unknown,5,5:00am-5:59am,99,Unknown EMS Scene Arrival Minutes,88,Not Applicable (Not Transported),88,Not Applicable (Not Transported),1
6,California,62906,1,1,1,1,0,2,2,39,MADERA (39),0,NOT APPLICABLE,1,January,22,22,7,Saturday,2022,18,6:00pm-6:59pm,50,50,AVENUE 23,NA,8,Other,1,Rural,7,Local,2,County Highway Agency,0,This section IS NOT on the NHS,0,No Special Jurisdiction,99998,Not Reported,37.083675,37.083675,-120.22050556,-120.22050556,8,Pedestrian,0,The First Harmful Event was Not a Collision with a Motor Vehicle in Transport,0,No,1,Non-Junction,1,Not an Intersection,1,On Roadway,0,None,2,Dark - Not Lighted,1,Clear,0,No,0000000,Not Applicable,18,6:00pm-6:59pm,54,54,99,Unknown EMS Scene Arrival Hour,99,Unknown EMS Scene Arrival Minutes,99,Unknown,99,Unknown EMS Hospital Arrival Time,1
6,California,62907,0,0,5,5,0,6,6,37,LOS ANGELES (37),1550,HAWTHORNE,7,July,22,22,6,Friday,2022,15,3:00pm-3:59pm,55,55,I-105,NA,1,Interstate,2,Urban,1,Interstate,1,State Highway Agency,1,This section IS ON the NHS,0,No Special Jurisdiction,33,33,33.932075,33.932075,-118.347775,-118.347775,12,Motor Vehicle In-Transport,7,Sideswipe - Same Direction,0,No,1,Non-Junction,1,Not an Intersection,1,On Roadway,0,None,1,Daylight,1,Clear,0,No,0000000,Not Applicable,15,3:00pm-3:59pm,59,59,99,Unknown EMS Scene Arrival Hour,99,Unknown EMS Scene Arrival Minutes,88,Not Applicable (Not Transported),88,Not Applicable (Not Transported),1
6,California,62908,0,0,2,2,0,3,3,77,SAN JOAQUIN (77),0,NOT APPLICABLE,7,July,28,28,5,Thursday,2022,14,2:00pm-2:59pm,16,16,HARNEY LN,NA,8,Other,2,Urban,5,Major Collector,4,City or Municipal Highway Agency,0,This section IS NOT on the NHS,0,No Special Jurisdiction,99998,Not Reported,38.10108889,38.10108889,-121.31993889,-121.31993889,12,Motor Vehicle In-Transport,1,Front-to-Rear,0,No,8,Driveway Access Related,1,Not an Intersection,1,On Roadway,0,None,1,Daylight,1,Clear,0,No,0000000,Not Applicable,99,Unknown,99,Unknown,99,Unknown EMS Scene Arrival Hour,99,Unknown EMS Scene Arrival Minutes,99,Unknown,99,Unknown EMS Hospital Arrival Time,1
6,California,62909,0,0,2,2,0,2,2,71,SAN BERNARDINO (71),2550,ONTARIO,10,October,15,15,7,Saturday,2022,1,1:00am-1:59am,46,46,I-10 RAMP,NA,1,Interstate,2,Urban,1,Interstate,1,State Highway Agency,1,This section IS ON the NHS,0,No Special Jurisdiction,22,22,34.06501667,34.06501667,-117.54523333,-117.54523333,5,Fell/Jumped from Vehicle,0,The First Harmful Event was Not a Collision with a Motor Vehicle in Transport,1,Yes,5,Entrance/Exit Ramp Related,1,Not an Intersection,8,Gore,4,"Work Zone, Type Unknown",3,Dark - Lighted,10,Cloudy,0,No,0000000,Not Applicable,1,1:00am-1:59am,40,40,1,1:00am-1:59am,57,57,88,Not Applicable (Not Transported),88,Not Applicable (Not Transported),1
6,California,62910,0,0,2,2,0,3,3,29,KERN (29),0,NOT APPLICABLE,10,October,4,4,3,Tuesday,2022,23,11:00pm-11:59pm,7,7,N CHESTER AVE,BANCROFT DR,8,Other,1,Rural,7,Local,2,County Highway Agency,0,This section IS NOT on the NHS,1,National Park Service,99998,Not Reported,35.43063333,35.43063333,-119.02123333,-119.02123333,12,Motor Vehicle In-Transport,6,Angle,0,No,2,Intersection,2,Four-Way Intersection,1,On Roadway,0,None,3,Dark - Lighted,1,Clear,0,No,0000000,Not Applicable,23,11:00pm-11:59pm,11,11,23,11:00pm-11:59pm,29,29,88,Not Applicable (Not Transported),88,Not Applicable (Not Transported),2
6,California,62911,0,0,2,2,0,2,2,67,SACRAMENTO (67),0,NOT APPLICABLE,11,November,27,27,1,Sunday,2022,21,9:00pm-9:59pm,37,37,SR-160,NA,3,State Highway,1,Rural,5,Major Collector,1,State Highway Agency,0,This section IS NOT on the NHS,0,No Special Jurisdiction,6,6,38.16330278,38.16330278,-121.67185278,-121.67185278,12,Motor Vehicle In-Transport,2,Front-to-Front,0,No,1,Non-Junction,1,Not an Intersection,1,On Roadway,0,None,2,Dark - Not Lighted,1,Clear,0,No,0000000,Not Applicable,99,Unknown,99,Unknown,99,Unknown EMS Scene Arrival Hour,99,Unknown EMS Scene Arrival Minutes,99,Unknown,99,Unknown EMS Hospital Arrival Time,1
6,California,62912,1,1,1,1,0,1,1,73,SAN DIEGO (73),0,NOT APPLICABLE,10,October,4,4,3,Tuesday,2022,20,8:00pm-8:59pm,45,45,I-8,NA,1,Interstate,1,Rural,1,Interstate,1,State Highway Agency,1,This section IS ON the NHS,0,No Special Jurisdiction,656,656,32.68010278,32.68010278,-116.29523333,-116.29523333,8,Pedestrian,0,The First Harmful Event was Not a Collision with a Motor Vehicle in Transport,1,Yes,20,Entrance/Exit Ramp,1,Not an Intersection,1,On Roadway,0,None,2,Dark - Not Lighted,1,Clear,0,No,0000000,Not Applicable,21,9:00pm-9:59pm,11,11,22,10:00pm-10:59pm,15,15,88,Not Applicable (Not Transported),88,Not Applicable (Not Transported),1
6,California,62913,0,0,2,2,0,2,2,59,ORANGE (59),1155,LAKE FOREST,5,May,22,22,1,Sunday,2022,12,12:00pm-12:59pm,3,3,JERONIMO RD,NA,8,Other,2,Urban,4,Minor Arterial,4,City or Municipal Highway Agency,0,This section IS NOT on the NHS,0,No Special Jurisdiction,99998,Not Reported,33.63114167,33.63114167,-117.69443056,-117.69443056,12,Motor Vehicle In-Transport,7,Sideswipe - Same Direction,0,No,1,Non-Junction,1,Not an Intersection,1,On Roadway,0,None,1,Daylight,1,Clear,0,No,0000000,Not Applicable,99,Unknown,99,Unknown,99,Unknown EMS Scene Arrival Hour,99,Unknown EMS Scene Arrival Minutes,99,Unknown,99,Unknown EMS Hospital Arrival Time,1
6,California,62914,0,0,4,4,0,7,7,77,SAN JOAQUIN (77),3770,STOCKTON,5,May,30,30,2,Monday,2022,10,10:00am-10:59am,18,18,AIRPORT WAY,SPERRY RD,9,Unknown,2,Urban,3,Principal Arterial - Other,99,Unknown,0,This section IS NOT on the NHS,0,No Special Jurisdiction,99998,Not Reported,37.90191667,37.90191667,-121.25485556,-121.25485556,12,Motor Vehicle In-Transport,6,Angle,0,No,2,Intersection,2,Four-Way Intersection,1,On Roadway,0,None,1,Daylight,1,Clear,0,No,0000000,Not Applicable,99,Unknown,99,Unknown,99,Unknown EMS Scene Arrival Hour,99,Unknown EMS Scene Arrival Minutes,99,Unknown,99,Unknown EMS Hospital Arrival Time,1
6,California,62915,1,1,1,1,0,1,1,65,RIVERSIDE (65),1688,INDIO,5,May,22,22,1,Sunday,2022,20,8:00pm-8:59pm,23,23,AVENUE 48,NA,8,Other,2,Urban,4,Minor Arterial,4,City or Municipal Highway Agency,0,This section IS NOT on the NHS,0,No Special Jurisdiction,99998,Not Reported,33.70016944,33.70016944,-116.22136667,-116.22136667,8,Pedestrian,0,The First Harmful Event was Not a Collision with a Motor Vehicle in Transport,0,No,1,Non-Junction,1,Not an Intersection,4,On Roadside,0,None,5,Dusk,1,Clear,0,No,0000000,Not Applicable,99,Unknown,99,Unknown,99,Unknown EMS Scene Arrival Hour,99,Unknown EMS Scene Arrival Minutes,88,Not Applicable (Not Transported),88,Not Applicable (Not Transported),1