STATE,STATENAME,ST_CASE,PEDS,PERNOTMVIT,VE_TOTAL,VE_FORMS,PVH_INVL,PERSONS,PERMVIT,COUNTY,COUNTYNAME,CITY,CITYNAME,MONTH,MONTHNAME,DAY,DAYNAME,DAY_WEEK,DAY_WEEKNAME,YEAR,HOUR,HOURNAME,MINUTE,MINUTENAME,TWAY_ID,TWAY_ID2,ROUTE,ROUTENAME,RUR_URB,RUR_URBNAME,FUNC_SYS,FUNC_SYSNAME,RD_OWNER,RD_OWNERNAME,NHS,NHSNAME,SP_JUR,SP_JURNAME,MILEPT,MILEPTNAME,LATITUDE,LATITUDENAME,LONGITUD,LONGITUDNAME,HARM_EV,HARM_EVNAME,MAN_COLL,MAN_COLLNAME,RELJCT1,RELJCT1NAME,RELJCT2,RELJCT2NAME,TYP_INT,TYP_INTNAME,REL_ROAD,REL_ROADNAME,WRK_ZONE,WRK_ZONENAME,LGT_COND,LGT_CONDNAME,WEATHER,WEATHERNAME,SCH_BUS,SCH_BUSNAME,RAIL,RAILNAME,NOT_HOUR,NOT_HOURNAME,NOT_MIN,NOT_MINNAME,ARR_HOUR,ARR_HOURNAME,ARR_MIN,ARR_MINNAME,HOSP_HR,HOSP_HRNAME,HOSP_MN,HOSP_MNNAME,FATALS
6,California,63240,0,0,2,2,0,4,4,37,LOS ANGELES (37),1970,LONG BEACH,7,July,9,9,7,Saturday,2022,8,8:00am-8:59am,57,57,LAKEWOOD BLVD,NA,8,Other,2,Urban,3,Principal Arterial - Other,4,City or Municipal Highway Agency,1,This section IS ON the NHS,0,No Special Jurisdiction,99998,Not Reported,33.80600278,33.80600278,-118.14258056,-118.14258056,12,Motor Vehicle In-Transport,1,Front-to-Rear,0,No,1,Non-Junction,1,Not an Intersection,1,On Roadway,0,None,1,Daylight,1,Clear,0,No,0000000,Not Applicable,99,Unknown,99,Unknown,99,Unknown EMS Scene Arrival Hour,99,Unknown EMS Scene Arrival Minutes,99,Unknown,99,Unknown EMS Hospital Arrival Time,1
6,California,63241,0,0,2,2,0,2,2,37,LOS ANGELES (37),1980,LOS ANGELES,7,July,9,9,7,Saturday,2022,17,5:00pm-5:59pm,25,25,SANTA MONICA BLVD,VIRGIL AVE,8,Other,2,Urban,3,Principal Arterial - Other,4,City or Municipal Highway Agency,1,This section IS ON the NHS,0,No Special Jurisdiction,99998,Not Reported,34.09083056,34.09083056,-118.28678333,-118.28678333,12,Motor Vehicle In-Transport,6,Angle,0,No,2,Intersection,2,Four-Way Intersection,1,On Roadway,0,None,1,Daylight,1,Clear,0,No,0000000,Not Applicable,99,Unknown,99,Unknown,99,Unknown EMS Scene Arrival Hour,99,Unknown EMS Scene Arrival Minutes,88,Not Applicable (Not Transported),88,Not Applicable (Not Transported),1
6,California,63242,0,0,2,2,0,2,2,115,YUBA (115),2100,MARYSVILLE,7,July,10,10,1,Sunday,2022,19,7:00pm-7:59pm,18,18,HWY 20 LEVEE RD,N LEVEE RD,8,Other,2,Urban,3,Principal Arterial - Other,1,State Highway Agency,1,This section IS ON the NHS,0,No Special Jurisdiction,99998,Not Reported,39.16376667,39.16376667,-121.55993056,-121.55993056,12,Motor Vehicle In-Transport,6,Angle,0,No,2,Intersection,2,Four-Way Intersection,1,On Roadway,0,None,1,Daylight,1,Clear,0,No,0000000,Not Applicable,99,Unknown,99,Unknown,99,Unknown EMS Scene Arrival Hour,99,Unknown EMS Scene Arrival Minutes,99,Unknown,99,Unknown EMS Hospital Arrival Time,1
6,California,63243,0,0,1,1,0,1,1,29,KERN (29),522,CALIFORNIA CITY,7,July,11,11,2,Monday,2022,3,3:00am-3:59am,2,2,CALIFORNIA CITY BLVD,NA,8,Other,1,Rural,3,Principal Arterial - Other,4,City or Municipal Highway Agency,1,This section IS ON the NHS,0,No Special Jurisdiction,99998,Not Reported,35.12549722,35.12549722,-118.07506944,-118.07506944,43,Other Fixed Object,0,The First Harmful Event was Not a Collision with a Motor Vehicle in Transport,0,No,1,Non-Junction,1,Not an Intersection,4,On Roadside,0,None,3,Dark - Lighted,1,Clear,0,No,0000000,Not Applicable,99,Unknown,99,Unknown,99,Unknown EMS Scene Arrival Hour,99,Unknown EMS Scene Arrival Minutes,88,Not Applicable (Not Transported),88,Not Applicable (Not Transported),1
6,California,63244,0,0,2,2,0,2,2,59,ORANGE (59),1380,FULLERTON,5,May,12,12,5,Thursday,2022,10,10:00am-10:59am,31,31,COMMONWEALTH AVE,HIGHLAND AVE,9,Unknown,2,Urban,4,Minor Arterial,99,Unknown,0,This section IS NOT on the NHS,0,No Special Jurisdiction,99998,Not Reported,33.87032778,33.87032778,-117.92866944,-117.92866944,12,Motor Vehicle In-Transport,6,Angle,0,No,2,Intersection,2,Four-Way Intersection,1,On Roadway,0,None,1,Daylight,1,Clear,0,No,0000000,Not Applicable,10,10:00am-10:59am,32,32,99,Unknown EMS Scene Arrival Hour,99,Unknown EMS Scene Arrival Minutes,99,Unknown,99,Unknown EMS Hospital Arrival Time,1
6,California,63245,0,0,2,2,0,5,5,71,SAN BERNARDINO (71),1305,FONTANA,7,July,8,8,6,Friday,2022,16,4:00pm-4:59pm,33,33,S HIGHLAND AVE,JUNIPER AVE,8,Other,2,Urban,3,Principal Arterial - Other,4,City or Municipal Highway Agency,1,This section IS ON the NHS,0,No Special Jurisdiction,99998,Not Reported,34.13348333,34.13348333,-117.44019722,-117.44019722,12,Motor Vehicle In-Transport,6,Angle,0,No,2,Intersection,2,Four-Way Intersection,1,On Roadway,0,None,1,Daylight,1,Clear,0,No,0000000,Not Applicable,16,4:00pm-4:59pm,99,Unknown,16,4:00pm-4:59pm,99,Unknown EMS Scene Arrival Minutes,99,Unknown,99,Unknown EMS Hospital Arrival Time,1
6,California,63246,0,0,2,2,0,3,3,59,ORANGE (59),1155,LAKE FOREST,6,June,24,24,6,Friday,2022,18,6:00pm-6:59pm,43,43,TRABUCO RD,NA,8,Other,2,Urban,3,Principal Arterial - Other,4,City or Municipal Highway Agency,1,This section IS ON the NHS,0,No Special Jurisdiction,99998,Not Reported,33.63707222,33.63707222,-117.679875,-117.679875,12,Motor Vehicle In-Transport,6,Angle,0,No,8,Driveway Access Related,1,Not an Intersection,1,On Roadway,0,None,1,Daylight,1,Clear,0,No,0000000,Not Applicable,99,Unknown,99,Unknown,99,Unknown EMS Scene Arrival Hour,99,Unknown EMS Scene Arrival Minutes,99,Unknown,99,Unknown EMS Hospital Arrival Time,1
6,California,63247,1,1,1,1,0,1,1,37,LOS ANGELES (37),1980,LOS ANGELES,6,June,27,27,2,Monday,2022,20,8:00pm-8:59pm,30,30,RIVERSIDE DR,NA,9,Unknown,2,Urban,4,Minor Arterial,99,Unknown,0,This section IS NOT on the NHS,0,No Special Jurisdiction,99998,Not Reported,34.15818056,34.15818056,-118.38778056,-118.38778056,8,Pedestrian,0,The First Harmful Event was Not a Collision with a Motor Vehicle in Transport,0,No,1,Non-Junction,1,Not an Intersection,1,On Roadway,0,None,5,Dusk,1,Clear,0,No,0000000,Not Applicable,20,8:00pm-8:59pm,45,45,21,9:00pm-9:59pm,5,5,88,Not Applicable (Not Transported),88,Not Applicable (Not Transported),1
6,California,63248,0,0,1,1,0,1,1,33,LAKE (33),0,NOT APPLICABLE,5,May,1,1,1,Sunday,2022,2,2:00am-2:59am,46,46,SR-29,NA,3,State Highway,1,Rural,4,Minor Arterial,1,State Highway Agency,0,This section IS NOT on the NHS,0,No Special Jurisdiction,54,54,38.74778611,38.74778611,-122.61779722,-122.61779722,1,Rollover/Overturn,0,The First Harmful Event was Not a Collision with a Motor Vehicle in Transport,0,No,1,Non-Junction,1,Not an Intersection,1,On Roadway,0,None,3,Dark - Lighted,1,Clear,0,No,0000000,Not Applicable,99,Unknown,99,Unknown,10,10:00am-10:59am,99,Unknown EMS Scene Arrival Minutes,88,Not Applicable (Not Transported),88,Not Applicable (Not Transported),1
6,California,63249,0,0,1,1,0,1,1,33,LAKE (33),0,NOT APPLICABLE,11,November,5,5,7,Saturday,2022,23,11:00pm-11:59pm,35,35,SR-53,NA,3,State Highway,1,Rural,3,Principal Arterial - Other,1,State Highway Agency,1,This section IS ON the NHS,0,No Special Jurisdiction,69,69,39.00521944,39.00521944,-122.60668056,-122.60668056,31,"Post, Pole or Other Supports",0,The First Harmful Event was Not a Collision with a Motor Vehicle in Transport,0,No,1,Non-Junction,1,Not an Intersection,4,On Roadside,0,None,2,Dark - Not Lighted,10,Cloudy,0,No,0000000,Not Applicable,23,11:00pm-11:59pm,38,38,99,Unknown EMS Scene Arrival Hour,99,Unknown EMS Scene Arrival Minutes,88,Not Applicable (Not Transported),88,Not Applicable (Not Transported),1
6,California,63250,0,0,2,2,0,2,2,59,ORANGE (59),1713,EAST IRVINE,9,September,24,24,7,Saturday,2022,4,4:00am-4:59am,4,4,I-5,NA,1,Interstate,2,Urban,1,Interstate,1,State Highway Agency,1,This section IS ON the NHS,0,No Special Jurisdiction,276,276,33.72033611,33.72033611,-117.79653889,-117.79653889,12,Motor Vehicle In-Transport,1,Front-to-Rear,0,No,1,Non-Junction,1,Not an Intersection,1,On Roadway,0,None,3,Dark - Lighted,1,Clear,0,No,0000000,Not Applicable,4,4:00am-4:59am,7,7,99,Unknown EMS Scene Arrival Hour,99,Unknown EMS Scene Arrival Minutes,99,Unknown,99,Unknown EMS Hospital Arrival Time,1
6,California,63251,1,1,1,1,0,1,1,67,SACRAMENTO (67),0,NOT APPLICABLE,11,November,23,23,4,Wednesday,2022,17,5:00pm-5:59pm,38,38,WATT AV,NA,8,Other,2,Urban,3,Principal Arterial - Other,98,Not Reported,1,This section IS ON the NHS,0,No Special Jurisdiction,99998,Not Reported,38.65103056,38.65103056,-121.38283889,-121.38283889,8,Pedestrian,0,The First Harmful Event was Not a Collision with a Motor Vehicle in Transport,0,No,1,Non-Junction,1,Not an Intersection,1,On Roadway,0,None,3,Dark - Lighted,1,Clear,0,No,0000000,Not Applicable,17,5:00pm-5:59pm,43,43,99,Unknown EMS Scene Arrival Hour,99,Unknown EMS Scene Arrival Minutes,99,Unknown,99,Unknown EMS Hospital Arrival Time,1
6,California,63252,0,0,2,2,0,4,4,1,ALAMEDA (1),2480,OAKLAND,8,August,15,15,2,Monday,2022,2,2:00am-2:59am,58,58,I-880,NA,1,Interstate,2,Urban,1,Interstate,1,State Highway Agency,1,This section IS ON the NHS,0,No Special Jurisdiction,264,264,37.75238056,37.75238056,-122.20685,-122.20685,12,Motor Vehicle In-Transport,1,Front-to-Rear,1,Yes,18,Through Roadway,1,Not an Intersection,1,On Roadway,0,None,3,Dark - Lighted,1,Clear,0,No,0000000,Not Applicable,3,3:00am-3:59am,0,0,3,3:00am-3:59am,99,Unknown EMS Scene Arrival Minutes,99,Unknown,99,Unknown EMS Hospital Arrival Time,1
6,California,63253,1,1,1,1,0,1,1,1,ALAMEDA (1),2480,OAKLAND,9,September,3,3,7,Saturday,2022,21,9:00pm-9:59pm,14,14,I-980 RAMP,NA,1,Interstate,2,Urban,1,Interstate,1,State Highway Agency,1,This section IS ON the NHS,0,No Special Jurisdiction,453,453,37.82517222,37.82517222,-122.27110833,-122.27110833,8,Pedestrian,0,The First Harmful Event was Not a Collision with a Motor Vehicle in Transport,1,Yes,20,Entrance/Exit Ramp,1,Not an Intersection,1,On Roadway,0,None,2,Dark - Not Lighted,1,Clear,0,No,0000000,Not Applicable,21,9:00pm-9:59pm,16,16,21,9:00pm-9:59pm,99,Unknown EMS Scene Arrival Minutes,99,Unknown,99,Unknown EMS Hospital Arrival Time,1
6,California,63254,0,0,1,1,0,1,1,67,SACRAMENTO (67),0,NOT APPLICABLE,11,November,28,28,2,Monday,2022,22,10:00pm-10:59pm,24,24,BAYOU WY,NA,8,Other,1,Rural,7,Local,98,Not Reported,0,This section IS NOT on the NHS,0,No Special Jurisdiction,99998,Not Reported,38.66888333,38.66888333,-121.55668333,-121.55668333,42,Tree (Standing Only),0,The First Harmful Event was Not a Collision with a Motor Vehicle in Transport,0,No,1,Non-Junction,1,Not an Intersection,4,On Roadside,0,None,2,Dark - Not Lighted,1,Clear,0,No,0000000,Not Applicable,22,10:00pm-10:59pm,25,25,99,Unknown EMS Scene Arrival Hour,99,Unknown EMS Scene Arrival Minutes,88,Not Applicable (Not Transported),88,Not Applicable (Not Transported),1
6,California,63255,1,1,1,1,0,1,1,67,SACRAMENTO (67),0,NOT APPLICABLE,11,November,10,10,5,Thursday,2022,21,9:00pm-9:59pm,30,30,COLLEGE OAK DR,NA,9,Unknown,2,Urban,4,Minor Arterial,99,Unknown,0,This section IS NOT on the NHS,0,No Special Jurisdiction,99998,Not Reported,38.64641944,38.64641944,-121.35058333,-121.35058333,9,Pedalcyclist,0,The First Harmful Event was Not a Collision with a Motor Vehicle in Transport,0,No,1,Non-Junction,1,Not an Intersection,1,On Roadway,0,None,2,Dark - Not Lighted,1,Clear,0,No,0000000,Not Applicable,99,Unknown,99,Unknown,99,Unknown EMS Scene Arrival Hour,99,Unknown EMS Scene Arrival Minutes,88,Not Applicable (Not Transported),88,Not Applicable (Not Transported),1
6,California,63256,1,1,1,1,0,3,3,67,SACRAMENTO (67),0,NOT APPLICABLE,12,December,12,12,2,Monday,2022,22,10:00pm-10:59pm,10,10,ALTA ARDEN EXPY,MARKSTON RD,9,Unknown,2,Urban,3,Principal Arterial - Other,98,Not Reported,0,This section IS NOT on the NHS,0,No Special Jurisdiction,99998,Not Reported,38.59832222,38.59832222,-121.40829167,-121.40829167,8,Pedestrian,0,The First Harmful Event was Not a Collision with a Motor Vehicle in Transport,0,No,2,Intersection,2,Four-Way Intersection,1,On Roadway,0,None,2,Dark - Not Lighted,1,Clear,0,No,0000000,Not Applicable,22,10:00pm-10:59pm,14,14,22,10:00pm-10:59pm,99,Unknown EMS Scene Arrival Minutes,99,Unknown,99,Unknown EMS Hospital Arrival Time,1
6,California,63257,1,1,1,1,0,1,1,37,LOS ANGELES (37),0,NOT APPLICABLE,11,November,5,5,7,Saturday,2022,10,10:00am-10:59am,9,9,OCEAN VIEW BLVD,NA,9,Unknown,2,Urban,4,Minor Arterial,98,Not Reported,0,This section IS NOT on the NHS,0,No Special Jurisdiction,99998,Not Reported,34.21136389,34.21136389,-118.22801667,-118.22801667,8,Pedestrian,0,The First Harmful Event was Not a Collision with a Motor Vehicle in Transport,0,No,1,Non-Junction,1,Not an Intersection,1,On Roadway,0,None,1,Daylight,1,Clear,0,No,0000000,Not Applicable,10,10:00am-10:59am,10,10,10,10:00am-10:59am,23,23,88,Not Applicable (Not Transported),88,Not Applicable (Not Transported),1
6,California,63258,0,0,2,2,0,2,2,77,SAN JOAQUIN (77),3880,TRACY,7,July,12,12,3,Tuesday,2022,3,3:00am-3:59am,44,44,W SCHULTE RD,SCHULTE CT,8,Other,1,Rural,5,Major Collector,4,City or Municipal Highway Agency,0,This section IS NOT on the NHS,0,No Special Jurisdiction,99998,Not Reported,37.721925,37.721925,-121.52660278,-121.52660278,12,Motor Vehicle In-Transport,6,Angle,0,No,2,Intersection,2,Four-Way Intersection,1,On Roadway,0,None,3,Dark - Lighted,1,Clear,0,No,0000000,Not Applicable,99,Unknown,99,Unknown,99,Unknown EMS Scene Arrival Hour,99,Unknown EMS Scene Arrival Minutes,99,Unknown,99,Unknown EMS Hospital Arrival Time,1
6,California,63259,1,1,1,1,0,1,1,19,FRESNO (19),1370,FRESNO,12,December,1,1,5,Thursday,2022,9,9:00am-9:59am,49,49,BELMONT AVE,PARKWAY DR E,8,Other,2,Urban,7,Local,4,City or Municipal Highway Agency,0,This section IS NOT on the NHS,0,No Special Jurisdiction,99998,Not Reported,36.750175,36.750175,-119.82545556,-119.82545556,8,Pedestrian,0,The First Harmful Event was Not a Collision with a Motor Vehicle in Transport,0,No,3,Intersection-Related,3,T-Intersection,1,On Roadway,0,None,1,Daylight,10,Cloudy,0,No,0000000,Not Applicable,9,9:00am-9:59am,99,Unknown,9,9:00am-9:59am,99,Unknown EMS Scene Arrival Minutes,88,Not Applicable (Not Transported),88,Not Applicable (Not Transported),1
6,California,63260,0,0,1,1,0,1,1,37,LOS ANGELES (37),0,NOT APPLICABLE,6,June,12,12,1,Sunday,2022,3,3:00am-3:59am,25,25,I-405 RAMP,NA,1,Interstate,2,Urban,1,Interstate,1,State Highway Agency,1,This section IS ON the NHS,0,No Special Jurisdiction,3,3,33.93028889,33.93028889,-118.36927778,-118.36927778,25,Concrete Traffic Barrier,0,The First Harmful Event was Not a Collision with a Motor Vehicle in Transport,1,Yes,5,Entrance/Exit Ramp Related,1,Not an Intersection,4,On Roadside,0,None,2,Dark - Not Lighted,1,Clear,0,No,0000000,Not Applicable,3,3:00am-3:59am,99,Unknown,3,3:00am-3:59am,99,Unknown EMS Scene Arrival Minutes,88,Not Applicable (Not Transported),88,Not Applicable (Not Transported),1
6,California,63261,0,0,2,2,0,3,3,19,FRESNO (19),0,NOT APPLICABLE,11,November,4,4,6,Friday,2022,16,4:00pm-4:59pm,5,5,CR-ELM AVE,NA,4,County Road,1,Rural,6,Minor Collector,2,County Highway Agency,0,This section IS NOT on the NHS,0,No Special Jurisdiction,99998,Not Reported,36.66586111,36.66586111,-119.79081667,-119.79081667,12,Motor Vehicle In-Transport,2,Front-to-Front,0,No,1,Non-Junction,1,Not an Intersection,1,On Roadway,0,None,1,Daylight,1,Clear,0,No,0000000,Not Applicable,16,4:00pm-4:59pm,13,13,16,4:00pm-4:59pm,99,Unknown EMS Scene Arrival Minutes,99,Unknown,99,Unknown EMS Hospital Arrival Time,2
6,California,63262,0,0,1,1,0,1,1,81,SAN MATEO (81),0,NOT APPLICABLE,11,November,4,4,6,Friday,2022,21,9:00pm-9:59pm,10,10,I-280,NA,1,Interstate,2,Urban,1,Interstate,1,State Highway Agency,1,This section IS ON the NHS,0,No Special Jurisdiction,125,125,37.52551944,37.52551944,-122.35843889,-122.35843889,17,Boulder,0,The First Harmful Event was Not a Collision with a Motor Vehicle in Transport,1,Yes,19,Other location within Interchange Area,1,Not an Intersection,4,On Roadside,0,None,3,Dark - Lighted,1,Clear,0,No,0000000,Not Applicable,21,9:00pm-9:59pm,22,22,21,9:00pm-9:59pm,99,Unknown EMS Scene Arrival Minutes,88,Not Applicable (Not Transported),88,Not Applicable (Not Transported),1
6,California,63263,0,0,2,2,0,2,2,85,SANTA CLARA (85),2311,MOUNTAIN VIEW,12,December,31,31,7,Saturday,2022,1,1:00am-1:59am,55,55,SR-85,NA,3,State Highway,2,Urban,2,Principal Arterial - Other Freeways and Expressways,1,State Highway Agency,1,This section IS ON the NHS,0,No Special Jurisdiction,221,221,37.38378333,37.38378333,-122.06815556,-122.06815556,12,Motor Vehicle In-Transport,2,Front-to-Front,1,Yes,18,Through Roadway,1,Not an Intersection,1,On Roadway,0,None,2,Dark - Not Lighted,2,Rain,0,No,0000000,Not Applicable,2,2:00am-2:59am,14,14,2,2:00am-2:59am,99,Unknown EMS Scene Arrival Minutes,99,Unknown,99,Unknown EMS Hospital Arrival Time,1
6,California,63264,0,0,1,1,0,1,1,37,LOS ANGELES (37),1700,INGLEWOOD,5,May,20,20,6,Friday,2022,2,2:00am-2:59am,53,53,I-405 NB SAN DIEGO FWY,NA,1,Interstate,2,Urban,1,Interstate,1,State Highway Agency,1,This section IS ON the NHS,0,No Special Jurisdiction,463,463,33.95076111,33.95076111,-118.36863889,-118.36863889,31,"Post, Pole or Other Supports",0,The First Harmful Event was Not a Collision with a Motor Vehicle in Transport,1,Yes,19,Other location within Interchange Area,1,Not an Intersection,4,On Roadside,0,None,3,Dark - Lighted,10,Cloudy,0,No,0000000,Not Applicable,2,2:00am-2:59am,99,Unknown,99,Unknown EMS Scene Arrival Hour,99,Unknown EMS Scene Arrival Minutes,88,Not Applicable (Not Transported),88,Not Applicable (Not Transported),1
6,California,63265,0,0,2,2,0,2,2,101,SUTTER (101),0,NOT APPLICABLE,1,January,16,16,1,Sunday,2022,1,1:00am-1:59am,53,53,SR-99,NA,3,State Highway,1,Rural,3,Principal Arterial - Other,1,State Highway Agency,1,This section IS ON the NHS,0,No Special Jurisdiction,3155,3155,38.89589722,38.89589722,-121.58100556,-121.58100556,12,Motor Vehicle In-Transport,2,Front-to-Front,0,No,1,Non-Junction,1,Not an Intersection,1,On Roadway,0,None,2,Dark - Not Lighted,5,"Fog, Smog, Smoke",0,No,0000000,Not Applicable,99,Unknown,99,Unknown,99,Unknown EMS Scene Arrival Hour,99,Unknown EMS Scene Arrival Minutes,99,Unknown,99,Unknown EMS Hospital Arrival Time,1
6,California,63266,1,1,1,1,0,1,1,71,SAN BERNARDINO (71),790,COLTON,5,May,4,4,4,Wednesday,2022,3,3:00am-3:59am,15,15,I-10 REDLANDS FWY,NA,1,Interstate,2,Urban,1,Interstate,1,State Highway Agency,1,This section IS ON the NHS,0,No Special Jurisdiction,246,246,34.06333333,34.06333333,-117.28999444,-117.28999444,8,Pedestrian,0,The First Harmful Event was Not a Collision with a Motor Vehicle in Transport,0,No,1,Non-Junction,1,Not an Intersection,1,On Roadway,0,None,2,Dark - Not Lighted,1,Clear,0,No,0000000,Not Applicable,3,3:00am-3:59am,16,16,3,3:00am-3:59am,30,30,88,Not Applicable (Not Transported),88,Not Applicable (Not Transported),1
6,California,63267,1,1,1,1,0,1,1,67,SACRAMENTO (67),0,NOT APPLICABLE,9,September,26,26,2,Monday,2022,23,11:00pm-11:59pm,25,25,CR-HOWE AVE,NA,4,County Road,2,Urban,3,Principal Arterial - Other,2,County Highway Agency,0,This section IS NOT on the NHS,0,No Special Jurisdiction,99998,Not Reported,38.60513333,38.60513333,-121.41543889,-121.41543889,8,Pedestrian,0,The First Harmful Event was Not a Collision with a Motor Vehicle in Transport,0,No,1,Non-Junction,1,Not an Intersection,1,On Roadway,0,None,3,Dark - Lighted,1,Clear,0,No,0000000,Not Applicable,99,Unknown,99,Unknown,99,Unknown EMS Scene Arrival Hour,99,Unknown EMS Scene Arrival Minutes,88,Not Applicable (Not Transported),88,Not Applicable (Not Transported),1
6,California,63268,0,0,1,1,0,1,1,115,YUBA (115),0,NOT APPLICABLE,6,June,19,19,1,Sunday,2022,99,Unknown Hours,99,Unknown Minutes,WILLOW GLEN RD,NA,8,Other,1,Rural,5,Major Collector,2,County Highway Agency,0,This section IS NOT on the NHS,0,No Special Jurisdiction,46,46,39.39811111,39.39811111,-121.31128333,-121.31128333,31,"Post, Pole or Other Supports",0,The First Harmful Event was Not a Collision with a Motor Vehicle in Transport,0,No,1,Non-Junction,1,Not an Intersection,4,On Roadside,0,None,2,Dark - Not Lighted,1,Clear,0,No,0000000,Not Applicable,99,Unknown,99,Unknown,99,Unknown EMS Scene Arrival Hour,99,Unknown EMS Scene Arrival Minutes,88,Not Applicable (Not Transported),88,Not Applicable (Not Transported),1
6,California,63269,0,0,2,2,0,2,2,37,LOS ANGELES (37),1980,LOS ANGELES,4,April,23,23,7,Saturday,2022,1,1:00am-1:59am,13,13,I-105 W/B CENTURY FWY,NA,1,Interstate,2,Urban,1,Interstate,1,State Highway Agency,1,This section IS ON the NHS,0,No Special Jurisdiction,11,11,33.93125556,33.93125556,-118.38479444,-118.38479444,12,Motor Vehicle In-Transport,2,Front-to-Front,0,No,1,Non-Junction,1,Not an Intersection,1,On Roadway,0,None,2,Dark - Not Lighted,1,Clear,0,No,0000000,Not Applicable,1,1:00am-1:59am,14,14,1,1:00am-1:59am,24,24,99,Unknown,99,Unknown EMS Hospital Arrival Time,1
6,California,63270,1,1,1,1,0,1,1,37,LOS ANGELES (37),0,NOT APPLICABLE,5,May,24,24,3,Tuesday,2022,2,2:00am-2:59am,50,50,VERMONT AVE,NA,8,Other,2,Urban,3,Principal Arterial - Other,98,Not Reported,0,This section IS NOT on the NHS,0,No Special Jurisdiction,99998,Not Reported,33.92326111,33.92326111,-118.29183333,-118.29183333,8,Pedestrian,0,The First Harmful Event was Not a Collision with a Motor Vehicle in Transport,0,No,1,Non-Junction,1,Not an Intersection,1,On Roadway,0,None,3,Dark - Lighted,1,Clear,0,No,0000000,Not Applicable,99,Unknown,99,Unknown,3,3:00am-3:59am,19,19,88,Not Applicable (Not Transported),88,Not Applicable (Not Transported),1
6,California,63271,0,0,2,2,0,3,3,19,FRESNO (19),1370,FRESNO,9,September,3,3,7,Saturday,2022,5,5:00am-5:59am,45,45,SR-99,NA,3,State Highway,2,Urban,2,Principal Arterial - Other Freeways and Expressways,1,State Highway Agency,1,This section IS ON the NHS,0,No Special Jurisdiction,238,238,36.76489167,36.76489167,-119.83414722,-119.83414722,12,Motor Vehicle In-Transport,7,Sideswipe - Same Direction,1,Yes,18,Through Roadway,1,Not an Intersection,1,On Roadway,0,None,2,Dark - Not Lighted,1,Clear,0,No,0000000,Not Applicable,5,5:00am-5:59am,53,53,99,Unknown EMS Scene Arrival Hour,99,Unknown EMS Scene Arrival Minutes,99,Unknown,99,Unknown EMS Hospital Arrival Time,2
6,California,63272,0,0,5,5,0,11,11,19,FRESNO (19),0,NOT APPLICABLE,6,June,25,25,7,Saturday,2022,14,2:00pm-2:59pm,15,15,I-5,NA,1,Interstate,1,Rural,1,Interstate,1,State Highway Agency,1,This section IS ON the NHS,0,No Special Jurisdiction,638,638,36.82591667,36.82591667,-120.75693056,-120.75693056,12,Motor Vehicle In-Transport,1,Front-to-Rear,0,No,1,Non-Junction,1,Not an Intersection,1,On Roadway,0,None,1,Daylight,1,Clear,0,No,0000000,Not Applicable,14,2:00pm-2:59pm,17,17,99,Unknown EMS Scene Arrival Hour,99,Unknown EMS Scene Arrival Minutes,99,Unknown,99,Unknown EMS Hospital Arrival Time,1
6,California,63273,0,0,1,1,0,1,1,29,KERN (29),0,NOT APPLICABLE,10,October,28,28,6,Friday,2022,0,0:00am-0:59am,12,12,DOWNING AVE,FRUITVALE AVE,8,Other,2,Urban,4,Minor Arterial,98,Not Reported,0,This section IS NOT on the NHS,0,No Special Jurisdiction,99998,Not Reported,35.39050556,35.39050556,-119.07423333,-119.07423333,17,Boulder,0,The First Harmful Event was Not a Collision with a Motor Vehicle in Transport,0,No,3,Intersection-Related,3,T-Intersection,4,On Roadside,0,None,2,Dark - Not Lighted,1,Clear,0,No,0000000,Not Applicable,99,Unknown,99,Unknown,99,Unknown EMS Scene Arrival Hour,99,Unknown EMS Scene Arrival Minutes,88,Not Applicable (Not Transported),88,Not Applicable (Not Transported),1
6,California,63274,1,1,1,1,0,1,1,71,SAN BERNARDINO (71),3210,SAN BERNARDINO,12,December,29,29,5,Thursday,2022,1,1:00am-1:59am,15,15,I-215,NA,1,Interstate,2,Urban,1,Interstate,1,State Highway Agency,1,This section IS ON the NHS,0,No Special Jurisdiction,102,102,34.14719444,34.14719444,-117.32126389,-117.32126389,9,Pedalcyclist,0,The First Harmful Event was Not a Collision with a Motor Vehicle in Transport,1,Yes,5,Entrance/Exit Ramp Related,1,Not an Intersection,1,On Roadway,0,None,3,Dark - Lighted,1,Clear,0,No,0000000,Not Applicable,1,1:00am-1:59am,18,18,99,Unknown EMS Scene Arrival Hour,99,Unknown EMS Scene Arrival Minutes,88,Not Applicable (Not Transported),88,Not Applicable (Not Transported),1
6,California,63275,0,0,1,1,0,1,1,97,SONOMA (97),3490,SANTA ROSA,9,September,16,16,6,Friday,2022,23,11:00pm-11:59pm,41,41,FULTON RD,ONSRUD LN,8,Other,2,Urban,4,Minor Arterial,4,City or Municipal Highway Agency,0,This section IS NOT on the NHS,0,No Special Jurisdiction,99998,Not Reported,38.47040833,38.47040833,-122.76964167,-122.76964167,30,Utility Pole/Light Support,0,The First Harmful Event was Not a Collision with a Motor Vehicle in Transport,0,No,3,Intersection-Related,3,T-Intersection,4,On Roadside,0,None,3,Dark - Lighted,1,Clear,0,No,0000000,Not Applicable,99,Unknown,99,Unknown,99,Unknown EMS Scene Arrival Hour,99,Unknown EMS Scene Arrival Minutes,88,Not Applicable (Not Transported),88,Not Applicable (Not Transported),1