STATE,STATENAME,ST_CASE,PEDS,PERNOTMVIT,VE_TOTAL,VE_FORMS,PVH_INVL,PERSONS,PERMVIT,COUNTY,COUNTYNAME,CITY,CITYNAME,MONTH,MONTHNAME,DAY,DAYNAME,DAY_WEEK,DAY_WEEKNAME,YEAR,HOUR,HOURNAME,MINUTE,MINUTENAME,TWAY_ID,TWAY_ID2,ROUTE,ROUTENAME,RUR_URB,RUR_URBNAME,FUNC_SYS,FUNC_SYSNAME,RD_OWNER,RD_OWNERNAME,NHS,NHSNAME,SP_JUR,SP_JURNAME,MILEPT,MILEPTNAME,LATITUDE,LATITUDENAME,LONGITUD,LONGITUDNAME,HARM_EV,HARM_EVNAME,MAN_COLL,MAN_COLLNAME,RELJCT1,RELJCT1NAME,RELJCT2,RELJCT2NAME,TYP_INT,TYP_INTNAME,REL_ROAD,REL_ROADNAME,WRK_ZONE,WRK_ZONENAME,LGT_COND,LGT_CONDNAME,WEATHER,WEATHERNAME,SCH_BUS,SCH_BUSNAME,RAIL,RAILNAME,NOT_HOUR,NOT_HOURNAME,NOT_MIN,NOT_MINNAME,ARR_HOUR,ARR_HOURNAME,ARR_MIN,ARR_MINNAME,HOSP_HR,HOSP_HRNAME,HOSP_MN,HOSP_MNNAME,FATALS
6,California,63702,0,0,3,3,0,7,7,81,SAN MATEO (81),970,DALY CITY,9,September,13,13,3,Tuesday,2022,9,9:00am-9:59am,25,25,I-280,NA,1,Interstate,2,Urban,1,Interstate,1,State Highway Agency,1,This section IS ON the NHS,0,No Special Jurisdiction,261,261,37.69098056,37.69098056,-122.47062222,-122.47062222,12,Motor Vehicle In-Transport,1,Front-to-Rear,0,No,1,Non-Junction,1,Not an Intersection,1,On Roadway,0,None,1,Daylight,10,Cloudy,0,No,0000000,Not Applicable,99,Unknown,99,Unknown,99,Unknown EMS Scene Arrival Hour,99,Unknown EMS Scene Arrival Minutes,99,Unknown,99,Unknown EMS Hospital Arrival Time,1
6,California,63703,1,1,1,1,0,1,1,33,LAKE (33),719,CLEARLAKE,10,October,5,5,4,Wednesday,2022,6,6:00am-6:59am,6,6,LAKESHORE DR,NA,8,Other,2,Urban,4,Minor Arterial,4,City or Municipal Highway Agency,0,This section IS NOT on the NHS,0,No Special Jurisdiction,99998,Not Reported,38.94984167,38.94984167,-122.62883611,-122.62883611,8,Pedestrian,0,The First Harmful Event was Not a Collision with a Motor Vehicle in Transport,0,No,1,Non-Junction,1,Not an Intersection,1,On Roadway,0,None,2,Dark - Not Lighted,1,Clear,0,No,0000000,Not Applicable,6,6:00am-6:59am,99,Unknown,6,6:00am-6:59am,99,Unknown EMS Scene Arrival Minutes,6,6:00am-6:59am,99,Unknown EMS Hospital Arrival Time,1
6,California,63704,1,1,1,1,0,3,3,7,BUTTE (7),660,CHICO,10,October,5,5,4,Wednesday,2022,7,7:00am-7:59am,52,52,BRUCE RD,CALIFORNIA PARK DR,8,Other,2,Urban,4,Minor Arterial,4,City or Municipal Highway Agency,0,This section IS NOT on the NHS,0,No Special Jurisdiction,99998,Not Reported,39.75094722,39.75094722,-121.794325,-121.794325,8,Pedestrian,0,The First Harmful Event was Not a Collision with a Motor Vehicle in Transport,0,No,3,Intersection-Related,2,Four-Way Intersection,1,On Roadway,0,None,1,Daylight,1,Clear,0,No,0000000,Not Applicable,99,Unknown,99,Unknown,99,Unknown EMS Scene Arrival Hour,99,Unknown EMS Scene Arrival Minutes,88,Not Applicable (Not Transported),88,Not Applicable (Not Transported),1
6,California,63705,0,0,5,2,3,4,4,37,LOS ANGELES (37),1980,LOS ANGELES,10,October,5,5,4,Wednesday,2022,18,6:00pm-6:59pm,45,45,VESPER AVE,KITTRIDGE ST,8,Other,2,Urban,5,Major Collector,4,City or Municipal Highway Agency,0,This section IS NOT on the NHS,0,No Special Jurisdiction,99998,Not Reported,34.19069444,34.19069444,-118.45090833,-118.45090833,12,Motor Vehicle In-Transport,6,Angle,0,No,2,Intersection,2,Four-Way Intersection,1,On Roadway,0,None,3,Dark - Lighted,1,Clear,0,No,0000000,Not Applicable,99,Unknown,99,Unknown,99,Unknown EMS Scene Arrival Hour,99,Unknown EMS Scene Arrival Minutes,99,Unknown,99,Unknown EMS Hospital Arrival Time,1
6,California,63706,0,0,4,3,1,10,10,37,LOS ANGELES (37),1980,LOS ANGELES,7,July,3,3,1,Sunday,2022,21,9:00pm-9:59pm,0,0,VANOWEN ST,NA,9,Unknown,2,Urban,4,Minor Arterial,99,Unknown,0,This section IS NOT on the NHS,0,No Special Jurisdiction,99998,Not Reported,34.19382222,34.19382222,-118.56146111,-118.56146111,44,"Pavement Surface Irregularity (Ruts, Potholes, Grates, etc.)",0,The First Harmful Event was Not a Collision with a Motor Vehicle in Transport,0,No,1,Non-Junction,1,Not an Intersection,1,On Roadway,1,Construction,3,Dark - Lighted,1,Clear,0,No,0000000,Not Applicable,21,9:00pm-9:59pm,4,4,21,9:00pm-9:59pm,42,42,99,Unknown,99,Unknown EMS Hospital Arrival Time,3
6,California,63707,0,0,2,2,0,2,2,71,SAN BERNARDINO (71),0,NOT APPLICABLE,12,December,25,25,1,Sunday,2022,21,9:00pm-9:59pm,17,17,NATIONAL TRAILS HWY,HIBISCUS ST,8,Other,1,Rural,5,Major Collector,2,County Highway Agency,0,This section IS NOT on the NHS,0,No Special Jurisdiction,99998,Not Reported,34.66345,34.66345,-117.34132778,-117.34132778,12,Motor Vehicle In-Transport,2,Front-to-Front,0,No,2,Intersection,3,T-Intersection,1,On Roadway,0,None,2,Dark - Not Lighted,1,Clear,0,No,0000000,Not Applicable,21,9:00pm-9:59pm,18,18,99,Unknown EMS Scene Arrival Hour,99,Unknown EMS Scene Arrival Minutes,99,Unknown,99,Unknown EMS Hospital Arrival Time,1
6,California,63708,1,1,1,1,0,1,1,29,KERN (29),4080,WASCO,8,August,28,28,1,Sunday,2022,20,8:00pm-8:59pm,19,19,POPLAR AVE,FILBURN ST,8,Other,2,Urban,5,Major Collector,4,City or Municipal Highway Agency,0,This section IS NOT on the NHS,0,No Special Jurisdiction,99998,Not Reported,35.57995833,35.57995833,-119.34494167,-119.34494167,9,Pedalcyclist,0,The First Harmful Event was Not a Collision with a Motor Vehicle in Transport,0,No,3,Intersection-Related,2,Four-Way Intersection,1,On Roadway,0,None,2,Dark - Not Lighted,1,Clear,0,No,0000000,Not Applicable,99,Unknown,99,Unknown,99,Unknown EMS Scene Arrival Hour,99,Unknown EMS Scene Arrival Minutes,88,Not Applicable (Not Transported),88,Not Applicable (Not Transported),1
6,California,63709,0,0,2,2,0,2,2,37,LOS ANGELES (37),1980,LOS ANGELES,10,October,7,7,6,Friday,2022,11,11:00am-11:59am,40,40,MANCHESTER AVE,SAINT ANDREWS PL,8,Other,2,Urban,3,Principal Arterial - Other,2,County Highway Agency,1,This section IS ON the NHS,0,No Special Jurisdiction,99998,Not Reported,33.95999444,33.95999444,-118.31121944,-118.31121944,12,Motor Vehicle In-Transport,6,Angle,0,No,2,Intersection,2,Four-Way Intersection,1,On Roadway,0,None,1,Daylight,1,Clear,0,No,0000000,Not Applicable,99,Unknown,99,Unknown,99,Unknown EMS Scene Arrival Hour,99,Unknown EMS Scene Arrival Minutes,99,Unknown,99,Unknown EMS Hospital Arrival Time,1
6,California,63710,0,0,2,2,0,2,2,59,ORANGE (59),1786,LAGUNA NIGUEL,9,September,6,6,3,Tuesday,2022,0,0:00am-0:59am,8,8,GOLDEN LANTERN,NA,8,Other,2,Urban,3,Principal Arterial - Other,4,City or Municipal Highway Agency,1,This section IS ON the NHS,0,No Special Jurisdiction,99998,Not Reported,33.51220556,33.51220556,-117.68158333,-117.68158333,33,Curb,0,The First Harmful Event was Not a Collision with a Motor Vehicle in Transport,0,No,1,Non-Junction,1,Not an Intersection,4,On Roadside,0,None,3,Dark - Lighted,1,Clear,0,No,0000000,Not Applicable,99,Unknown,99,Unknown,99,Unknown EMS Scene Arrival Hour,99,Unknown EMS Scene Arrival Minutes,88,Not Applicable (Not Transported),88,Not Applicable (Not Transported),1
6,California,63711,1,1,1,1,0,1,1,1,ALAMEDA (1),2480,OAKLAND,8,August,25,25,5,Thursday,2022,16,4:00pm-4:59pm,2,2,MACARTHUR BL,PIEDMONT AV,8,Other,2,Urban,3,Principal Arterial - Other,4,City or Municipal Highway Agency,0,This section IS NOT on the NHS,0,No Special Jurisdiction,99998,Not Reported,37.82320278,37.82320278,-122.25663889,-122.25663889,8,Pedestrian,0,The First Harmful Event was Not a Collision with a Motor Vehicle in Transport,0,No,2,Intersection,2,Four-Way Intersection,1,On Roadway,0,None,1,Daylight,1,Clear,0,No,0000000,Not Applicable,99,Unknown,99,Unknown,99,Unknown EMS Scene Arrival Hour,99,Unknown EMS Scene Arrival Minutes,99,Unknown,99,Unknown EMS Hospital Arrival Time,1
6,California,63712,1,1,1,1,0,1,1,71,SAN BERNARDINO (71),3210,SAN BERNARDINO,9,September,7,7,4,Wednesday,2022,19,7:00pm-7:59pm,38,38,N STATE ST,NA,8,Other,2,Urban,4,Minor Arterial,4,City or Municipal Highway Agency,0,This section IS NOT on the NHS,0,No Special Jurisdiction,99998,Not Reported,34.12920556,34.12920556,-117.33548056,-117.33548056,8,Pedestrian,0,The First Harmful Event was Not a Collision with a Motor Vehicle in Transport,0,No,1,Non-Junction,1,Not an Intersection,1,On Roadway,0,None,1,Daylight,1,Clear,0,No,0000000,Not Applicable,99,Unknown,99,Unknown,99,Unknown EMS Scene Arrival Hour,99,Unknown EMS Scene Arrival Minutes,99,Unknown,99,Unknown EMS Hospital Arrival Time,1
6,California,63713,1,1,2,2,0,3,3,37,LOS ANGELES (37),1980,LOS ANGELES,9,September,5,5,2,Monday,2022,20,8:00pm-8:59pm,45,45,SAN VICENTE BL,CARMELINA AV,8,Other,2,Urban,3,Principal Arterial - Other,4,City or Municipal Highway Agency,1,This section IS ON the NHS,0,No Special Jurisdiction,99998,Not Reported,34.05098333,34.05098333,-118.47933056,-118.47933056,9,Pedalcyclist,0,The First Harmful Event was Not a Collision with a Motor Vehicle in Transport,0,No,2,Intersection,3,T-Intersection,1,On Roadway,0,None,3,Dark - Lighted,1,Clear,0,No,0000000,Not Applicable,99,Unknown,99,Unknown,99,Unknown EMS Scene Arrival Hour,99,Unknown EMS Scene Arrival Minutes,99,Unknown,99,Unknown EMS Hospital Arrival Time,1
6,California,63714,1,1,1,1,0,1,1,37,LOS ANGELES (37),1980,LOS ANGELES,10,October,7,7,6,Friday,2022,19,7:00pm-7:59pm,10,10,SR-27  TOPANGA CANYON BLVD,NA,3,State Highway,2,Urban,3,Principal Arterial - Other,1,State Highway Agency,1,This section IS ON the NHS,0,No Special Jurisdiction,146,146,34.20259722,34.20259722,-118.60602778,-118.60602778,8,Pedestrian,0,The First Harmful Event was Not a Collision with a Motor Vehicle in Transport,0,No,1,Non-Junction,1,Not an Intersection,1,On Roadway,0,None,3,Dark - Lighted,1,Clear,0,No,0000000,Not Applicable,99,Unknown,99,Unknown,99,Unknown EMS Scene Arrival Hour,99,Unknown EMS Scene Arrival Minutes,99,Unknown,99,Unknown EMS Hospital Arrival Time,1
6,California,63715,0,0,2,2,0,3,3,1,ALAMEDA (1),2480,OAKLAND,12,December,30,30,6,Friday,2022,2,2:00am-2:59am,11,11,I-880,NA,1,Interstate,2,Urban,1,Interstate,1,State Highway Agency,1,This section IS ON the NHS,0,No Special Jurisdiction,280,280,37.7709,37.7709,-122.22224167,-122.22224167,12,Motor Vehicle In-Transport,1,Front-to-Rear,1,Yes,18,Through Roadway,1,Not an Intersection,1,On Roadway,0,None,3,Dark - Lighted,2,Rain,0,No,0000000,Not Applicable,2,2:00am-2:59am,16,16,99,Unknown EMS Scene Arrival Hour,99,Unknown EMS Scene Arrival Minutes,99,Unknown,99,Unknown EMS Hospital Arrival Time,1
6,California,63716,0,0,1,1,0,4,4,81,SAN MATEO (81),0,NOT APPLICABLE,12,December,29,29,5,Thursday,2022,23,11:00pm-11:59pm,10,10,SR-35,NA,3,State Highway,1,Rural,5,Major Collector,1,State Highway Agency,0,This section IS NOT on the NHS,0,No Special Jurisdiction,26,26,37.31289722,37.31289722,-122.17624722,-122.17624722,42,Tree (Standing Only),0,The First Harmful Event was Not a Collision with a Motor Vehicle in Transport,0,No,1,Non-Junction,1,Not an Intersection,4,On Roadside,0,None,2,Dark - Not Lighted,2,Rain,0,No,0000000,Not Applicable,23,11:00pm-11:59pm,15,15,99,Unknown EMS Scene Arrival Hour,99,Unknown EMS Scene Arrival Minutes,99,Unknown,99,Unknown EMS Hospital Arrival Time,1
6,California,63717,1,1,1,1,0,1,1,85,SANTA CLARA (85),1420,GILROY,10,October,7,7,6,Friday,2022,22,10:00pm-10:59pm,54,54,CAMINO ARROYO,NA,9,Unknown,2,Urban,7,Local,99,Unknown,0,This section IS NOT on the NHS,0,No Special Jurisdiction,99998,Not Reported,37.00664444,37.00664444,-121.55240278,-121.55240278,8,Pedestrian,0,The First Harmful Event was Not a Collision with a Motor Vehicle in Transport,0,No,1,Non-Junction,1,Not an Intersection,1,On Roadway,0,None,3,Dark - Lighted,1,Clear,0,No,0000000,Not Applicable,23,11:00pm-11:59pm,0,0,23,11:00pm-11:59pm,20,20,88,Not Applicable (Not Transported),88,Not Applicable (Not Transported),1
6,California,63718,0,0,3,2,1,3,3,37,LOS ANGELES (37),2220,MONROVIA,10,October,14,14,6,Friday,2022,19,7:00pm-7:59pm,55,55,MAGNOLIA AVE,OLIVE AVE,8,Other,2,Urban,5,Major Collector,4,City or Municipal Highway Agency,0,This section IS NOT on the NHS,0,No Special Jurisdiction,99998,Not Reported,34.14478333,34.14478333,-118.00532778,-118.00532778,12,Motor Vehicle In-Transport,6,Angle,0,No,2,Intersection,2,Four-Way Intersection,1,On Roadway,0,None,8,Not Reported,8,Other,0,No,0000000,Not Applicable,99,Unknown,99,Unknown,99,Unknown EMS Scene Arrival Hour,99,Unknown EMS Scene Arrival Minutes,99,Unknown,99,Unknown EMS Hospital Arrival Time,1
6,California,63719,1,1,2,2,0,5,5,87,SANTA CRUZ (87),4100,WATSONVILLE,9,September,22,22,5,Thursday,2022,20,8:00pm-8:59pm,32,32,GREEN VALLEY RD,NA,9,Unknown,2,Urban,3,Principal Arterial - Other,99,Unknown,1,This section IS ON the NHS,0,No Special Jurisdiction,99998,Not Reported,36.93278889,36.93278889,-121.775675,-121.775675,8,Pedestrian,0,The First Harmful Event was Not a Collision with a Motor Vehicle in Transport,0,No,1,Non-Junction,1,Not an Intersection,1,On Roadway,0,None,2,Dark - Not Lighted,1,Clear,0,No,0000000,Not Applicable,20,8:00pm-8:59pm,41,41,22,10:00pm-10:59pm,3,3,99,Unknown,99,Unknown EMS Hospital Arrival Time,1
6,California,63720,0,0,3,3,0,4,4,37,LOS ANGELES (37),1980,LOS ANGELES,9,September,22,22,5,Thursday,2022,20,8:00pm-8:59pm,15,15,AVALON BLVD,LOMITA BLVD,8,Other,2,Urban,3,Principal Arterial - Other,4,City or Municipal Highway Agency,1,This section IS ON the NHS,0,No Special Jurisdiction,99998,Not Reported,33.79921389,33.79921389,-118.26396667,-118.26396667,12,Motor Vehicle In-Transport,6,Angle,0,No,2,Intersection,2,Four-Way Intersection,1,On Roadway,0,None,3,Dark - Lighted,1,Clear,0,No,0000000,Not Applicable,99,Unknown,99,Unknown,99,Unknown EMS Scene Arrival Hour,99,Unknown EMS Scene Arrival Minutes,99,Unknown,99,Unknown EMS Hospital Arrival Time,2
6,California,63721,0,0,2,2,0,2,2,61,PLACER (61),3110,ROSEVILLE,10,October,7,7,6,Friday,2022,17,5:00pm-5:59pm,12,12,WASHINGTON BLVD,INDUSTRIAL AVE,8,Other,2,Urban,4,Minor Arterial,4,City or Municipal Highway Agency,0,This section IS NOT on the NHS,0,No Special Jurisdiction,99998,Not Reported,38.77720278,38.77720278,-121.30390556,-121.30390556,12,Motor Vehicle In-Transport,6,Angle,0,No,2,Intersection,2,Four-Way Intersection,1,On Roadway,0,None,1,Daylight,1,Clear,0,No,0000000,Not Applicable,99,Unknown,99,Unknown,99,Unknown EMS Scene Arrival Hour,99,Unknown EMS Scene Arrival Minutes,88,Not Applicable (Not Transported),88,Not Applicable (Not Transported),1
6,California,63722,0,0,2,2,0,2,2,13,CONTRA COSTA (13),2090,MARTINEZ,10,October,15,15,7,Saturday,2022,19,7:00pm-7:59pm,25,25,ALHAMBRA AVE,TRUITT,8,Other,2,Urban,4,Minor Arterial,4,City or Municipal Highway Agency,0,This section IS NOT on the NHS,0,No Special Jurisdiction,99998,Not Reported,37.98334167,37.98334167,-122.12174722,-122.12174722,12,Motor Vehicle In-Transport,2,Front-to-Front,0,No,2,Intersection,98,Not Reported,1,On Roadway,0,None,2,Dark - Not Lighted,1,Clear,0,No,0000000,Not Applicable,99,Unknown,99,Unknown,99,Unknown EMS Scene Arrival Hour,99,Unknown EMS Scene Arrival Minutes,88,Not Applicable (Not Transported),88,Not Applicable (Not Transported),1
6,California,63723,0,0,1,1,0,1,1,13,CONTRA COSTA (13),460,BRENTWOOD,10,October,16,16,1,Sunday,2022,7,7:00am-7:59am,20,20,GRANT ST,NA,8,Other,2,Urban,7,Local,4,City or Municipal Highway Agency,0,This section IS NOT on the NHS,0,No Special Jurisdiction,99998,Not Reported,37.95379167,37.95379167,-121.72381389,-121.72381389,33,Curb,0,The First Harmful Event was Not a Collision with a Motor Vehicle in Transport,0,No,1,Non-Junction,1,Not an Intersection,4,On Roadside,0,None,1,Daylight,1,Clear,0,No,0000000,Not Applicable,99,Unknown,99,Unknown,99,Unknown EMS Scene Arrival Hour,99,Unknown EMS Scene Arrival Minutes,88,Not Applicable (Not Transported),88,Not Applicable (Not Transported),1
6,California,63724,1,1,1,1,0,1,1,59,ORANGE (59),1380,FULLERTON,10,October,14,14,6,Friday,2022,21,9:00pm-9:59pm,25,25,HIGHLANDS AVE,ELM AVE,8,Other,2,Urban,4,Minor Arterial,4,City or Municipal Highway Agency,0,This section IS NOT on the NHS,0,No Special Jurisdiction,99998,Not Reported,33.86458056,33.86458056,-117.92865278,-117.92865278,8,Pedestrian,0,The First Harmful Event was Not a Collision with a Motor Vehicle in Transport,0,No,3,Intersection-Related,2,Four-Way Intersection,1,On Roadway,0,None,3,Dark - Lighted,10,Cloudy,0,No,0000000,Not Applicable,99,Unknown,99,Unknown,99,Unknown EMS Scene Arrival Hour,99,Unknown EMS Scene Arrival Minutes,99,Unknown,99,Unknown EMS Hospital Arrival Time,1
6,California,63725,0,0,2,2,0,2,2,37,LOS ANGELES (37),1980,LOS ANGELES,10,October,16,16,1,Sunday,2022,15,3:00pm-3:59pm,2,2,54TH ST,CIMARRON ST,8,Other,2,Urban,5,Major Collector,4,City or Municipal Highway Agency,0,This section IS NOT on the NHS,0,No Special Jurisdiction,99998,Not Reported,33.99321389,33.99321389,-118.31594722,-118.31594722,12,Motor Vehicle In-Transport,1,Front-to-Rear,0,No,2,Intersection,2,Four-Way Intersection,1,On Roadway,0,None,1,Daylight,1,Clear,0,No,0000000,Not Applicable,99,Unknown,99,Unknown,99,Unknown EMS Scene Arrival Hour,99,Unknown EMS Scene Arrival Minutes,99,Unknown,99,Unknown EMS Hospital Arrival Time,1
6,California,63726,0,0,2,2,0,3,3,71,SAN BERNARDINO (71),1603,HESPERIA,10,October,16,16,1,Sunday,2022,19,7:00pm-7:59pm,24,24,COTTON WOOD AVE,SEQUOIA ST,8,Other,2,Urban,4,Minor Arterial,4,City or Municipal Highway Agency,0,This section IS NOT on the NHS,0,No Special Jurisdiction,99998,Not Reported,34.46868611,34.46868611,-117.33871944,-117.33871944,12,Motor Vehicle In-Transport,6,Angle,0,No,2,Intersection,2,Four-Way Intersection,1,On Roadway,0,None,2,Dark - Not Lighted,1,Clear,0,No,0000000,Not Applicable,99,Unknown,99,Unknown,99,Unknown EMS Scene Arrival Hour,99,Unknown EMS Scene Arrival Minutes,99,Unknown,99,Unknown EMS Hospital Arrival Time,2
6,California,63727,0,0,2,2,0,2,2,1,ALAMEDA (1),2480,OAKLAND,10,October,17,17,2,Monday,2022,7,7:00am-7:59am,0,0,SAN LEANDRO ST,69TH AVE,8,Other,2,Urban,4,Minor Arterial,4,City or Municipal Highway Agency,0,This section IS NOT on the NHS,0,No Special Jurisdiction,99998,Not Reported,37.75516667,37.75516667,-122.19890278,-122.19890278,12,Motor Vehicle In-Transport,6,Angle,0,No,2,Intersection,3,T-Intersection,1,On Roadway,0,None,1,Daylight,1,Clear,0,No,0000000,Not Applicable,99,Unknown,99,Unknown,99,Unknown EMS Scene Arrival Hour,99,Unknown EMS Scene Arrival Minutes,88,Not Applicable (Not Transported),88,Not Applicable (Not Transported),1
6,California,63728,1,1,1,1,0,1,1,73,SAN DIEGO (73),3260,SAN DIEGO,10,October,18,18,3,Tuesday,2022,6,6:00am-6:59am,5,5,58TH ST,UNIVERSITY AVE,8,Other,2,Urban,5,Major Collector,4,City or Municipal Highway Agency,0,This section IS NOT on the NHS,0,No Special Jurisdiction,99998,Not Reported,32.74893611,32.74893611,-117.07253056,-117.07253056,8,Pedestrian,0,The First Harmful Event was Not a Collision with a Motor Vehicle in Transport,0,No,3,Intersection-Related,2,Four-Way Intersection,1,On Roadway,0,None,3,Dark - Lighted,10,Cloudy,0,No,0000000,Not Applicable,99,Unknown,99,Unknown,99,Unknown EMS Scene Arrival Hour,99,Unknown EMS Scene Arrival Minutes,99,Unknown,99,Unknown EMS Hospital Arrival Time,1
6,California,63729,1,1,1,1,0,1,1,37,LOS ANGELES (37),305,BELLFLOWER,10,October,18,18,3,Tuesday,2022,6,6:00am-6:59am,38,38,WOODRUFF AVE,NA,8,Other,2,Urban,4,Minor Arterial,4,City or Municipal Highway Agency,0,This section IS NOT on the NHS,0,No Special Jurisdiction,99998,Not Reported,33.90286667,33.90286667,-118.11675556,-118.11675556,8,Pedestrian,0,The First Harmful Event was Not a Collision with a Motor Vehicle in Transport,0,No,1,Non-Junction,1,Not an Intersection,1,On Roadway,0,None,4,Dawn,1,Clear,0,No,0000000,Not Applicable,99,Unknown,99,Unknown,99,Unknown EMS Scene Arrival Hour,99,Unknown EMS Scene Arrival Minutes,88,Not Applicable (Not Transported),88,Not Applicable (Not Transported),1
6,California,63730,0,0,1,1,0,1,1,37,LOS ANGELES (37),1980,LOS ANGELES,10,October,18,18,3,Tuesday,2022,15,3:00pm-3:59pm,40,40,SEPULVEDA BLVD,NA,8,Other,2,Urban,3,Principal Arterial - Other,4,City or Municipal Highway Agency,1,This section IS ON the NHS,0,No Special Jurisdiction,99998,Not Reported,34.13759722,34.13759722,-118.482675,-118.482675,33,Curb,0,The First Harmful Event was Not a Collision with a Motor Vehicle in Transport,0,No,1,Non-Junction,1,Not an Intersection,4,On Roadside,0,None,1,Daylight,1,Clear,0,No,0000000,Not Applicable,99,Unknown,99,Unknown,99,Unknown EMS Scene Arrival Hour,99,Unknown EMS Scene Arrival Minutes,99,Unknown,99,Unknown EMS Hospital Arrival Time,1
6,California,63731,0,0,3,3,0,6,6,61,PLACER (61),3080,ROCKLIN,10,October,19,19,4,Wednesday,2022,8,8:00am-8:59am,47,47,WHITNEY RANCH PKWY,UNIVERSITY AVE,8,Other,2,Urban,4,Minor Arterial,4,City or Municipal Highway Agency,0,This section IS NOT on the NHS,0,No Special Jurisdiction,99998,Not Reported,38.83092778,38.83092778,-121.29332222,-121.29332222,12,Motor Vehicle In-Transport,6,Angle,0,No,2,Intersection,2,Four-Way Intersection,1,On Roadway,0,None,1,Daylight,1,Clear,0,No,0000000,Not Applicable,99,Unknown,99,Unknown,99,Unknown EMS Scene Arrival Hour,99,Unknown EMS Scene Arrival Minutes,99,Unknown,99,Unknown EMS Hospital Arrival Time,1
6,California,63732,0,0,1,1,0,1,1,73,SAN DIEGO (73),3260,SAN DIEGO,10,October,19,19,4,Wednesday,2022,8,8:00am-8:59am,54,54,SCRIPPS POWAY PKWY,NA,8,Other,2,Urban,3,Principal Arterial - Other,4,City or Municipal Highway Agency,1,This section IS ON the NHS,0,No Special Jurisdiction,99998,Not Reported,32.93620556,32.93620556,-117.09453889,-117.09453889,33,Curb,0,The First Harmful Event was Not a Collision with a Motor Vehicle in Transport,0,No,1,Non-Junction,1,Not an Intersection,3,On Median,0,None,1,Daylight,1,Clear,0,No,0000000,Not Applicable,99,Unknown,99,Unknown,99,Unknown EMS Scene Arrival Hour,99,Unknown EMS Scene Arrival Minutes,99,Unknown,99,Unknown EMS Hospital Arrival Time,1
6,California,63733,1,1,1,1,0,1,1,107,TULARE (107),4050,VISALIA,10,October,19,19,4,Wednesday,2022,20,8:00pm-8:59pm,48,48,SR-63 MOONEY BLVD,W TULARE AVE,3,State Highway,2,Urban,3,Principal Arterial - Other,1,State Highway Agency,1,This section IS ON the NHS,0,No Special Jurisdiction,75,75,36.32009444,36.32009444,-119.31406389,-119.31406389,8,Pedestrian,0,The First Harmful Event was Not a Collision with a Motor Vehicle in Transport,0,No,3,Intersection-Related,2,Four-Way Intersection,1,On Roadway,0,None,3,Dark - Lighted,1,Clear,0,No,0000000,Not Applicable,99,Unknown,99,Unknown,99,Unknown EMS Scene Arrival Hour,99,Unknown EMS Scene Arrival Minutes,99,Unknown,99,Unknown EMS Hospital Arrival Time,1
6,California,63734,1,1,2,2,0,3,3,37,LOS ANGELES (37),2645,PALMDALE,10,October,19,19,4,Wednesday,2022,21,9:00pm-9:59pm,13,13,AVENUE S,25TH ST E,8,Other,2,Urban,4,Minor Arterial,4,City or Municipal Highway Agency,0,This section IS NOT on the NHS,0,No Special Jurisdiction,99998,Not Reported,34.55802222,34.55802222,-118.08553889,-118.08553889,12,Motor Vehicle In-Transport,7,Sideswipe - Same Direction,0,No,3,Intersection-Related,98,Not Reported,1,On Roadway,0,None,3,Dark - Lighted,1,Clear,0,No,0000000,Not Applicable,99,Unknown,99,Unknown,99,Unknown EMS Scene Arrival Hour,99,Unknown EMS Scene Arrival Minutes,99,Unknown,99,Unknown EMS Hospital Arrival Time,1
6,California,63735,1,1,1,1,0,1,1,73,SAN DIEGO (73),3260,SAN DIEGO,10,October,19,19,4,Wednesday,2022,22,10:00pm-10:59pm,29,29,PALM AVE,16TH ST,8,Other,2,Urban,3,Principal Arterial - Other,4,City or Municipal Highway Agency,1,This section IS ON the NHS,0,No Special Jurisdiction,99998,Not Reported,32.58393889,32.58393889,-117.09976389,-117.09976389,8,Pedestrian,0,The First Harmful Event was Not a Collision with a Motor Vehicle in Transport,0,No,3,Intersection-Related,2,Four-Way Intersection,1,On Roadway,0,None,3,Dark - Lighted,1,Clear,0,No,0000000,Not Applicable,99,Unknown,99,Unknown,99,Unknown EMS Scene Arrival Hour,99,Unknown EMS Scene Arrival Minutes,99,Unknown,99,Unknown EMS Hospital Arrival Time,1
6,California,63736,0,0,2,2,0,2,2,37,LOS ANGELES (37),1980,LOS ANGELES,10,October,13,13,5,Thursday,2022,19,7:00pm-7:59pm,40,40,VENTURA BLVD,HAYVENHURST AVE,8,Other,2,Urban,3,Principal Arterial - Other,4,City or Municipal Highway Agency,1,This section IS ON the NHS,0,No Special Jurisdiction,99998,Not Reported,34.15761389,34.15761389,-118.49256111,-118.49256111,12,Motor Vehicle In-Transport,2,Front-to-Front,0,No,3,Intersection-Related,2,Four-Way Intersection,1,On Roadway,0,None,3,Dark - Lighted,1,Clear,0,No,0000000,Not Applicable,99,Unknown,99,Unknown,99,Unknown EMS Scene Arrival Hour,99,Unknown EMS Scene Arrival Minutes,99,Unknown,99,Unknown EMS Hospital Arrival Time,1
6,California,63737,0,0,1,1,0,2,2,71,SAN BERNARDINO (71),790,COLTON,10,October,15,15,7,Saturday,2022,0,0:00am-0:59am,5,5,E STEEL RD,NA,8,Other,2,Urban,7,Local,4,City or Municipal Highway Agency,0,This section IS NOT on the NHS,0,No Special Jurisdiction,99998,Not Reported,34.06115,34.06115,-117.29673333,-117.29673333,31,"Post, Pole or Other Supports",0,The First Harmful Event was Not a Collision with a Motor Vehicle in Transport,0,No,1,Non-Junction,1,Not an Intersection,4,On Roadside,0,None,3,Dark - Lighted,10,Cloudy,0,No,0000000,Not Applicable,99,Unknown,99,Unknown,99,Unknown EMS Scene Arrival Hour,99,Unknown EMS Scene Arrival Minutes,88,Not Applicable (Not Transported),88,Not Applicable (Not Transported),2