STATE,STATENAME,ST_CASE,PEDS,PERNOTMVIT,VE_TOTAL,VE_FORMS,PVH_INVL,PERSONS,PERMVIT,COUNTY,COUNTYNAME,CITY,CITYNAME,MONTH,MONTHNAME,DAY,DAYNAME,DAY_WEEK,DAY_WEEKNAME,YEAR,HOUR,HOURNAME,MINUTE,MINUTENAME,TWAY_ID,TWAY_ID2,ROUTE,ROUTENAME,RUR_URB,RUR_URBNAME,FUNC_SYS,FUNC_SYSNAME,RD_OWNER,RD_OWNERNAME,NHS,NHSNAME,SP_JUR,SP_JURNAME,MILEPT,MILEPTNAME,LATITUDE,LATITUDENAME,LONGITUD,LONGITUDNAME,HARM_EV,HARM_EVNAME,MAN_COLL,MAN_COLLNAME,RELJCT1,RELJCT1NAME,RELJCT2,RELJCT2NAME,TYP_INT,TYP_INTNAME,REL_ROAD,REL_ROADNAME,WRK_ZONE,WRK_ZONENAME,LGT_COND,LGT_CONDNAME,WEATHER,WEATHERNAME,SCH_BUS,SCH_BUSNAME,RAIL,RAILNAME,NOT_HOUR,NOT_HOURNAME,NOT_MIN,NOT_MINNAME,ARR_HOUR,ARR_HOURNAME,ARR_MIN,ARR_MINNAME,HOSP_HR,HOSP_HRNAME,HOSP_MN,HOSP_MNNAME,FATALS
6,California,63738,1,1,1,1,0,1,1,37,LOS ANGELES (37),1970,LONG BEACH,10,October,13,13,5,Thursday,2022,20,8:00pm-8:59pm,29,29,SR-1 PACIFIC COAST HIGHWAY,NA,3,State Highway,2,Urban,3,Principal Arterial - Other,1,State Highway Agency,1,This section IS ON the NHS,0,No Special Jurisdiction,99998,Not Reported,33.7899,33.7899,-118.15927222,-118.15927222,8,Pedestrian,0,The First Harmful Event was Not a Collision with a Motor Vehicle in Transport,0,No,1,Non-Junction,1,Not an Intersection,1,On Roadway,0,None,3,Dark - Lighted,1,Clear,0,No,0000000,Not Applicable,99,Unknown,99,Unknown,99,Unknown EMS Scene Arrival Hour,99,Unknown EMS Scene Arrival Minutes,99,Unknown,99,Unknown EMS Hospital Arrival Time,1
6,California,63739,0,0,2,2,0,3,3,35,LASSEN (35),0,NOT APPLICABLE,9,September,9,9,6,Friday,2022,21,9:00pm-9:59pm,4,4,US-395,NA,2,US Highway,1,Rural,3,Principal Arterial - Other,1,State Highway Agency,1,This section IS ON the NHS,0,No Special Jurisdiction,392,392,40.15818611,40.15818611,-120.32450833,-120.32450833,12,Motor Vehicle In-Transport,2,Front-to-Front,0,No,1,Non-Junction,1,Not an Intersection,1,On Roadway,0,None,2,Dark - Not Lighted,1,Clear,0,No,0000000,Not Applicable,21,9:00pm-9:59pm,4,4,99,Unknown EMS Scene Arrival Hour,99,Unknown EMS Scene Arrival Minutes,99,Unknown,99,Unknown EMS Hospital Arrival Time,1
6,California,63740,1,1,1,1,0,1,1,37,LOS ANGELES (37),3280,SAN FERNANDO,10,October,22,22,7,Saturday,2022,13,1:00pm-1:59pm,3,3,SAN FERNANDO RD,S MEYER ST,8,Other,2,Urban,7,Local,4,City or Municipal Highway Agency,0,This section IS NOT on the NHS,0,No Special Jurisdiction,99998,Not Reported,34.28991667,34.28991667,-118.44909444,-118.44909444,9,Pedalcyclist,0,The First Harmful Event was Not a Collision with a Motor Vehicle in Transport,0,No,3,Intersection-Related,2,Four-Way Intersection,1,On Roadway,0,None,1,Daylight,1,Clear,0,No,0000000,Not Applicable,13,1:00pm-1:59pm,99,Unknown,13,1:00pm-1:59pm,99,Unknown EMS Scene Arrival Minutes,88,Not Applicable (Not Transported),88,Not Applicable (Not Transported),1
6,California,63741,1,1,1,1,0,1,1,19,FRESNO (19),1370,FRESNO,10,October,20,20,5,Thursday,2022,6,6:00am-6:59am,48,48,BULLARD AVE,NA,9,Unknown,2,Urban,4,Minor Arterial,99,Unknown,0,This section IS NOT on the NHS,0,No Special Jurisdiction,99998,Not Reported,36.82306667,36.82306667,-119.74873333,-119.74873333,9,Pedalcyclist,0,The First Harmful Event was Not a Collision with a Motor Vehicle in Transport,0,No,1,Non-Junction,1,Not an Intersection,1,On Roadway,0,None,4,Dawn,1,Clear,0,No,0000000,Not Applicable,6,6:00am-6:59am,48,48,6,6:00am-6:59am,53,53,99,Unknown,99,Unknown EMS Hospital Arrival Time,1
6,California,63742,1,1,1,1,0,1,1,1,ALAMEDA (1),340,BERKELEY,10,October,20,20,5,Thursday,2022,11,11:00am-11:59am,55,55,BANCROFT WAY,SHATTUCK AVENUE,9,Unknown,2,Urban,4,Minor Arterial,99,Unknown,0,This section IS NOT on the NHS,0,No Special Jurisdiction,99998,Not Reported,37.86764722,37.86764722,-122.26755278,-122.26755278,15,Non-Motorist on Personal Conveyance,0,The First Harmful Event was Not a Collision with a Motor Vehicle in Transport,0,No,3,Intersection-Related,2,Four-Way Intersection,1,On Roadway,0,None,1,Daylight,1,Clear,0,No,0000000,Not Applicable,99,Unknown,99,Unknown,99,Unknown EMS Scene Arrival Hour,99,Unknown EMS Scene Arrival Minutes,99,Unknown,99,Unknown EMS Hospital Arrival Time,1
6,California,63743,0,0,2,2,0,5,5,71,SAN BERNARDINO (71),1305,FONTANA,10,October,22,22,7,Saturday,2022,17,5:00pm-5:59pm,43,43,BASELINE AVE,PALMETTO AVE,8,Other,2,Urban,4,Minor Arterial,4,City or Municipal Highway Agency,0,This section IS NOT on the NHS,0,No Special Jurisdiction,99998,Not Reported,34.12130833,34.12130833,-117.42727222,-117.42727222,12,Motor Vehicle In-Transport,6,Angle,0,No,2,Intersection,2,Four-Way Intersection,1,On Roadway,0,None,1,Daylight,1,Clear,0,No,0000000,Not Applicable,99,Unknown,99,Unknown,99,Unknown EMS Scene Arrival Hour,99,Unknown EMS Scene Arrival Minutes,99,Unknown,99,Unknown EMS Hospital Arrival Time,2
6,California,63744,1,1,1,1,0,1,1,71,SAN BERNARDINO (71),4040,VICTORVILLE,10,October,22,22,7,Saturday,2022,18,6:00pm-6:59pm,39,39,HESPERIA RD,NA,8,Other,2,Urban,4,Minor Arterial,4,City or Municipal Highway Agency,0,This section IS NOT on the NHS,0,No Special Jurisdiction,99998,Not Reported,34.47378056,34.47378056,-117.29164722,-117.29164722,8,Pedestrian,0,The First Harmful Event was Not a Collision with a Motor Vehicle in Transport,0,No,1,Non-Junction,1,Not an Intersection,1,On Roadway,0,None,3,Dark - Lighted,1,Clear,0,No,0000000,Not Applicable,99,Unknown,99,Unknown,99,Unknown EMS Scene Arrival Hour,99,Unknown EMS Scene Arrival Minutes,99,Unknown,99,Unknown EMS Hospital Arrival Time,1
6,California,63745,1,1,1,1,0,1,1,71,SAN BERNARDINO (71),4291,YUCCA VALLEY,10,October,23,23,1,Sunday,2022,20,8:00pm-8:59pm,48,48,SR-62 TWENTYNINE PALMS HWY,NA,3,State Highway,2,Urban,3,Principal Arterial - Other,1,State Highway Agency,1,This section IS ON the NHS,0,No Special Jurisdiction,121,121,34.12315,34.12315,-116.41531389,-116.41531389,8,Pedestrian,0,The First Harmful Event was Not a Collision with a Motor Vehicle in Transport,0,No,1,Non-Junction,1,Not an Intersection,1,On Roadway,0,None,2,Dark - Not Lighted,1,Clear,0,No,0000000,Not Applicable,20,8:00pm-8:59pm,99,Unknown,20,8:00pm-8:59pm,99,Unknown EMS Scene Arrival Minutes,20,8:00pm-8:59pm,59,59,1
6,California,63746,1,1,1,1,0,1,1,37,LOS ANGELES (37),1980,LOS ANGELES,10,October,24,24,2,Monday,2022,20,8:00pm-8:59pm,50,50,MANCHESTER AVE,VERMONT AVE,8,Other,2,Urban,3,Principal Arterial - Other,2,County Highway Agency,1,This section IS ON the NHS,0,No Special Jurisdiction,99998,Not Reported,33.960025,33.960025,-118.29232222,-118.29232222,8,Pedestrian,0,The First Harmful Event was Not a Collision with a Motor Vehicle in Transport,0,No,3,Intersection-Related,2,Four-Way Intersection,1,On Roadway,0,None,3,Dark - Lighted,1,Clear,0,No,0000000,Not Applicable,99,Unknown,99,Unknown,99,Unknown EMS Scene Arrival Hour,99,Unknown EMS Scene Arrival Minutes,88,Not Applicable (Not Transported),88,Not Applicable (Not Transported),1
6,California,63747,1,1,1,1,0,2,2,37,LOS ANGELES (37),1980,LOS ANGELES,10,October,23,23,1,Sunday,2022,19,7:00pm-7:59pm,40,40,ROSCOE BL,NA,8,Other,2,Urban,3,Principal Arterial - Other,4,City or Municipal Highway Agency,0,This section IS NOT on the NHS,0,No Special Jurisdiction,99998,Not Reported,34.22101111,34.22101111,-118.51991667,-118.51991667,8,Pedestrian,0,The First Harmful Event was Not a Collision with a Motor Vehicle in Transport,0,No,1,Non-Junction,1,Not an Intersection,1,On Roadway,0,None,3,Dark - Lighted,1,Clear,0,No,0000000,Not Applicable,99,Unknown,99,Unknown,99,Unknown EMS Scene Arrival Hour,99,Unknown EMS Scene Arrival Minutes,88,Not Applicable (Not Transported),88,Not Applicable (Not Transported),1
6,California,63748,1,1,1,1,0,1,1,71,SAN BERNARDINO (71),3210,SAN BERNARDINO,10,October,21,21,6,Friday,2022,2,2:00am-2:59am,48,48,S E ST,NA,9,Unknown,2,Urban,4,Minor Arterial,99,Unknown,0,This section IS NOT on the NHS,0,No Special Jurisdiction,99998,Not Reported,34.09255556,34.09255556,-117.29415833,-117.29415833,8,Pedestrian,0,The First Harmful Event was Not a Collision with a Motor Vehicle in Transport,0,No,1,Non-Junction,1,Not an Intersection,1,On Roadway,0,None,2,Dark - Not Lighted,1,Clear,0,No,0000000,Not Applicable,2,2:00am-2:59am,53,53,2,2:00am-2:59am,57,57,88,Not Applicable (Not Transported),88,Not Applicable (Not Transported),1
6,California,63749,0,0,1,1,0,1,1,47,MERCED (47),2150,MERCED,10,October,25,25,3,Tuesday,2022,22,10:00pm-10:59pm,42,42,G ST,NA,8,Other,2,Urban,3,Principal Arterial - Other,4,City or Municipal Highway Agency,1,This section IS ON the NHS,0,No Special Jurisdiction,99998,Not Reported,37.3097,37.3097,-120.46943333,-120.46943333,33,Curb,0,The First Harmful Event was Not a Collision with a Motor Vehicle in Transport,0,No,1,Non-Junction,1,Not an Intersection,4,On Roadside,0,None,3,Dark - Lighted,1,Clear,0,No,0000000,Not Applicable,99,Unknown,99,Unknown,99,Unknown EMS Scene Arrival Hour,99,Unknown EMS Scene Arrival Minutes,88,Not Applicable (Not Transported),88,Not Applicable (Not Transported),1
6,California,63750,0,0,4,3,1,10,10,37,LOS ANGELES (37),1980,LOS ANGELES,10,October,22,22,7,Saturday,2022,17,5:00pm-5:59pm,35,35,RESEDA BL,NA,8,Other,2,Urban,4,Minor Arterial,4,City or Municipal Highway Agency,0,This section IS NOT on the NHS,0,No Special Jurisdiction,99998,Not Reported,34.27021944,34.27021944,-118.53607222,-118.53607222,12,Motor Vehicle In-Transport,2,Front-to-Front,0,No,1,Non-Junction,1,Not an Intersection,1,On Roadway,0,None,1,Daylight,1,Clear,0,No,0000000,Not Applicable,99,Unknown,99,Unknown,99,Unknown EMS Scene Arrival Hour,99,Unknown EMS Scene Arrival Minutes,99,Unknown,99,Unknown EMS Hospital Arrival Time,2
6,California,63751,1,1,1,1,0,2,2,73,SAN DIEGO (73),2510,OCEANSIDE,5,May,14,14,7,Saturday,2022,4,4:00am-4:59am,30,30,SR-76,BENET RD,3,State Highway,2,Urban,4,Minor Arterial,1,State Highway Agency,0,This section IS NOT on the NHS,0,No Special Jurisdiction,17,17,33.21483889,33.21483889,-117.35721389,-117.35721389,8,Pedestrian,0,The First Harmful Event was Not a Collision with a Motor Vehicle in Transport,0,No,3,Intersection-Related,2,Four-Way Intersection,1,On Roadway,0,None,2,Dark - Not Lighted,1,Clear,0,No,0000000,Not Applicable,4,4:00am-4:59am,50,50,5,5:00am-5:59am,26,26,88,Not Applicable (Not Transported),88,Not Applicable (Not Transported),1
6,California,63752,1,1,1,1,0,2,2,59,ORANGE (59),972,DANA POINT,10,October,21,21,6,Friday,2022,18,6:00pm-6:59pm,45,45,SR-1 PCH,NA,3,State Highway,2,Urban,3,Principal Arterial - Other,4,City or Municipal Highway Agency,1,This section IS ON the NHS,0,No Special Jurisdiction,99998,Not Reported,33.46414444,33.46414444,-117.68431111,-117.68431111,8,Pedestrian,0,The First Harmful Event was Not a Collision with a Motor Vehicle in Transport,0,No,1,Non-Junction,1,Not an Intersection,1,On Roadway,0,None,3,Dark - Lighted,1,Clear,0,No,0000000,Not Applicable,99,Unknown,99,Unknown,99,Unknown EMS Scene Arrival Hour,99,Unknown EMS Scene Arrival Minutes,0,0:00am-0:59am,0,0,1
6,California,63753,1,1,1,1,0,1,1,83,SANTA BARBARA (83),1445,GOLETA,10,October,21,21,6,Friday,2022,15,3:00pm-3:59pm,54,54,US-101,GLEN ANNIE RD,2,US Highway,2,Urban,2,Principal Arterial - Other Freeways and Expressways,1,State Highway Agency,1,This section IS ON the NHS,0,No Special Jurisdiction,247,247,34.43454167,34.43454167,-119.870875,-119.870875,9,Pedalcyclist,0,The First Harmful Event was Not a Collision with a Motor Vehicle in Transport,1,Yes,2,Intersection,2,Four-Way Intersection,1,On Roadway,0,None,1,Daylight,10,Cloudy,0,No,0000000,Not Applicable,99,Unknown,99,Unknown,99,Unknown EMS Scene Arrival Hour,99,Unknown EMS Scene Arrival Minutes,99,Unknown,99,Unknown EMS Hospital Arrival Time,1
6,California,63754,1,1,1,1,0,1,1,23,HUMBOLDT (23),130,ARCATA,10,October,26,26,4,Wednesday,2022,5,5:00am-5:59am,53,53,VALLEY WEST BLVD,NA,8,Other,2,Urban,5,Major Collector,4,City or Municipal Highway Agency,0,This section IS NOT on the NHS,0,No Special Jurisdiction,99998,Not Reported,40.90369444,40.90369444,-124.08299167,-124.08299167,8,Pedestrian,0,The First Harmful Event was Not a Collision with a Motor Vehicle in Transport,0,No,1,Non-Junction,1,Not an Intersection,1,On Roadway,0,None,3,Dark - Lighted,10,Cloudy,0,No,0000000,Not Applicable,99,Unknown,99,Unknown,99,Unknown EMS Scene Arrival Hour,99,Unknown EMS Scene Arrival Minutes,99,Unknown,99,Unknown EMS Hospital Arrival Time,1
6,California,63755,0,0,2,2,0,3,3,73,SAN DIEGO (73),3260,SAN DIEGO,10,October,25,25,3,Tuesday,2022,0,0:00am-0:59am,3,3,NORTH HARBOR DR,SPANISH LANDING,8,Other,2,Urban,3,Principal Arterial - Other,4,City or Municipal Highway Agency,1,This section IS ON the NHS,0,No Special Jurisdiction,99998,Not Reported,32.72949167,32.72949167,-117.20454167,-117.20454167,12,Motor Vehicle In-Transport,6,Angle,0,No,2,Intersection,2,Four-Way Intersection,1,On Roadway,0,None,3,Dark - Lighted,1,Clear,0,No,0000000,Not Applicable,0,0:00am-0:59am,99,Unknown,0,0:00am-0:59am,99,Unknown EMS Scene Arrival Minutes,99,Unknown,99,Unknown EMS Hospital Arrival Time,1
6,California,63756,1,1,1,1,0,1,1,37,LOS ANGELES (37),1980,LOS ANGELES,10,October,25,25,3,Tuesday,2022,4,4:00am-4:59am,27,27,VALLEY CIRCLE BLVD,NA,8,Other,2,Urban,3,Principal Arterial - Other,4,City or Municipal Highway Agency,1,This section IS ON the NHS,0,No Special Jurisdiction,99998,Not Reported,34.17733611,34.17733611,-118.65301944,-118.65301944,8,Pedestrian,0,The First Harmful Event was Not a Collision with a Motor Vehicle in Transport,0,No,1,Non-Junction,1,Not an Intersection,1,On Roadway,0,None,2,Dark - Not Lighted,1,Clear,0,No,0000000,Not Applicable,4,4:00am-4:59am,99,Unknown,4,4:00am-4:59am,99,Unknown EMS Scene Arrival Minutes,88,Not Applicable (Not Transported),88,Not Applicable (Not Transported),1
6,California,63757,0,0,2,2,0,2,2,37,LOS ANGELES (37),1980,LOS ANGELES,10,October,25,25,3,Tuesday,2022,8,8:00am-8:59am,40,40,S HOOVER ST,W 28TH ST,8,Other,2,Urban,7,Local,4,City or Municipal Highway Agency,0,This section IS NOT on the NHS,0,No Special Jurisdiction,99998,Not Reported,34.02936389,34.02936389,-118.28418889,-118.28418889,12,Motor Vehicle In-Transport,6,Angle,0,No,3,Intersection-Related,3,T-Intersection,1,On Roadway,0,None,1,Daylight,1,Clear,0,No,0000000,Not Applicable,8,8:00am-8:59am,99,Unknown,99,Unknown EMS Scene Arrival Hour,99,Unknown EMS Scene Arrival Minutes,99,Unknown,99,Unknown EMS Hospital Arrival Time,1
6,California,63758,0,0,2,2,0,2,2,37,LOS ANGELES (37),1980,LOS ANGELES,10,October,21,21,6,Friday,2022,6,6:00am-6:59am,50,50,LAUREL CANYON BL,OXNARD ST,8,Other,2,Urban,3,Principal Arterial - Other,4,City or Municipal Highway Agency,1,This section IS ON the NHS,0,No Special Jurisdiction,99998,Not Reported,34.17942222,34.17942222,-118.39653056,-118.39653056,1,Rollover/Overturn,0,The First Harmful Event was Not a Collision with a Motor Vehicle in Transport,0,No,2,Intersection,4,Y-Intersection,1,On Roadway,0,None,4,Dawn,1,Clear,0,No,0000000,Not Applicable,99,Unknown,99,Unknown,99,Unknown EMS Scene Arrival Hour,99,Unknown EMS Scene Arrival Minutes,99,Unknown,99,Unknown EMS Hospital Arrival Time,1
6,California,63759,1,1,1,1,0,1,1,75,SAN FRANCISCO (75),3290,SAN FRANCISCO,10,October,22,22,7,Saturday,2022,12,12:00pm-12:59pm,40,40,SR-1 19TH AV,BUCKINGHAM WY,3,State Highway,2,Urban,3,Principal Arterial - Other,1,State Highway Agency,1,This section IS ON the NHS,0,No Special Jurisdiction,15,15,37.72906111,37.72906111,-122.475025,-122.475025,8,Pedestrian,0,The First Harmful Event was Not a Collision with a Motor Vehicle in Transport,0,No,3,Intersection-Related,3,T-Intersection,1,On Roadway,0,None,1,Daylight,1,Clear,0,No,0000000,Not Applicable,99,Unknown,99,Unknown,99,Unknown EMS Scene Arrival Hour,99,Unknown EMS Scene Arrival Minutes,99,Unknown,99,Unknown EMS Hospital Arrival Time,1
6,California,63760,2,2,5,2,3,2,2,75,SAN FRANCISCO (75),3290,SAN FRANCISCO,10,October,24,24,2,Monday,2022,10,10:00am-10:59am,40,40,SANTIAGO ST,24TH ST,9,Unknown,2,Urban,7,Local,4,City or Municipal Highway Agency,0,This section IS NOT on the NHS,0,No Special Jurisdiction,99998,Not Reported,37.74470278,37.74470278,-122.48109444,-122.48109444,8,Pedestrian,0,The First Harmful Event was Not a Collision with a Motor Vehicle in Transport,1,Yes,3,Intersection-Related,2,Four-Way Intersection,1,On Roadway,0,None,1,Daylight,1,Clear,0,No,0000000,Not Applicable,10,10:00am-10:59am,99,Unknown,10,10:00am-10:59am,99,Unknown EMS Scene Arrival Minutes,99,Unknown,99,Unknown EMS Hospital Arrival Time,1
6,California,63761,0,0,2,2,0,3,3,47,MERCED (47),2150,MERCED,10,October,26,26,4,Wednesday,2022,13,1:00pm-1:59pm,35,35,M ST,BUENA VISTA DR,8,Other,2,Urban,4,Minor Arterial,4,City or Municipal Highway Agency,0,This section IS NOT on the NHS,0,No Special Jurisdiction,99998,Not Reported,37.32695,37.32695,-120.47858056,-120.47858056,12,Motor Vehicle In-Transport,6,Angle,0,No,2,Intersection,2,Four-Way Intersection,1,On Roadway,0,None,1,Daylight,1,Clear,0,No,0000000,Not Applicable,13,1:00pm-1:59pm,99,Unknown,13,1:00pm-1:59pm,99,Unknown EMS Scene Arrival Minutes,99,Unknown,99,Unknown EMS Hospital Arrival Time,1
6,California,63762,0,0,1,1,0,2,2,7,BUTTE (7),2600,OROVILLE,10,October,22,22,7,Saturday,2022,1,1:00am-1:59am,14,14,LARKIN RD,OROVILLE DAM BL W,8,Other,2,Urban,3,Principal Arterial - Other,98,Not Reported,1,This section IS ON the NHS,0,No Special Jurisdiction,99998,Not Reported,39.498075,39.498075,-121.60914444,-121.60914444,1,Rollover/Overturn,0,The First Harmful Event was Not a Collision with a Motor Vehicle in Transport,0,No,3,Intersection-Related,2,Four-Way Intersection,2,On Shoulder,0,None,2,Dark - Not Lighted,1,Clear,0,No,0000000,Not Applicable,99,Unknown,99,Unknown,99,Unknown EMS Scene Arrival Hour,99,Unknown EMS Scene Arrival Minutes,99,Unknown,99,Unknown EMS Hospital Arrival Time,1
6,California,63763,1,1,1,1,0,1,1,29,KERN (29),3840,TEHACHAPI,10,October,24,24,2,Monday,2022,15,3:00pm-3:59pm,50,50,TUCKER RD,NA,8,Other,2,Urban,3,Principal Arterial - Other,1,State Highway Agency,1,This section IS ON the NHS,0,No Special Jurisdiction,99998,Not Reported,35.12720833,35.12720833,-118.46762778,-118.46762778,9,Pedalcyclist,0,The First Harmful Event was Not a Collision with a Motor Vehicle in Transport,0,No,4,Driveway Access,1,Not an Intersection,1,On Roadway,0,None,1,Daylight,1,Clear,0,No,0000000,Not Applicable,99,Unknown,99,Unknown,99,Unknown EMS Scene Arrival Hour,99,Unknown EMS Scene Arrival Minutes,99,Unknown,99,Unknown EMS Hospital Arrival Time,1
6,California,63764,1,1,1,1,0,1,1,67,SACRAMENTO (67),3150,SACRAMENTO,10,October,27,27,5,Thursday,2022,5,5:00am-5:59am,55,55,FRUITRIDGE RD,NA,8,Other,2,Urban,3,Principal Arterial - Other,4,City or Municipal Highway Agency,1,This section IS ON the NHS,0,No Special Jurisdiction,99998,Not Reported,38.52500833,38.52500833,-121.41026667,-121.41026667,8,Pedestrian,0,The First Harmful Event was Not a Collision with a Motor Vehicle in Transport,0,No,1,Non-Junction,1,Not an Intersection,1,On Roadway,0,None,3,Dark - Lighted,1,Clear,0,No,0000000,Not Applicable,5,5:00am-5:59am,55,55,6,6:00am-6:59am,6,6,99,Unknown,99,Unknown EMS Hospital Arrival Time,1
6,California,63765,1,1,1,1,0,1,1,19,FRESNO (19),1370,FRESNO,10,October,27,27,5,Thursday,2022,9,9:00am-9:59am,21,21,PERRIN AVE,FOXHILL DR,8,Other,2,Urban,5,Major Collector,4,City or Municipal Highway Agency,0,This section IS NOT on the NHS,0,No Special Jurisdiction,99998,Not Reported,36.86896389,36.86896389,-119.7684,-119.7684,8,Pedestrian,0,The First Harmful Event was Not a Collision with a Motor Vehicle in Transport,0,No,3,Intersection-Related,2,Four-Way Intersection,1,On Roadway,0,None,1,Daylight,1,Clear,0,No,0000000,Not Applicable,99,Unknown,99,Unknown,99,Unknown EMS Scene Arrival Hour,99,Unknown EMS Scene Arrival Minutes,99,Unknown,99,Unknown EMS Hospital Arrival Time,1
6,California,63766,1,1,1,1,0,1,1,37,LOS ANGELES (37),1970,LONG BEACH,10,October,27,27,5,Thursday,2022,18,6:00pm-6:59pm,30,30,SR-1 E PACIFIC COAST HWY,NA,3,State Highway,2,Urban,3,Principal Arterial - Other,1,State Highway Agency,1,This section IS ON the NHS,0,No Special Jurisdiction,99998,Not Reported,33.77233889,33.77233889,-118.11909167,-118.11909167,8,Pedestrian,0,The First Harmful Event was Not a Collision with a Motor Vehicle in Transport,0,No,1,Non-Junction,1,Not an Intersection,1,On Roadway,0,None,3,Dark - Lighted,1,Clear,0,No,0000000,Not Applicable,99,Unknown,99,Unknown,99,Unknown EMS Scene Arrival Hour,99,Unknown EMS Scene Arrival Minutes,99,Unknown,99,Unknown EMS Hospital Arrival Time,1
6,California,63767,1,1,1,1,0,1,1,87,SANTA CRUZ (87),3450,SANTA CRUZ,10,October,27,27,5,Thursday,2022,18,6:00pm-6:59pm,44,44,OCEAN ST,NA,8,Other,2,Urban,3,Principal Arterial - Other,4,City or Municipal Highway Agency,1,This section IS ON the NHS,0,No Special Jurisdiction,99998,Not Reported,36.98183889,36.98183889,-122.02224722,-122.02224722,8,Pedestrian,0,The First Harmful Event was Not a Collision with a Motor Vehicle in Transport,0,No,1,Non-Junction,1,Not an Intersection,1,On Roadway,0,None,3,Dark - Lighted,1,Clear,0,No,0000000,Not Applicable,99,Unknown,99,Unknown,99,Unknown EMS Scene Arrival Hour,99,Unknown EMS Scene Arrival Minutes,99,Unknown,99,Unknown EMS Hospital Arrival Time,1
6,California,63768,0,0,2,1,1,1,1,59,ORANGE (59),470,BUENA PARK,10,October,28,28,6,Friday,2022,19,7:00pm-7:59pm,37,37,COMMONWEALTH AVE,NA,9,Unknown,2,Urban,4,Minor Arterial,99,Unknown,0,This section IS NOT on the NHS,0,No Special Jurisdiction,99998,Not Reported,33.86980556,33.86980556,-117.9927,-117.9927,14,Parked Motor Vehicle,0,The First Harmful Event was Not a Collision with a Motor Vehicle in Transport,0,No,1,Non-Junction,1,Not an Intersection,7,In Parking Lane/Zone,0,None,2,Dark - Not Lighted,1,Clear,0,No,0000000,Not Applicable,19,7:00pm-7:59pm,37,37,99,Unknown EMS Scene Arrival Hour,99,Unknown EMS Scene Arrival Minutes,99,Unknown,99,Unknown EMS Hospital Arrival Time,1
6,California,63769,1,1,1,1,0,3,3,67,SACRAMENTO (67),3150,SACRAMENTO,10,October,27,27,5,Thursday,2022,19,7:00pm-7:59pm,22,22,MEADOWVIEW RD,NA,8,Other,2,Urban,3,Principal Arterial - Other,4,City or Municipal Highway Agency,1,This section IS ON the NHS,0,No Special Jurisdiction,99998,Not Reported,38.481425,38.481425,-121.49709167,-121.49709167,8,Pedestrian,0,The First Harmful Event was Not a Collision with a Motor Vehicle in Transport,0,No,1,Non-Junction,1,Not an Intersection,1,On Roadway,0,None,3,Dark - Lighted,1,Clear,0,No,0000000,Not Applicable,19,7:00pm-7:59pm,99,Unknown,19,7:00pm-7:59pm,99,Unknown EMS Scene Arrival Minutes,88,Not Applicable (Not Transported),88,Not Applicable (Not Transported),1
6,California,63770,1,1,1,1,0,1,1,59,ORANGE (59),1713,EAST IRVINE,10,October,27,27,5,Thursday,2022,20,8:00pm-8:59pm,5,5,CREEK RD,NA,8,Other,2,Urban,7,Local,4,City or Municipal Highway Agency,0,This section IS NOT on the NHS,0,No Special Jurisdiction,99998,Not Reported,33.67430278,33.67430278,-117.79951667,-117.79951667,15,Non-Motorist on Personal Conveyance,0,The First Harmful Event was Not a Collision with a Motor Vehicle in Transport,0,No,4,Driveway Access,1,Not an Intersection,1,On Roadway,0,None,3,Dark - Lighted,1,Clear,0,No,0000000,Not Applicable,20,8:00pm-8:59pm,99,Unknown,20,8:00pm-8:59pm,99,Unknown EMS Scene Arrival Minutes,20,8:00pm-8:59pm,99,Unknown EMS Hospital Arrival Time,1
6,California,63771,0,0,1,1,0,1,1,81,SAN MATEO (81),3220,SAN BRUNO,2,February,25,25,6,Friday,2022,8,8:00am-8:59am,0,0,SCOTT ST,NA,9,Unknown,2,Urban,7,Local,98,Not Reported,0,This section IS NOT on the NHS,0,No Special Jurisdiction,99998,Not Reported,37.63717222,37.63717222,-122.41306944,-122.41306944,46,Traffic Signal Support,0,The First Harmful Event was Not a Collision with a Motor Vehicle in Transport,0,No,6,Railway Grade Crossing,1,Not an Intersection,1,On Roadway,0,None,1,Daylight,98,Not Reported,0,No,754867B,754867B,99,Unknown,99,Unknown,99,Unknown EMS Scene Arrival Hour,99,Unknown EMS Scene Arrival Minutes,88,Not Applicable (Not Transported),88,Not Applicable (Not Transported),1
6,California,63772,0,0,1,1,0,1,1,37,LOS ANGELES (37),2645,PALMDALE,10,October,27,27,5,Thursday,2022,21,9:00pm-9:59pm,35,35,AVENUE T,NA,8,Other,2,Urban,4,Minor Arterial,4,City or Municipal Highway Agency,0,This section IS NOT on the NHS,0,No Special Jurisdiction,99998,Not Reported,34.54270833,34.54270833,-118.00401389,-118.00401389,30,Utility Pole/Light Support,0,The First Harmful Event was Not a Collision with a Motor Vehicle in Transport,0,No,1,Non-Junction,1,Not an Intersection,4,On Roadside,0,None,3,Dark - Lighted,1,Clear,0,No,0000000,Not Applicable,99,Unknown,99,Unknown,99,Unknown EMS Scene Arrival Hour,99,Unknown EMS Scene Arrival Minutes,88,Not Applicable (Not Transported),88,Not Applicable (Not Transported),1