STATE,STATENAME,ST_CASE,PEDS,PERNOTMVIT,VE_TOTAL,VE_FORMS,PVH_INVL,PERSONS,PERMVIT,COUNTY,COUNTYNAME,CITY,CITYNAME,MONTH,MONTHNAME,DAY,DAYNAME,DAY_WEEK,DAY_WEEKNAME,YEAR,HOUR,HOURNAME,MINUTE,MINUTENAME,TWAY_ID,TWAY_ID2,ROUTE,ROUTENAME,RUR_URB,RUR_URBNAME,FUNC_SYS,FUNC_SYSNAME,RD_OWNER,RD_OWNERNAME,NHS,NHSNAME,SP_JUR,SP_JURNAME,MILEPT,MILEPTNAME,LATITUDE,LATITUDENAME,LONGITUD,LONGITUDNAME,HARM_EV,HARM_EVNAME,MAN_COLL,MAN_COLLNAME,RELJCT1,RELJCT1NAME,RELJCT2,RELJCT2NAME,TYP_INT,TYP_INTNAME,REL_ROAD,REL_ROADNAME,WRK_ZONE,WRK_ZONENAME,LGT_COND,LGT_CONDNAME,WEATHER,WEATHERNAME,SCH_BUS,SCH_BUSNAME,RAIL,RAILNAME,NOT_HOUR,NOT_HOURNAME,NOT_MIN,NOT_MINNAME,ARR_HOUR,ARR_HOURNAME,ARR_MIN,ARR_MINNAME,HOSP_HR,HOSP_HRNAME,HOSP_MN,HOSP_MNNAME,FATALS
6,California,63808,1,1,1,1,0,1,1,73,SAN DIEGO (73),3260,SAN DIEGO,11,November,10,10,5,Thursday,2022,21,9:00pm-9:59pm,45,45,INGRAHAM ST,NA,8,Other,2,Urban,3,Principal Arterial - Other,4,City or Municipal Highway Agency,1,This section IS ON the NHS,0,No Special Jurisdiction,99998,Not Reported,32.78847778,32.78847778,-117.23744444,-117.23744444,8,Pedestrian,0,The First Harmful Event was Not a Collision with a Motor Vehicle in Transport,0,No,1,Non-Junction,1,Not an Intersection,1,On Roadway,0,None,3,Dark - Lighted,1,Clear,0,No,0000000,Not Applicable,99,Unknown,99,Unknown,99,Unknown EMS Scene Arrival Hour,99,Unknown EMS Scene Arrival Minutes,99,Unknown,99,Unknown EMS Hospital Arrival Time,1
6,California,63809,1,1,1,1,0,3,3,107,TULARE (107),3920,TULARE,11,November,6,6,1,Sunday,2022,16,4:00pm-4:59pm,47,47,SR-137 W INYO AVE,I ST,3,State Highway,2,Urban,3,Principal Arterial - Other,1,State Highway Agency,1,This section IS ON the NHS,0,No Special Jurisdiction,99998,Not Reported,36.20504444,36.20504444,-119.34870278,-119.34870278,9,Pedalcyclist,0,The First Harmful Event was Not a Collision with a Motor Vehicle in Transport,0,No,2,Intersection,2,Four-Way Intersection,1,On Roadway,0,None,1,Daylight,1,Clear,0,No,0000000,Not Applicable,16,4:00pm-4:59pm,99,Unknown,99,Unknown EMS Scene Arrival Hour,99,Unknown EMS Scene Arrival Minutes,99,Unknown,99,Unknown EMS Hospital Arrival Time,1
6,California,63810,0,0,3,3,0,5,5,59,ORANGE (59),1410,GARDEN GROVE,11,November,11,11,6,Friday,2022,0,0:00am-0:59am,43,43,GARDEN GROVE BLVD,MAGNOLIA ST,8,Other,2,Urban,3,Principal Arterial - Other,4,City or Municipal Highway Agency,1,This section IS ON the NHS,0,No Special Jurisdiction,99998,Not Reported,33.77395833,33.77395833,-117.97516389,-117.97516389,12,Motor Vehicle In-Transport,6,Angle,0,No,2,Intersection,98,Not Reported,1,On Roadway,0,None,3,Dark - Lighted,1,Clear,0,No,0000000,Not Applicable,99,Unknown,99,Unknown,99,Unknown EMS Scene Arrival Hour,99,Unknown EMS Scene Arrival Minutes,99,Unknown,99,Unknown EMS Hospital Arrival Time,1
6,California,63811,1,1,1,1,0,1,1,73,SAN DIEGO (73),3260,SAN DIEGO,11,November,11,11,6,Friday,2022,7,7:00am-7:59am,30,30,CAPRICORN WY,POLARIS DR,8,Other,2,Urban,5,Major Collector,4,City or Municipal Highway Agency,0,This section IS NOT on the NHS,0,No Special Jurisdiction,99998,Not Reported,32.92489722,32.92489722,-117.13068611,-117.13068611,8,Pedestrian,0,The First Harmful Event was Not a Collision with a Motor Vehicle in Transport,0,No,3,Intersection-Related,2,Four-Way Intersection,1,On Roadway,0,None,1,Daylight,1,Clear,0,No,0000000,Not Applicable,99,Unknown,99,Unknown,99,Unknown EMS Scene Arrival Hour,99,Unknown EMS Scene Arrival Minutes,88,Not Applicable (Not Transported),88,Not Applicable (Not Transported),1
6,California,63812,1,1,1,1,0,2,2,37,LOS ANGELES (37),30,ALHAMBRA,11,November,11,11,6,Friday,2022,7,7:00am-7:59am,50,50,VALLEY BLVD,MARENGO AVE,8,Other,2,Urban,3,Principal Arterial - Other,4,City or Municipal Highway Agency,1,This section IS ON the NHS,0,No Special Jurisdiction,99998,Not Reported,34.07733056,34.07733056,-118.14192778,-118.14192778,8,Pedestrian,0,The First Harmful Event was Not a Collision with a Motor Vehicle in Transport,0,No,3,Intersection-Related,2,Four-Way Intersection,1,On Roadway,0,None,1,Daylight,10,Cloudy,0,No,0000000,Not Applicable,99,Unknown,99,Unknown,99,Unknown EMS Scene Arrival Hour,99,Unknown EMS Scene Arrival Minutes,88,Not Applicable (Not Transported),88,Not Applicable (Not Transported),1
6,California,63813,0,0,1,1,0,1,1,71,SAN BERNARDINO (71),3970,TWENTYNINE PALMS,11,November,12,12,7,Saturday,2022,14,2:00pm-2:59pm,13,13,ADOBE RD,NA,8,Other,2,Urban,3,Principal Arterial - Other,4,City or Municipal Highway Agency,1,This section IS ON the NHS,0,No Special Jurisdiction,99998,Not Reported,34.15054722,34.15054722,-116.05406667,-116.05406667,1,Rollover/Overturn,0,The First Harmful Event was Not a Collision with a Motor Vehicle in Transport,0,No,1,Non-Junction,1,Not an Intersection,4,On Roadside,0,None,1,Daylight,1,Clear,0,No,0000000,Not Applicable,99,Unknown,99,Unknown,99,Unknown EMS Scene Arrival Hour,99,Unknown EMS Scene Arrival Minutes,88,Not Applicable (Not Transported),88,Not Applicable (Not Transported),1
6,California,63814,1,1,1,1,0,1,1,37,LOS ANGELES (37),1980,LOS ANGELES,11,November,14,14,2,Monday,2022,5,5:00am-5:59am,53,53,3RD ST,NA,8,Other,2,Urban,4,Minor Arterial,4,City or Municipal Highway Agency,0,This section IS NOT on the NHS,0,No Special Jurisdiction,99998,Not Reported,34.06889722,34.06889722,-118.30842778,-118.30842778,8,Pedestrian,0,The First Harmful Event was Not a Collision with a Motor Vehicle in Transport,0,No,1,Non-Junction,1,Not an Intersection,1,On Roadway,0,None,4,Dawn,1,Clear,0,No,0000000,Not Applicable,99,Unknown,99,Unknown,99,Unknown EMS Scene Arrival Hour,99,Unknown EMS Scene Arrival Minutes,99,Unknown,99,Unknown EMS Hospital Arrival Time,1
6,California,63815,1,1,1,1,0,1,1,71,SAN BERNARDINO (71),1305,FONTANA,11,November,2,2,4,Wednesday,2022,19,7:00pm-7:59pm,12,12,MERRILL AVE,WHEELER AVE,9,Unknown,2,Urban,4,Minor Arterial,99,Unknown,0,This section IS NOT on the NHS,0,No Special Jurisdiction,99998,Not Reported,34.09214167,34.09214167,-117.43463889,-117.43463889,8,Pedestrian,0,The First Harmful Event was Not a Collision with a Motor Vehicle in Transport,0,No,2,Intersection,3,T-Intersection,1,On Roadway,0,None,3,Dark - Lighted,1,Clear,0,No,0000000,Not Applicable,19,7:00pm-7:59pm,12,12,99,Unknown EMS Scene Arrival Hour,99,Unknown EMS Scene Arrival Minutes,99,Unknown,99,Unknown EMS Hospital Arrival Time,1
6,California,63816,1,1,1,1,0,1,1,37,LOS ANGELES (37),1980,LOS ANGELES,9,September,26,26,2,Monday,2022,6,6:00am-6:59am,15,15,VERMONT AVE,NA,8,Other,2,Urban,3,Principal Arterial - Other,4,City or Municipal Highway Agency,1,This section IS ON the NHS,0,No Special Jurisdiction,99998,Not Reported,34.07230278,34.07230278,-118.29168056,-118.29168056,8,Pedestrian,0,The First Harmful Event was Not a Collision with a Motor Vehicle in Transport,0,No,1,Non-Junction,1,Not an Intersection,1,On Roadway,0,None,1,Daylight,1,Clear,0,No,0000000,Not Applicable,99,Unknown,99,Unknown,99,Unknown EMS Scene Arrival Hour,99,Unknown EMS Scene Arrival Minutes,88,Not Applicable (Not Transported),88,Not Applicable (Not Transported),1
6,California,63817,0,0,2,2,0,2,2,59,ORANGE (59),0,NOT APPLICABLE,11,November,23,23,4,Wednesday,2022,0,0:00am-0:59am,18,18,CR-BREA BLVD,NA,4,County Road,2,Urban,4,Minor Arterial,2,County Highway Agency,0,This section IS NOT on the NHS,0,No Special Jurisdiction,99998,Not Reported,33.94076111,33.94076111,-117.87938333,-117.87938333,12,Motor Vehicle In-Transport,11,Other,0,No,1,Non-Junction,1,Not an Intersection,1,On Roadway,0,None,3,Dark - Lighted,1,Clear,0,No,0000000,Not Applicable,0,0:00am-0:59am,20,20,99,Unknown EMS Scene Arrival Hour,99,Unknown EMS Scene Arrival Minutes,99,Unknown,99,Unknown EMS Hospital Arrival Time,1
6,California,63818,0,0,1,1,0,1,1,59,ORANGE (59),2199,MISSION VIEJO,11,November,9,9,4,Wednesday,2022,7,7:00am-7:59am,38,38,MARGUERITE PKWY,NA,8,Other,2,Urban,3,Principal Arterial - Other,4,City or Municipal Highway Agency,1,This section IS ON the NHS,0,No Special Jurisdiction,99998,Not Reported,33.5507,33.5507,-117.67080833,-117.67080833,33,Curb,0,The First Harmful Event was Not a Collision with a Motor Vehicle in Transport,0,No,1,Non-Junction,1,Not an Intersection,4,On Roadside,0,None,1,Daylight,10,Cloudy,0,No,0000000,Not Applicable,99,Unknown,99,Unknown,99,Unknown EMS Scene Arrival Hour,99,Unknown EMS Scene Arrival Minutes,88,Not Applicable (Not Transported),88,Not Applicable (Not Transported),1
6,California,63819,0,0,1,1,0,1,1,73,SAN DIEGO (73),710,CHULA VISTA,11,November,8,8,3,Tuesday,2022,99,Unknown Hours,99,Unknown Minutes,TELEGRAPH CANYON RD,NA,8,Other,2,Urban,4,Minor Arterial,4,City or Municipal Highway Agency,0,This section IS NOT on the NHS,0,No Special Jurisdiction,99998,Not Reported,32.62384444,32.62384444,-117.02309722,-117.02309722,33,Curb,0,The First Harmful Event was Not a Collision with a Motor Vehicle in Transport,0,No,1,Non-Junction,1,Not an Intersection,4,On Roadside,0,None,3,Dark - Lighted,2,Rain,0,No,0000000,Not Applicable,99,Unknown,99,Unknown,99,Unknown EMS Scene Arrival Hour,99,Unknown EMS Scene Arrival Minutes,88,Not Applicable (Not Transported),88,Not Applicable (Not Transported),1
6,California,63820,1,1,1,1,0,3,3,71,SAN BERNARDINO (71),1603,HESPERIA,11,November,6,6,1,Sunday,2022,22,10:00pm-10:59pm,29,29,COTTONWOOD AVE,NA,8,Other,2,Urban,4,Minor Arterial,4,City or Municipal Highway Agency,0,This section IS NOT on the NHS,0,No Special Jurisdiction,99998,Not Reported,34.42932222,34.42932222,-117.3384,-117.3384,8,Pedestrian,0,The First Harmful Event was Not a Collision with a Motor Vehicle in Transport,0,No,1,Non-Junction,1,Not an Intersection,1,On Roadway,0,None,2,Dark - Not Lighted,1,Clear,0,No,0000000,Not Applicable,22,10:00pm-10:59pm,99,Unknown,22,10:00pm-10:59pm,99,Unknown EMS Scene Arrival Minutes,88,Not Applicable (Not Transported),88,Not Applicable (Not Transported),1
6,California,63821,0,0,2,2,0,4,4,71,SAN BERNARDINO (71),4040,VICTORVILLE,11,November,4,4,6,Friday,2022,5,5:00am-5:59am,2,2,AMARGOSA RD,NA,8,Other,2,Urban,4,Minor Arterial,4,City or Municipal Highway Agency,0,This section IS NOT on the NHS,0,No Special Jurisdiction,99998,Not Reported,34.44543056,34.44543056,-117.3662,-117.3662,12,Motor Vehicle In-Transport,6,Angle,0,No,1,Non-Junction,1,Not an Intersection,1,On Roadway,0,None,2,Dark - Not Lighted,1,Clear,0,No,0000000,Not Applicable,99,Unknown,99,Unknown,99,Unknown EMS Scene Arrival Hour,99,Unknown EMS Scene Arrival Minutes,99,Unknown,99,Unknown EMS Hospital Arrival Time,1
6,California,63822,0,0,2,2,0,7,7,81,SAN MATEO (81),2980,REDWOOD CITY,11,November,4,4,6,Friday,2022,19,7:00pm-7:59pm,50,50,SR-82 EL CAMINO REAL,FINGER ST,3,State Highway,2,Urban,3,Principal Arterial - Other,1,State Highway Agency,1,This section IS ON the NHS,0,No Special Jurisdiction,50,50,37.49309167,37.49309167,-122.24373056,-122.24373056,12,Motor Vehicle In-Transport,6,Angle,0,No,2,Intersection,3,T-Intersection,1,On Roadway,0,None,3,Dark - Lighted,1,Clear,0,No,0000000,Not Applicable,99,Unknown,99,Unknown,99,Unknown EMS Scene Arrival Hour,99,Unknown EMS Scene Arrival Minutes,99,Unknown,99,Unknown EMS Hospital Arrival Time,2
6,California,63823,0,0,1,1,0,1,1,71,SAN BERNARDINO (71),3000,RIALTO,2,February,12,12,7,Saturday,2022,1,1:00am-1:59am,2,2,N SYCAMORE AVE,E SAN BERNARDINO AVE,6,Local Street - Municipality,2,Urban,5,Major Collector,4,City or Municipal Highway Agency,0,This section IS NOT on the NHS,0,No Special Jurisdiction,99998,Not Reported,34.077675,34.077675,-117.36591667,-117.36591667,43,Other Fixed Object,0,The First Harmful Event was Not a Collision with a Motor Vehicle in Transport,0,No,3,Intersection-Related,3,T-Intersection,4,On Roadside,0,None,6,Dark - Unknown Lighting,98,Not Reported,0,No,0000000,Not Applicable,99,Unknown,98,Unknown if Notified,99,Unknown EMS Scene Arrival Hour,98,Unknown if Arrived,88,Not Applicable (Not Transported),88,Not Applicable (Not Transported),1
6,California,63824,1,1,1,1,0,1,1,31,KINGS (31),1540,HANFORD,11,November,4,4,6,Friday,2022,21,9:00pm-9:59pm,40,40,10TH AV,LACEY BL,8,Other,2,Urban,3,Principal Arterial - Other,4,City or Municipal Highway Agency,1,This section IS ON the NHS,0,No Special Jurisdiction,99998,Not Reported,36.328,36.328,-119.63684444,-119.63684444,15,Non-Motorist on Personal Conveyance,0,The First Harmful Event was Not a Collision with a Motor Vehicle in Transport,0,No,3,Intersection-Related,2,Four-Way Intersection,1,On Roadway,0,None,3,Dark - Lighted,1,Clear,0,No,0000000,Not Applicable,99,Unknown,99,Unknown,99,Unknown EMS Scene Arrival Hour,99,Unknown EMS Scene Arrival Minutes,88,Not Applicable (Not Transported),88,Not Applicable (Not Transported),1
6,California,63825,0,0,1,1,0,1,1,73,SAN DIEGO (73),3260,SAN DIEGO,11,November,4,4,6,Friday,2022,22,10:00pm-10:59pm,52,52,SCRIPPS POWAY PKWY,NA,8,Other,2,Urban,3,Principal Arterial - Other,4,City or Municipal Highway Agency,1,This section IS ON the NHS,0,No Special Jurisdiction,99998,Not Reported,32.93427222,32.93427222,-117.081925,-117.081925,33,Curb,0,The First Harmful Event was Not a Collision with a Motor Vehicle in Transport,0,No,1,Non-Junction,1,Not an Intersection,4,On Roadside,0,None,3,Dark - Lighted,1,Clear,0,No,0000000,Not Applicable,99,Unknown,99,Unknown,99,Unknown EMS Scene Arrival Hour,99,Unknown EMS Scene Arrival Minutes,88,Not Applicable (Not Transported),88,Not Applicable (Not Transported),1
6,California,63826,0,0,2,2,0,4,4,37,LOS ANGELES (37),1440,GLENDORA,11,November,14,14,2,Monday,2022,6,6:00am-6:59am,37,37,SR-66,NA,3,State Highway,2,Urban,3,Principal Arterial - Other,4,City or Municipal Highway Agency,1,This section IS ON the NHS,0,No Special Jurisdiction,99998,Not Reported,34.12894444,34.12894444,-117.835875,-117.835875,33,Curb,0,The First Harmful Event was Not a Collision with a Motor Vehicle in Transport,0,No,1,Non-Junction,1,Not an Intersection,4,On Roadside,1,Construction,1,Daylight,1,Clear,0,No,026205T,026205T,99,Unknown,99,Unknown,99,Unknown EMS Scene Arrival Hour,99,Unknown EMS Scene Arrival Minutes,99,Unknown,99,Unknown EMS Hospital Arrival Time,1
6,California,63827,1,1,1,1,0,1,1,65,RIVERSIDE (65),1688,INDIO,11,November,2,2,4,Wednesday,2022,19,7:00pm-7:59pm,13,13,SR- 111,NA,3,State Highway,2,Urban,3,Principal Arterial - Other,1,State Highway Agency,1,This section IS ON the NHS,0,No Special Jurisdiction,542,542,33.710125,33.710125,-116.23948611,-116.23948611,8,Pedestrian,0,The First Harmful Event was Not a Collision with a Motor Vehicle in Transport,0,No,1,Non-Junction,1,Not an Intersection,1,On Roadway,0,None,3,Dark - Lighted,1,Clear,0,No,0000000,Not Applicable,19,7:00pm-7:59pm,14,14,19,7:00pm-7:59pm,17,17,99,Unknown,99,Unknown EMS Hospital Arrival Time,1
6,California,63828,0,0,2,2,0,2,2,37,LOS ANGELES (37),1980,LOS ANGELES,11,November,14,14,2,Monday,2022,9,9:00am-9:59am,30,30,WINNETKA AVE,BRAHMA DR,8,Other,2,Urban,3,Principal Arterial - Other,4,City or Municipal Highway Agency,0,This section IS NOT on the NHS,0,No Special Jurisdiction,99998,Not Reported,34.18223611,34.18223611,-118.57099444,-118.57099444,12,Motor Vehicle In-Transport,2,Front-to-Front,0,No,2,Intersection,2,Four-Way Intersection,1,On Roadway,0,None,1,Daylight,1,Clear,0,No,0000000,Not Applicable,99,Unknown,99,Unknown,99,Unknown EMS Scene Arrival Hour,99,Unknown EMS Scene Arrival Minutes,99,Unknown,99,Unknown EMS Hospital Arrival Time,1
6,California,63829,0,0,1,1,0,1,1,71,SAN BERNARDINO (71),4290,YUCAIPA,2,February,12,12,7,Saturday,2022,23,11:00pm-11:59pm,6,6,YUCAIPA BLVD,HAMPTON RD,6,Local Street - Municipality,2,Urban,3,Principal Arterial - Other,4,City or Municipal Highway Agency,1,This section IS ON the NHS,0,No Special Jurisdiction,99998,Not Reported,34.02821389,34.02821389,-117.11846389,-117.11846389,33,Curb,0,The First Harmful Event was Not a Collision with a Motor Vehicle in Transport,0,No,3,Intersection-Related,2,Four-Way Intersection,4,On Roadside,0,None,3,Dark - Lighted,98,Not Reported,0,No,0000000,Not Applicable,99,Unknown,98,Unknown if Notified,99,Unknown EMS Scene Arrival Hour,98,Unknown if Arrived,88,Not Applicable (Not Transported),88,Not Applicable (Not Transported),1
6,California,63830,0,0,1,1,0,1,1,67,SACRAMENTO (67),1108,ELK GROVE,11,November,2,2,4,Wednesday,2022,20,8:00pm-8:59pm,54,54,LAGUNA BLVD,NA,9,Unknown,2,Urban,3,Principal Arterial - Other,99,Unknown,0,This section IS NOT on the NHS,0,No Special Jurisdiction,99998,Not Reported,38.42787778,38.42787778,-121.46835,-121.46835,33,Curb,0,The First Harmful Event was Not a Collision with a Motor Vehicle in Transport,0,No,1,Non-Junction,1,Not an Intersection,3,On Median,0,None,3,Dark - Lighted,1,Clear,0,No,0000000,Not Applicable,20,8:00pm-8:59pm,55,55,21,9:00pm-9:59pm,30,30,88,Not Applicable (Not Transported),88,Not Applicable (Not Transported),1
6,California,63831,2,2,4,4,0,3,3,37,LOS ANGELES (37),1980,LOS ANGELES,9,September,22,22,5,Thursday,2022,6,6:00am-6:59am,58,58,I-105 RAMP,NA,1,Interstate,2,Urban,1,Interstate,1,State Highway Agency,1,This section IS ON the NHS,0,No Special Jurisdiction,70,70,33.92864444,33.92864444,-118.28666667,-118.28666667,12,Motor Vehicle In-Transport,11,Other,1,Yes,20,Entrance/Exit Ramp,1,Not an Intersection,1,On Roadway,0,None,4,Dawn,1,Clear,0,No,0000000,Not Applicable,7,7:00am-7:59am,8,8,99,Unknown EMS Scene Arrival Hour,99,Unknown EMS Scene Arrival Minutes,99,Unknown,99,Unknown EMS Hospital Arrival Time,1
6,California,63832,1,1,1,1,0,1,1,81,SAN MATEO (81),0,NOT APPLICABLE,11,November,7,7,2,Monday,2022,12,12:00pm-12:59pm,0,0,SAND HILL ROAD,NA,9,Unknown,2,Urban,4,Minor Arterial,99,Unknown,0,This section IS NOT on the NHS,0,No Special Jurisdiction,99998,Not Reported,37.41175556,37.41175556,-122.24066944,-122.24066944,9,Pedalcyclist,0,The First Harmful Event was Not a Collision with a Motor Vehicle in Transport,0,No,1,Non-Junction,1,Not an Intersection,1,On Roadway,0,None,1,Daylight,1,Clear,0,No,0000000,Not Applicable,99,Unknown,99,Unknown,99,Unknown EMS Scene Arrival Hour,99,Unknown EMS Scene Arrival Minutes,99,Unknown,99,Unknown EMS Hospital Arrival Time,1
6,California,63833,0,0,2,2,0,5,5,95,SOLANO (95),3040,RIO VISTA,11,November,17,17,5,Thursday,2022,15,3:00pm-3:59pm,10,10,SR-84 RIVER RD,NA,3,State Highway,2,Urban,5,Major Collector,1,State Highway Agency,0,This section IS NOT on the NHS,0,No Special Jurisdiction,4,4,38.16309167,38.16309167,-121.68354722,-121.68354722,12,Motor Vehicle In-Transport,2,Front-to-Front,0,No,1,Non-Junction,1,Not an Intersection,1,On Roadway,0,None,1,Daylight,1,Clear,0,No,0000000,Not Applicable,15,3:00pm-3:59pm,10,10,99,Unknown EMS Scene Arrival Hour,99,Unknown EMS Scene Arrival Minutes,99,Unknown,99,Unknown EMS Hospital Arrival Time,2
6,California,63834,0,0,2,2,0,4,4,71,SAN BERNARDINO (71),1603,HESPERIA,11,November,13,13,1,Sunday,2022,13,1:00pm-1:59pm,35,35,BEAR VALLEY RD,LOCUST AVE,8,Other,2,Urban,3,Principal Arterial - Other,4,City or Municipal Highway Agency,1,This section IS ON the NHS,0,No Special Jurisdiction,99998,Not Reported,34.47048611,34.47048611,-117.33432222,-117.33432222,12,Motor Vehicle In-Transport,6,Angle,0,No,2,Intersection,2,Four-Way Intersection,1,On Roadway,0,None,1,Daylight,1,Clear,0,No,0000000,Not Applicable,13,1:00pm-1:59pm,99,Unknown,13,1:00pm-1:59pm,99,Unknown EMS Scene Arrival Minutes,99,Unknown,99,Unknown EMS Hospital Arrival Time,1
6,California,63835,2,2,2,1,1,1,1,67,SACRAMENTO (67),3150,SACRAMENTO,12,December,6,6,3,Tuesday,2022,6,6:00am-6:59am,15,15,I-5,NA,1,Interstate,2,Urban,1,Interstate,1,State Highway Agency,1,This section IS ON the NHS,0,No Special Jurisdiction,204,204,38.53958056,38.53958056,-121.51221111,-121.51221111,14,Parked Motor Vehicle,0,The First Harmful Event was Not a Collision with a Motor Vehicle in Transport,1,Yes,19,Other location within Interchange Area,1,Not an Intersection,2,On Shoulder,0,None,3,Dark - Lighted,10,Cloudy,0,No,0000000,Not Applicable,6,6:00am-6:59am,17,17,6,6:00am-6:59am,99,Unknown EMS Scene Arrival Minutes,99,Unknown,99,Unknown EMS Hospital Arrival Time,2
6,California,63836,0,0,2,2,0,3,3,31,KINGS (31),0,NOT APPLICABLE,7,July,1,1,6,Friday,2022,23,11:00pm-11:59pm,45,45,JERSEY AV,NA,8,Other,1,Rural,7,Local,2,County Highway Agency,0,This section IS NOT on the NHS,0,No Special Jurisdiction,99998,Not Reported,36.24003333,36.24003333,-119.76716667,-119.76716667,12,Motor Vehicle In-Transport,6,Angle,0,No,8,Driveway Access Related,1,Not an Intersection,1,On Roadway,0,None,3,Dark - Lighted,1,Clear,0,No,0000000,Not Applicable,23,11:00pm-11:59pm,48,48,99,Unknown EMS Scene Arrival Hour,99,Unknown EMS Scene Arrival Minutes,99,Unknown,99,Unknown EMS Hospital Arrival Time,2
6,California,63837,1,1,1,1,0,1,1,65,RIVERSIDE (65),850,CORONA,7,July,20,20,4,Wednesday,2022,0,0:00am-0:59am,29,29,6TH ST,NA,8,Other,2,Urban,3,Principal Arterial - Other,4,City or Municipal Highway Agency,0,This section IS NOT on the NHS,0,No Special Jurisdiction,99998,Not Reported,33.87788889,33.87788889,-117.58996667,-117.58996667,8,Pedestrian,0,The First Harmful Event was Not a Collision with a Motor Vehicle in Transport,0,No,1,Non-Junction,1,Not an Intersection,1,On Roadway,0,None,3,Dark - Lighted,1,Clear,0,No,0000000,Not Applicable,99,Unknown,99,Unknown,99,Unknown EMS Scene Arrival Hour,99,Unknown EMS Scene Arrival Minutes,99,Unknown,99,Unknown EMS Hospital Arrival Time,1
6,California,63838,0,0,2,1,1,1,1,37,LOS ANGELES (37),0,NOT APPLICABLE,8,August,30,30,3,Tuesday,2022,11,11:00am-11:59am,36,36,CR-SUNNYRIDGE RD,NA,4,County Road,2,Urban,7,Local,2,County Highway Agency,0,This section IS NOT on the NHS,0,No Special Jurisdiction,99998,Not Reported,33.77350556,33.77350556,-118.35415278,-118.35415278,43,Other Fixed Object,0,The First Harmful Event was Not a Collision with a Motor Vehicle in Transport,0,No,1,Non-Junction,1,Not an Intersection,4,On Roadside,0,None,1,Daylight,1,Clear,0,No,0000000,Not Applicable,12,12:00pm-12:59pm,0,0,99,Unknown EMS Scene Arrival Hour,99,Unknown EMS Scene Arrival Minutes,88,Not Applicable (Not Transported),88,Not Applicable (Not Transported),1
6,California,63839,0,0,1,1,0,2,2,65,RIVERSIDE (65),850,CORONA,12,December,17,17,7,Saturday,2022,0,0:00am-0:59am,8,8,ONTARIO AV,NA,8,Other,2,Urban,3,Principal Arterial - Other,4,City or Municipal Highway Agency,1,This section IS ON the NHS,0,No Special Jurisdiction,99998,Not Reported,33.85423056,33.85423056,-117.56215,-117.56215,42,Tree (Standing Only),0,The First Harmful Event was Not a Collision with a Motor Vehicle in Transport,0,No,1,Non-Junction,1,Not an Intersection,4,On Roadside,0,None,3,Dark - Lighted,1,Clear,0,No,0000000,Not Applicable,99,Unknown,99,Unknown,99,Unknown EMS Scene Arrival Hour,99,Unknown EMS Scene Arrival Minutes,99,Unknown,99,Unknown EMS Hospital Arrival Time,2
6,California,63840,0,0,1,1,0,1,1,39,MADERA (39),0,NOT APPLICABLE,11,November,3,3,5,Thursday,2022,99,Unknown Hours,99,Unknown Minutes,ROAD 209,NA,8,Other,1,Rural,7,Local,2,County Highway Agency,0,This section IS NOT on the NHS,0,No Special Jurisdiction,99998,Not Reported,37.07065556,37.07065556,-119.79055556,-119.79055556,18,Other Object (not fixed),0,The First Harmful Event was Not a Collision with a Motor Vehicle in Transport,0,No,1,Non-Junction,1,Not an Intersection,4,On Roadside,0,None,1,Daylight,1,Clear,0,No,0000000,Not Applicable,17,5:00pm-5:59pm,29,29,99,Unknown EMS Scene Arrival Hour,99,Unknown EMS Scene Arrival Minutes,88,Not Applicable (Not Transported),88,Not Applicable (Not Transported),1
6,California,63841,1,1,1,1,0,2,2,89,SHASTA (89),2950,REDDING,11,November,19,19,7,Saturday,2022,20,8:00pm-8:59pm,20,20,STATE ST,NA,8,Other,2,Urban,7,Local,4,City or Municipal Highway Agency,0,This section IS NOT on the NHS,0,No Special Jurisdiction,99998,Not Reported,40.57228611,40.57228611,-122.38639167,-122.38639167,8,Pedestrian,0,The First Harmful Event was Not a Collision with a Motor Vehicle in Transport,0,No,1,Non-Junction,1,Not an Intersection,2,On Shoulder,0,None,2,Dark - Not Lighted,1,Clear,0,No,0000000,Not Applicable,99,Unknown,99,Unknown,99,Unknown EMS Scene Arrival Hour,99,Unknown EMS Scene Arrival Minutes,88,Not Applicable (Not Transported),88,Not Applicable (Not Transported),1
6,California,63842,0,0,2,2,0,2,2,73,SAN DIEGO (73),3260,SAN DIEGO,11,November,18,18,6,Friday,2022,12,12:00pm-12:59pm,0,0,GARNET AVE,MORRELL ST,8,Other,2,Urban,4,Minor Arterial,4,City or Municipal Highway Agency,0,This section IS NOT on the NHS,0,No Special Jurisdiction,99998,Not Reported,32.80139167,32.80139167,-117.23349167,-117.23349167,12,Motor Vehicle In-Transport,6,Angle,0,No,2,Intersection,2,Four-Way Intersection,1,On Roadway,0,None,1,Daylight,1,Clear,0,No,0000000,Not Applicable,12,12:00pm-12:59pm,99,Unknown,12,12:00pm-12:59pm,99,Unknown EMS Scene Arrival Minutes,12,12:00pm-12:59pm,99,Unknown EMS Hospital Arrival Time,1